sim_time,dt_used,n1_gDW,n2_gDW,mu_ipsc,lp_status,ode_nsteps,ode_status,adp_pre_clamp,adp_post_clamp,atp_drift,adp_drift,n_vars_clamped,A_tot_conserved,max_rel_dS,stab_warn,stab_halt,t_dfba_s,t_ode_s,t_update_s,t_step_wall,S_lac,dS_lac,stab_lac,S_nh4,dS_nh4,stab_nh4,S_arg,dS_arg,stab_arg,S_glc,dS_glc,stab_glc,S_gln,dS_gln,stab_gln,val_atp,val_adp,val_accoa,val_arg_c,val_Ptot,val_n_atp_eff,val_n1_gDW,val_n2_gDW,conv_all,conv_n_ok,conv_lac,conv_nh4,conv_arg,conv_glc,conv_gln,conv_atp,conv_adp,conv_accoa,conv_arg_c,conv_Ptot,conv_n_atp_eff,conv_n1_gDW,conv_n2_gDW
0.1,0.1,0.354530650177738,45,0.0748204109112251,optimal,89,success,0.0002789098176369467,0.00027890981764322476,0.0,6.2780726797773134e-15,0,True,0.17735455335827055,True,False,0.9038454000256024,0.031757400021888316,2.47000134550035e-05,0.9356709999847226,0.5886772766791353,0.08867727667913528,0.17735455335827055,0.32143241142368123,0.01143241142368122,0.036878746528003936,0.4992693750463049,-0.0007306249536950651,0.0014612499073901302,11.505463672,-0.061536328,0.005319990317281923,3.3203155108261604,-0.012684489173839898,0.0038057273248844575,10.159721090182357,0.00027890981764322476,0.15913821217869606,0.013387707722265479,39988.007517460566,9.997000449955005,0.354530650177738,45,False,0,False,False,False,False,False,False,False,False,False,False,False,False,False
0.2,0.1,0.35683290874747,45,0.07472826950659588,optimal,28,success,0.00023875905328803125,0.000238759053290849,0.0,2.8177601311268896e-15,0,True,0.14934270111748643,True,False,0.9191078000003472,0.009911299974191934,1.850002445280552e-05,0.9290552000165917,0.6765919312648833,0.08791465458574796,0.14934270111748643,0.33267029791098945,0.011237886487308226,0.03496189583848633,0.49854442291228146,-0.0007249521340234582,0.0014520260409648044,11.444406616719428,-0.06105705528057164,0.005306787889753779,3.3076277617693823,-0.012687749056777907,0.0038212480155601068,10.15976124094671,0.000238759053290849,0.26439540329750977,0.019422826206296807,39976.01863219541,9.994001799640051,0.35683290874747,45,False,0,False,False,False,False,False,False,False,False,False,False,False,False,False
0.30000000000000004,0.1,0.3591468369870671,45,0.07463692051546343,optimal,27,success,0.0002227266078459691,0.00022272660784494747,0.0,1.0216437071330908e-15,0,True,0.1288380046720586,True,False,0.915671199967619,0.009890299988910556,1.4499993994832039e-05,0.9255892999935895,0.7637626856662655,0.0871707544013822,0.1288380046720586,0.34375631375958154,0.011086015848592097,0.03332433318576074,0.4978258209635138,-0.0007186019487676707,0.0014414000352664825,11.383823157419005,-0.060583459300422804,0.005293717824733252,3.294936161133945,-0.012691600635437134,0.003837070417091883,10.159777273392155,0.00022272660784494747,0.3670377203897522,0.027506072920909768,39964.03334305704,9.991004048785273,0.3591468369870671,45,False,0,False,False,False,False,False,False,False,False,False,False,False,False,False
0.4,0.1,0.36147249609849125,45,0.07454634448455812,optimal,26,success,0.00021454246646036284,0.00021454246646079866,0.0,4.3582216828486064e-16,0,True,0.11317895704871307,True,False,0.9055319000035524,0.008758999989368021,1.4999997802078724e-05,0.9143203999847174,0.8502045498626974,0.086441864196432,0.11317895704871307,0.3547185605107083,0.01096224675112679,0.03188958664129042,0.4971140969450557,-0.0007117240184580694,0.0014296647310912233,11.323707701511061,-0.060115455907943746,0.005280779143935104,3.282240114066624,-0.012696047067321158,0.0038531997120550706,10.15978545753354,0.00021454246646079866,0.46756826305199883,0.03726246005743017,39952.05164896644,9.988007197120863,0.36147249609849125,45,False,0,False,False,False,False,False,False,False,False,False,False,False,False,False
0.5,0.1,0.36380994733276784,45,0.0744565258175432,optimal,25,success,0.0002098476936984604,0.00020984769369647438,0.0,1.986014434504635e-15,0,True,0.1008295912930423,True,False,0.9063716999953613,0.008942399988882244,1.5199999324977398e-05,0.915343800035771,0.9359303271408382,0.08572577727814078,0.1008295912930423,0.3655768380107438,0.010858277500035466,0.03061096516743356,0.4964096764235889,-0.000704420521466798,0.0014170198065106474,11.26405472965493,-0.059652971856132116,0.00526797171284913,3.26953902440799,-0.012701089658634304,0.0038696406165415883,10.159790152306304,0.00020984769369647438,0.5662934889565908,0.04844030949526025,39940.07354884512,9.985011244377105,0.36380994733276784,45,False,0,False,False,False,False,False,False,False,False,False,False,False,False,False
0.6,0.1,0.3661592520628492,45,0.07436745121097943,optimal,25,success,0.00020699159868241754,0.00020699159868442507,0.0,2.007535847628472e-15,0,True,0.09084125345184146,False,False,1.031995800032746,0.008337699982803315,1.5099998563528061e-05,1.0403646999620833,1.020951411201904,0.08502108406106579,0.09084125345184146,0.37634581392971117,0.010768975918967374,0.02945748964175594,0.49571291103428755,-0.0006967653893013355,0.0014036096039086517,11.204858789189952,-0.05919594046497778,0.005255295884627793,3.2568322957538993,-0.012706728654090641,0.003886397611171327,10.159793008401316,0.00020699159868442507,0.6634211866458476,0.0608608379958054,39928.09904161496,9.982016190284364,0.3661592520628492,45,False,0,False,False,False,False,False,False,False,False,False,False,False,False,False
0.7,0.1,0.36852047182899184,45,0.07427910882607662,optimal,25,success,0.00020521544642248293,0.00020521544641916023,0.0,3.322700187907701e-15,0,True,0.0825963204790745,False,False,0.9246947999927215,0.008712700044270605,1.6199948731809855e-05,0.9334367000265047,1.1052782411550999,0.08432682995319583,0.0825963204790745,0.3870367915593793,0.010690977629668134,0.028407324418028075,0.4950240965173583,-0.0006888145169292704,0.0013895432247106156,11.146114489867001,-0.058744299322950375,0.005242752312025992,3.244119332099355,-0.012712963654544355,0.0039034750641348355,10.159794784553581,0.00020521544641916023,0.7591011939709595,0.07439146930558377,39916.12812619823,9.97902203457309,0.36852047182899184,45,False,0,False,False,False,False,False,False,False,False,False,False,False,False,False
0.7999999999999999,0.1,0.3708936683685113,45,0.07419148781592866,optimal,24,success,0.00020412349287368383,0.00020412349287290965,0.0,7.741745612632744e-16,0,True,0.07567536641005783,False,False,0.941026599961333,0.008178400050383061,1.569994492456317e-05,0.94923430000199,1.1889205770395763,0.08364233588447645,0.07567536641005783,0.39765876580186676,0.010621974242487472,0.027444352769904163,0.4943434848571756,-0.0006806116601826917,0.001374906120673715,11.08781650089316,-0.05829798897384116,0.00523034184036421,3.231399538243256,-0.0127197938560993,0.003920877302583067,10.159795876507127,0.00020412349287290965,0.8534462830657892,0.08893049090393945,39904.16080151753,9.976028776973807,0.3708936683685113,45,False,0,False,False,False,False,False,False,False,False,False,False,False,False,False
0.8999999999999999,0.1,0.37327890363612093,45,0.07410457803922496,optimal,24,success,0.00020348997360095648,0.00020348997360031262,0.0,6.438534601305168e-16,0,True,0.06978354939425835,False,False,0.911678500007838,0.008390000031795353,1.5199999324977398e-05,0.9200973999686539,1.2718876748532677,0.08296709781369141,0.06978354939425835,0.40821908838581755,0.010560322583950807,0.02655624241717956,0.493671292799985,-0.0006721920571905858,0.0013597672019179006,11.029959548772524,-0.05785695212063534,0.005218065442909771,3.2186723200494893,-0.012727218193766468,0.003938608656447849,10.1597965100264,0.00020348997360031262,0.9465441342398871,0.10439767466148654,39892.19706649577,9.973036417217122,0.37327890363612093,45,False,0,False,False,False,False,False,False,False,False,False,False,False,False,False
0.9999999999999999,0.1,0.3756762398183202,45,0.07401836987838746,optimal,24,success,0.00020317713110194673,0.00020317713110884483,0.0,6.898100797167461e-15,0,True,0.06470754377411893,False,False,0.9152290999772958,0.008161799982190132,1.610000617802143e-05,0.9234202000079677,1.3541884022495978,0.08230072739633015,0.06470754377411893,0.4187239052360395,0.010504816850221905,0.02573328183098962,0.49300770803795285,-0.0006635847620321644,0.0013441834105209379,10.972538415653563,-0.05742113311896008,0.005205924179962221,3.2059370846160844,-0.012735235433405118,0.003956673487411513,10.159796822868891,0.00020317713110884483,1.038464713563821,0.12072825947951357,39880.23692005622,9.97004495503372,0.3756762398183202,45,False,0,False,False,False,False,False,False,False,False,False,False,False,False,False
1.0999999999999999,0.1,0.37808573934387363,45,0.07393285411935346,optimal,24,success,0.00020309638580294143,0.00020309638580151557,0.0,1.425861382089999e-15,0,True,0.060289185199370314,False,False,0.9634190000360832,0.008888799988199025,1.5700003132224083e-05,0.9723372999578714,1.4358313176276631,0.08164291537806538,0.060289185199370314,0.42917845438102065,0.010454549144981153,0.02496764339042884,0.49235289382923914,-0.0006548142087137013,0.0013282027806820662,10.915547938012017,-0.05699047764154637,0.005193919171906751,3.1931932403843537,-0.0127438442317305,0.003975076208726221,10.159796903614199,0.00020309638580151557,1.129265061773912,0.1378689360627654,39868.28036112245,9.967054390154372,0.37808573934387363,45,False,5,False,False,False,False,False,True,True,False,False,True,True,False,True
1.2,0.1,0.38050746489163473,45,0.07384802186939408,optimal,24,success,0.00020318833344020647,0.0002031883334403517,0.0,1.4522888100443332e-16,0,True,0.05640872096903804,False,False,0.9326721999677829,0.008366900030523539,1.6000005416572094e-05,0.9410683999885805,1.5168247257823282,0.08099340815466508,0.05640872096903804,0.4395872750054408,0.010408820624420178,0.024252896477369116,0.4917069925351115,-0.0006459012941276387,0.0013118665538942769,10.858983005563784,-0.05656493244823306,0.005182051580869599,3.180440197207308,-0.012753043177045684,0.003993821299556128,10.15979681166656,0.0002031883334403517,1.2189925307859553,0.15577507855041997,39856.327388618374,9.964064722309926,0.38050746489163473,45,False,5,False,False,False,False,False,True,True,False,False,True,True,False,True
1.3,0.1,0.38294147939651774,45,0.07376386449929269,optimal,23,success,0.00020341173707936612,0.00020341173707727478,0.0,2.0913446755616016e-15,0,True,0.05297381491213957,False,False,0.9228595999884419,0.007923400029540062,1.5300000086426735e-05,0.9308120000059716,1.5971767180600782,0.08035199227774992,0.05297381491213957,0.4499543579383785,0.01036708293293771,0.023583673874111564,0.4910701283861001,-0.0006368641490114278,0.0012952106817271892,10.80283856034021,-0.05614444522357527,0.005170322597872076,3.1676773663892845,-0.012762830818023606,0.004012913315971304,10.159796588262923,0.00020341173707727478,1.3076870435360732,0.17440878212005037,39844.37800146821,9.96107595123131,0.38294147939651774,45,False,5,False,False,False,False,False,True,True,False,False,True,True,False,True
1.4000000000000001,0.1,0.3853878460541443,45,0.07368037360161867,optimal,23,success,0.00020373713418930952,0.00020373713418919692,0.0,1.1259439561261964e-16,0,True,0.04991212495456367,False,False,0.9065957000129856,0.008198799972888082,1.8000020645558834e-05,0.9148271000012755,1.6768952019864127,0.07971848392633454,0.04991212495456367,0.46028325640485684,0.01032889846647834,0.022955435999783978,0.49044240968605524,-0.0006277187000448797,0.0012782669190404118,10.747109595881051,-0.05572896445915766,0.0051587334336136385,3.154904160705377,-0.012773205683907406,0.004032356899549748,10.159796262865811,0.00020373713418919692,1.395382715257039,0.19373743833090357,39832.43219859652,9.95808807664954,0.3853878460541443,45,False,5,False,False,False,False,False,True,True,False,False,True,True,False,True
1.5000000000000002,0.1,0.3878466283245244,45,0.07359754095994298,optimal,23,success,0.00020414295452681004,0.00020414295452475528,0.0,2.054752852240216e-15,0,True,0.04716616845487916,False,False,1.0023067999863997,0.008489199972245842,1.5300000086426735e-05,1.0108255000086501,1.7559879235644824,0.07909272157806975,0.04716616845487916,0.4705771691284996,0.010293912723642764,0.02236429976629092,0.4898239305977727,-0.0006184790882825548,0.0012610636357456508,10.691791156514752,-0.055318439366299516,0.005147285311717759,3.142119994406102,-0.012784166299275097,0.004052156784508091,10.159795857045475,0.00020414295452475528,1.482109043761893,0.21373267914808602,39820.48997892818,9.955101098295701,0.3878466283245244,45,False,5,False,False,False,False,False,True,True,False,False,True,True,False,True
1.6000000000000003,0.1,0.3903178899350192,45,0.07351535852567083,optimal,23,success,0.00020461307195558253,0.00020461307195596135,0.0,3.7882023906643525e-16,0,True,0.044689692762111044,False,False,0.9564247000380419,0.008350100019015372,1.5700003132224083e-05,0.9648048999952152,1.8344624843625565,0.07847456079807405,0.044689692762111044,0.48083900376654837,0.010261834638048748,0.021806911408501776,0.4892147726113712,-0.0006091579864014693,0.0012436264305381393,10.636878336704825,-0.05491281980992716,0.005135979463690472,3.129324283210715,-0.012795711195387086,0.004072317803956315,10.159795386928044,0.00020461307195596135,1.5678918008863991,0.2343695798116714,39808.551341388375,9.952115015900965,0.3903178899350192,45,False,5,False,False,False,False,False,True,True,False,False,True,True,False,True
1.7000000000000004,0.1,0.3928016948827625,45,0.0734338184002812,optimal,23,success,0.0002051352099942085,0.0002051352099989856,0.0,4.777103192188381e-15,0,True,0.04244506013368866,False,False,0.9891490999725647,0.007948199985548854,2.269999822601676e-05,0.997133600001689,1.9123263548243212,0.0778638704617646,0.04244506013368866,0.4910714260776472,0.010232422311098851,0.02128035003596918,0.48861500576818456,-0.0005997668431866072,0.0012259786023735995,10.582366280447317,-0.054512056257507865,0.00512481712509603,3.1165164442932527,-0.012807838917461956,0.004092844895039449,10.159794864790001,0.0002051352099989856,1.6527537118613684,0.2556260472700617,39796.61628490264,9.949129829196588,0.3928016948827625,45,False,5,False,False,False,False,False,True,True,False,False,True,True,False,True
1.8000000000000005,0.1,0.3952981074366671,45,0.07335291282150297,optimal,23,success,0.0002056998738517752,0.00020569987385421484,0.0,2.43964462347257e-15,0,True,0.04040133096344867,False,False,0.9510735999792814,0.007837200013455003,1.580000389367342e-05,0.9589403999852948,1.989586884795704,0.07726052997138277,0.04040133096344867,0.5012768985608846,0.010205472483237474,0.020782053162310864,0.48802468969346435,-0.000590316074720229,0.00120814151786467,10.528250180708408,-0.054116099738910045,0.005113799532614794,3.103695896261431,-0.012820548031821961,0.004113743104195087,10.159794300126146,0.00020569987385421484,1.7367149811118845,0.27748234412904804,39784.68480839681,9.94614553791391,0.3952981074366671,45,False,5,False,False,False,False,False,True,True,False,False,True,True,False,True
1.9000000000000006,0.1,0.39780719213911137,45,0.0732726341523717,optimal,22,success,0.0002062996173649855,0.00020629961736418068,0.0,8.048303776903021e-16,0,True,0.03853283702140148,False,False,1.0452790000126697,0.00820530002238229,1.7000013031065464e-05,1.0535156999831088,2.066251311967455,0.07666442717175073,0.03853283702140148,0.511457711199771,0.010180812638886415,0.020309758275544914,0.4874438744775794,-0.0005808152158849555,0.0011901349012685696,10.474525278894085,-0.05372490181432316,0.00510292792175159,3.090862059131556,-0.012833837129874993,0.004135017591554006,10.159793700382636,0.00020629961736418068,1.819793704839273,0.29992071321831715,39772.75691079704,9.943162141784336,0.39780719213911137,45,False,5,False,False,False,False,False,True,True,False,False,True,True,False,True
2.0000000000000004,0.1,0.4003290138073744,45,0.07319297487246187,optimal,22,success,0.0002069285288036065,0.0002069285288044398,0.0,8.332906847180466e-16,0,True,0.03681810452012583,False,False,0.9588479000376537,0.007477699953597039,1.4999997802078724e-05,0.9663541000336409,2.1423267687363197,0.07607545676886487,0.03681810452012583,0.5216160062042287,0.010158295004457588,0.019861456347247924,0.4868726014357045,-0.0005712730418749158,0.0011719770660513086,10.421186864345865,-0.053338414548220636,0.0050922035250319415,3.0780143542992353,-0.012847704832320807,0.004156673635552227,10.159793071471196,0.0002069285288044398,1.9020061987969041,0.32292507798470627,39760.832591029844,9.940179640539355,0.4003290138073744,45,False,5,False,False,False,False,False,True,True,False,False,True,True,False,True
2.1000000000000005,0.1,0.40286363753487314,45,0.07311392757075158,optimal,22,success,0.00020758186320693955,0.00020758186320790628,0.0,9.667288670967e-16,0,True,0.03523903085900448,False,False,1.0069534999784082,0.007577200012747198,1.7700018361210823e-05,1.0145623999997042,2.2178202878498903,0.07549351911357052,0.03523903085900448,0.5317537981290413,0.010137791924812666,0.01943535436840757,0.486310903768969,-0.0005616976667354729,0.0011536851017681464,10.36823027385795,-0.05295659048791459,0.005081627570569301,3.065152204508184,-0.012862149791051346,0.004178716636940325,10.159792418136792,0.00020758186320790628,1.9833672616290579,0.34648080080447263,39748.91184802202,9.937198033910548,0.40286363753487314,45,False,5,False,False,False,False,False,True,True,False,False,True,True,False,True
2.2000000000000006,0.1,0.40541112869224233,45,0.07303548493976347,optimal,22,success,0.0002082557748906412,0.00020825577488992053,0.0,7.206691840511148e-16,0,True,0.03378024796095759,False,False,1.061252500046976,0.00741829996695742,1.5600002370774746e-05,1.0686997000011615,2.2927388071063017,0.07491851925641163,0.03378024796095759,0.5418729903908726,0.010119192261831205,0.019029844821861656,0.48575880714487524,-0.000552096624093779,0.0011352750263565192,10.315650891212302,-0.05257938264564879,0.00507120128091873,3.0522750338159805,-0.01287717069220367,0.004201152123298838,10.15979174422511,0.00020825577488992053,2.063890388610795,0.3705744860810984,39736.99468070071,9.93421732162957,0.40541112869224233,45,False,5,False,False,False,False,False,True,True,False,False,True,True,False,True
2.3000000000000007,0.1,0.407971552928288,45,0.07295763977067965,optimal,22,success,0.00020894711980998587,0.00020894711980901093,0.0,9.749416985532777e-16,0,True,0.03242862465349593,False,False,0.9479471999802627,0.007694399973843247,1.5099998563528061e-05,0.955669199989643,2.367089173310456,0.07435036620415426,0.03242862465349593,0.5519753889482539,0.01010239855738134,0.018643480550846636,0.4852163302109478,-0.000542476933927451,0.0011167619113607956,10.263444146728855,-0.05220674448344721,0.005060925872154233,3.0393822675584663,-0.012892766257514345,0.004223985753143516,10.159791052880191,0.00020894711980901093,2.14358794676197,0.39519381836348044,39725.08108799335,9.93123750342816,0.407971552928288,45,False,5,False,False,False,False,False,True,True,False,False,True,True,False,True
2.400000000000001,0.1,0.41054497617083957,45,0.07288038494922722,optimal,22,success,0.00020965330745814214,0.00020965330745958966,0.0,1.447518320485397e-15,0,True,0.03117287390832857,False,False,0.929242999991402,0.008019700006116182,1.7000013031065464e-05,0.9372945000068285,2.4408781456398327,0.07378897232937656,0.03117287390832857,0.5620627137243555,0.010087324776101492,0.01827495388032083,0.4846834850526722,-0.0005328451582755426,0.0010981599857611722,10.211605516828719,-0.05183862990013557,0.0050508025531232105,3.0264733323134325,-0.012908935245033712,0.004247223319955555,10.15979034669254,0.00020965330745958966,2.2224713195552845,0.42032742813120233,39713.17106882772,9.92825857903813,0.41054497617083957,45,False,5,False,False,False,False,False,True,True,False,False,True,True,False,True
2.500000000000001,0.1,0.41313146462752015,45,0.07280371345218545,optimal,22,success,0.00021037218845632453,0.0002103721884552101,0.0,1.1144243080435379e-15,0,True,0.030003240034225734,False,False,0.9175993000390008,0.00774129998171702,1.5099998563528061e-05,0.9253690000041388,2.5141123985377605,0.0732342528979277,0.030003240034225734,0.5721366082191461,0.010073894494790635,0.01792307913122135,0.48416027760456304,-0.0005232074481091907,0.001079482722734677,10.160130523608625,-0.05147499322009431,0.005040832524842793,3.0135476558627423,-0.012925676450690047,0.004270870756627377,10.159789627811545,0.0002103721884552101,2.3005510274529906,0.44596477964551634,39701.26462213193,9.925280548191381,0.41313146462752015,45,False,5,False,False,False,False,False,True,True,False,False,True,True,False,True
2.600000000000001,0.1,0.41573108478645,45,0.07272761834437748,optimal,22,success,0.00021110196823092292,0.00021110196822782257,0.0,3.1003574273852363e-15,0,True,0.028911247456125246,False,False,0.9580481000011787,0.007906999962870032,1.5700003132224083e-05,0.9659849000163376,2.586798524224398,0.07268612568663776,0.028911247456125246,0.5821986476551978,0.010062039436051683,0.01758677786301975,0.48364670802149046,-0.0005135695830725765,0.001060742912684864,10.109014734425223,-0.05111578918340226,0.005031016980010922,3.000604667154067,-0.012942988708675121,0.004294934139665928,10.159788898031772,0.00021110196822782257,2.377836829053393,0.4720960765535319,39689.3617468344,9.922303410619888,0.41573108478645,45,False,5,False,False,False,False,False,True,True,False,False,True,True,False,True
2.700000000000001,0.1,0.4183439034168968,45,0.0726520927760623,optimal,22,success,0.0002118411400089795,0.00021184114000938337,0.0,4.038653092508504e-16,0,True,0.027889497383153335,False,False,0.966590600030031,0.007346599944867194,1.5700003132224083e-05,0.9739855999941938,2.6589430348964993,0.07214451067210126,0.027889497383153335,0.5922503459273835,0.010051698272185636,0.017265066335466085,0.4831427710160631,-0.0005039370054273399,0.0010419527251386725,10.058253761488114,-0.05076097293710984,0.005021357102611445,2.987643796261936,-0.012960870892130789,0.004319419693639138,10.15978815885999,0.00021184114000938337,2.454337806551599,0.4987121818924614,39677.462441863856,9.919327166055709,0.4183439034168968,45,False,5,False,False,False,False,False,True,True,False,False,True,True,False,True
2.800000000000001,0.1,0.4209699875698815,45,0.07257712998064753,optimal,21,success,0.0002125884322932836,0.00021258843229254865,0.0,7.349535476736113e-16,0,True,0.026931502042426423,False,False,1.086143299995456,0.007834099989850074,1.5300000086426735e-05,1.094006100029219,2.7305523646715097,0.07160932977501058,0.026931502042426423,0.6022931615693942,0.010042815642010686,0.016957044788694895,0.4826484561668147,-0.0004943148492484393,0.0010231237615516444,10.007843261460676,-0.05041050002743709,0.005011854067597006,2.9746644743487227,-0.012979321913213347,0.004344333795565839,10.159787411567708,0.00021258843229254865,2.530062438412227,0.5258045498628194,39665.566706149366,9.916351814230978,0.4209699875698815,45,False,5,False,False,False,False,False,True,True,False,False,True,True,False,True
2.9000000000000012,0.1,0.42360940457874946,45,0.07250272327267168,optimal,21,success,0.00021334276731019354,0.0002133427673101096,0.0,8.394435320469018e-17,0,True,0.026031548623182944,False,False,0.9210028999950737,0.006871000048704445,1.4699995517730713e-05,0.9279022999689914,2.8016328713206033,0.07108050664909357,0.026031548623182944,0.6123285029068825,0.010035341337488247,0.016661888226223883,0.4821637482011122,-0.0004847079657025137,0.0010042671006389528,9.95777893506794,-0.05006432639273529,0.005002509040637018,2.961666133625077,-0.012998340723645684,0.004369682979621276,10.15978665723269,0.0002133427673101096,2.605018661539834,0.5533651672883899,39653.67453862032,9.913377354877921,0.42360940457874946,45,False,5,False,False,False,False,False,True,True,False,False,True,True,False,True
3.0000000000000013,0.1,0.4262622220597125,45,0.07242886604599869,optimal,21,success,0.00021410322786267694,0.00021410322786508118,0.0,2.4042454225409182e-15,0,True,0.02518458689831036,False,False,0.9590146000264212,0.00739909999538213,1.550000160932541e-05,0.9664432999561541,2.87219083782554,0.0705579665049365,0.02518458689831036,0.6223577325325391,0.010029229625656683,0.01637883844708408,0.48168862725603956,-0.0004751209450726012,0.0009853933375232238,9.908056526710856,-0.049722408357083345,0.004993323177920508,2.9486482073110105,-0.013017926314066283,0.004395473941599336,10.159785896772135,0.00021410322786508118,2.679213924767765,0.5813865031021451,39641.78593820642,9.910403787728834,0.4262622220597125,45,False,5,False,False,False,False,False,True,True,False,False,True,True,False,True
3.1000000000000014,0.1,0.42892850791236886,45,0.07235555177220666,optimal,21,success,0.00021486903067681506,0.00021486903067824414,0.0,1.4290868835531434e-15,0,True,0.024386135851718508,False,False,0.9148132000118494,0.00790430000051856,1.5600002370774746e-05,0.9227471000049263,2.9422324737888146,0.07004163596327481,0.024386135851718508,0.6323821712143286,0.010024438681789535,0.016107197127602845,0.4812230691199756,-0.0004655581360639589,0.0009665126177382083,9.858671824086437,-0.0493847026244182,0.004984297626006003,2.9356101295959114,-0.013038077715099244,0.004421713544115588,10.159785130969322,0.00021486903067824414,2.7526552351214346,0.6098614645233512,39629.90090383768,9.907431112516093,0.42892850791236886,45,False,5,False,False,False,False,False,True,True,False,False,True,True,False,True
3.2000000000000015,0.1,0.43160833032020496,45,0.07228277399912009,optimal,21,success,0.00021563950481629546,0.00021563950481429117,0.0,2.0042832411110156e-15,0,True,0.023632205663590936,False,False,1.0769105000072159,0.008857999986503273,1.6700010746717453e-05,1.085803699970711,3.0117639167194876,0.06953144293067319,0.023632205663590936,0.6424031013249073,0.010020930110578648,0.015846319783709286,0.4807670454571517,-0.0004560236628238679,0.0009476346669286024,9.809620657813324,-0.049051166273113296,0.004975433521711599,2.922551335599119,-0.013058793996792255,0.004448408821436315,10.159784360495186,0.00021563950481429117,2.825349198035172,0.6387833588459273,39618.01943444446,9.904459328972159,0.43160833032020496,45,False,5,False,False,False,False,False,True,True,False,False,True,True,False,True
3.3000000000000016,0.1,0.4343017577510828,45,0.07221052634946892,optimal,21,success,0.00021641407408118414,0.0002164140740834597,0.0,2.275550624666889e-15,0,True,0.022919232185112878,False,False,1.0007615000358783,0.007610499975271523,1.7400016076862812e-05,1.0084033999592066,3.0807912332135263,0.0690273164940389,0.022919232185112878,0.6524217698649665,0.010018668540059181,0.01559561048101487,0.4803205240171229,-0.000446521440028841,0.0009287688169313951,9.760898901062383,-0.048721756750940814,0.0049667319920402965,2.9094712613312965,-0.013080074267822716,0.004475566984400402,10.159783585925917,0.0002164140740834597,2.8973020524789153,0.6681458599583591,39606.14152895743,9.901488436829572,0.4343017577510828,45,False,5,False,False,False,False,False,True,True,False,False,True,True,False,True
3.4000000000000017,0.1,0.4370088589577177,45,0.07213880251966957,optimal,21,success,0.000217192242564683,0.00021719224256422365,0.0,4.593493554277961e-16,0,True,0.022244021630785187,False,False,1.0345724999788217,0.007028300024103373,1.4199991710484028e-05,1.0416280999779701,3.1493204200450613,0.06852918683153505,0.022244021630785187,0.6624393911423754,0.010017621277408854,0.01535451718522855,0.4798834688307935,-0.000437055186329334,0.0009099240288007211,9.71250246919202,-0.04839643187036296,0.004958194154136302,2.8963693436549236,-0.01310191767637314,0.004503195426091973,10.159782807757436,0.00021719224256422365,2.9685197017777427,0.6979429788742315,39594.26718630757,9.898518435820948,0.4370088589577177,45,False,5,False,False,False,False,False,True,True,False,False,True,True,False,True
3.5000000000000018,0.1,0.4397297029781473,45,0.07206759627868813,optimal,21,success,0.00021797358273113724,0.0002179735827319007,0.0,7.634680648099801e-16,0,True,0.021603703676070556,False,False,0.9835054000141099,0.007725799980107695,1.5400000847876072e-05,0.991261100047268,3.217357405180713,0.06803698513565155,0.021603703676070556,0.6724571491556378,0.01001775801326242,0.015122527656434829,0.4794558403944026,-0.00042762843639093304,0.0008911089132385063,9.664427319387915,-0.048075149804104364,0.0049498211152685274,2.8832450202453117,-0.0131243234096118,0.00453130172723422,10.159782026417268,0.0002179735827319007,3.0390077407682665,0.728169037679191,39582.396405426196,9.89554932567899,0.4397297029781473,45,False,6,False,False,True,False,False,True,True,False,False,True,True,False,True
3.600000000000002,0.1,0.44246435913619636,45,0.07199690146698583,optimal,21,success,0.00021875772552055667,0.00021875772551638306,0.0,4.173609157928637e-15,0,True,0.020995691507016825,False,False,0.9514696000260301,0.007438100001309067,1.6000005416572094e-05,0.9589369000168517,3.2849080487277034,0.06755064354699038,0.020995691507016825,0.6824761997231145,0.010019050567476656,0.014899165813103405,0.4790375958426719,-0.0004182445517306745,0.0008723317488147076,9.616669450306944,-0.04775786908097057,0.004941613972838616,2.8700977295520724,-0.013147290693239128,0.004559893661802122,10.159781242274484,0.00021875772551638306,3.1087714798248407,0.7588186464018307,39570.52918524494,9.892581106136483,0.44246435913619636,45,False,6,False,False,True,False,False,True,True,False,False,True,True,False,True
3.700000000000002,0.1,0.44521289704193795,45,0.0719267119955331,optimal,21,success,0.0002195443520925459,0.00021954435209536882,0.0,2.8229100914461958e-15,0,True,0.020417647648607852,False,False,0.9943912999588065,0.008491499989759177,1.7300015315413475e-05,1.0029156999662519,3.3519781438247014,0.0670700950969982,0.020417647648607852,0.6924976723928665,0.010021472669752084,0.014683988502189334,0.4786286891121579,-0.0004089067305140064,0.0008536004982963837,9.569224901725063,-0.04744454858188121,0.004933573814411067,2.8569269107609707,-0.013170818791101633,0.0045889792028639955,10.159780455647905,0.00021954435209536882,3.177815966198864,0.7898866823981671,39558.66552469574,9.88961377692628,0.44521289704193795,45,False,6,False,False,True,False,False,True,True,False,False,True,True,False,True
3.800000000000002,0.1,0.44797538659215325,45,0.07185702184488423,optimal,21,success,0.00022033318690456368,0.0002203331869026215,0.0,1.9421855616819084e-15,0,True,0.019867454619567987,False,False,1.0146105000167154,0.007678000023588538,1.6599951777607203e-05,1.0223189999815077,3.4185734174829223,0.06659527365822099,0.019867454619567987,0.7025226721622442,0.010024999769377613,0.014476582621190745,0.4782290710957068,-0.00039961801645110797,0.0008349228233526653,9.52208975418897,-0.04713514753609232,0.004925701717763491,2.843732003756083,-0.013194907004887391,0.0046185665286665656,10.159779666813098,0.0002203331869026215,3.24614600304176,0.8213682719061866,39546.80542271087,9.886647337781323,0.44797538659215325,45,False,6,False,False,True,False,False,True,True,False,False,True,True,False,True
3.900000000000002,0.1,0.45075189797079235,45,0.07178782506430789,optimal,21,success,0.00022112399188243387,0.0002211239918814556,0.0,9.782756202336707e-16,0,True,0.0193431896366792,False,False,0.8986309999600053,0.007413800049107522,1.5799945686012506e-05,0.9060743000009097,3.484699531384205,0.06612611390128266,0.0193431896366792,0.7125522810328011,0.010029608870556966,0.01427656254806347,0.47783868978879745,-0.00039038130690935197,0.0008163060978600064,9.475260128671385,-0.04682962551758512,0.004917998750955248,2.8305124490814033,-0.013219554674679987,0.004648664029247207,10.159778876008119,0.0002211239918814556,3.313766166422878,0.853258773481502,39534.94887822293,9.883681788434634,0.45075189797079235,45,False,6,False,False,True,False,False,True,True,False,False,True,True,False,True
4.000000000000002,0.1,0.4535425016494362,45,0.07171911577094889,optimal,21,success,0.00022191656148988948,0.0002219165614913976,0.0,1.5081252219273367e-15,0,True,0.01884310273082469,False,False,0.9348446999792941,0.007798900012858212,1.680001150816679e-05,0.9426748999976553,3.5503620826401345,0.06566255125592924,0.01884310273082469,0.7225875594187672,0.010035278385966082,0.014083567835079493,0.4774574904284571,-0.00038119936034036956,0.0007977574199963966,9.428732186229784,-0.046527942441601966,0.004910465972412948,2.817267687904448,-0.013244761176955694,0.004679280312387979,10.159778083438509,0.0002219165614913976,3.38068082060483,0.8855537630700194,39523.09589016482,9.880717128619308,0.4535425016494362,45,False,6,False,False,True,False,False,True,True,False,False,True,True,False,True
4.100000000000001,0.1,0.45634726838776224,45,0.07165088814905071,optimal,21,success,0.000222710718541703,0.00022271071853907642,0.0,2.626588183063383e-15,0,True,0.01836559775051031,False,False,1.1382976000313647,0.008617199957370758,2.1700048819184303e-05,1.1469539000536315,3.6155666045185675,0.06520452187843276,0.01836559775051031,0.7326295474306648,0.010041988011897627,0.013897261142961238,0.4770854156253511,-0.000372074803105972,0.0007792836232856717,9.382502127668467,-0.04623005856131793,0.004903104431032068,2.803997161978204,-0.013270525926243719,0.004710424211096056,10.159777289281461,0.00022271071853907642,3.4468941317988975,0.9182490205103938,39511.24645746977,9.877753358068531,0.45634726838776224,45,False,6,False,False,True,False,False,True,True,False,False,True,True,False,True
4.200000000000001,0.1,0.4591662692340134,45,0.07158313644918882,optimal,21,success,0.00022350631063525975,0.00022350631063616788,0.0,9.081277396738585e-16,0,True,0.01790921581692996,False,False,1.1094408999779262,0.007604900049045682,1.6599951777607203e-05,1.1170779000385664,3.680318567139375,0.06475196262080768,0.01790921581692996,0.7426792660449886,0.010049718614323782,0.013717326375339614,0.4767224054895774,-0.0003630101357737373,0.0007608912867267449,9.336566193203838,-0.045935934464628375,0.004895915166292999,2.7907003136055444,-0.013296848372659764,0.004742104789891768,10.159776493689364,0.00022350631063616788,3.512410080589621,0.9513405172898917,39499.40057907134,9.874790476515567,0.4591662692340134,45,False,6,False,False,True,False,False,True,True,False,False,True,True,False,True
4.300000000000001,0.1,0.46199957552547255,45,0.07151585498755939,optimal,21,success,0.00022430320709842104,0.000224303207099652,0.0,1.2309760415857296e-15,0,True,0.01747262087026958,False,False,0.9446036000153981,0.006891599972732365,1.4099990949034691e-05,0.9515216000145301,3.7446233781448153,0.06430481100544008,0.01747262087026958,0.7527377181773156,0.010058452132327072,0.013543467001430696,0.4763683977506334,-0.00035400773894400585,0.0007425867441251312,9.29092066213279,-0.0456455310710485,0.004888899208391437,2.777376585601905,-0.013323728003639283,0.004774331352844268,10.1597756967929,0.000224303207099652,3.5772324731903966,0.9848244054026348,39487.55825390341,9.87182848369375,0.46199957552547255,45,False,6,False,False,True,False,False,True,True,False,False,True,True,False,True
4.4,0.1,0.4648472588889429,45,0.07144903814527034,optimal,21,success,0.00022510129637084853,0.0002251012963707666,0.0,8.1938579185592e-17,0,True,0.01705458700416302,False,False,0.9144974999944679,0.006772099994122982,1.4199991710484028e-05,0.9212962000165135,3.8084863833452087,0.06386300520039359,0.01705458700416302,0.7628058896655892,0.010068171488273554,0.013375404533537518,0.4760233278719733,-0.0003450698786600775,0.0007243760927245907,9.245561852504082,-0.045358809628707336,0.004882057578381574,2.764025421260596,-0.013351164341309004,0.004807113450340973,10.15977489870363,0.0002251012963707666,3.6413649516685505,1.0186970071807724,39475.719480900145,9.86886737933651,0.4648472588889429,45,False,6,False,False,True,False,False,True,True,False,False,True,True,False,True
4.5,0.1,0.467709391241235,45,0.07138268036768194,optimal,20,success,0.00022590048375029995,0.0002259004837519285,0.0,1.628552978236164e-15,0,True,0.016653987336460233,False,False,0.9675745000131428,0.006660599960014224,1.4399993233382702e-05,0.9742631000117399,3.871912867344521,0.06342648399931233,0.016653987336460233,0.7728847501777213,0.01007886051213219,0.013212877153518989,0.4756871291605258,-0.00033619871144749543,0.0007062652012254244,9.200486120792647,-0.04507573171143607,0.004875391288332325,2.7506462643164626,-0.013379156944133252,0.00484046088766846,10.159774099516248,0.0002259004837519285,3.7048110032590014,1.0529548059868639,39463.88425899608,9.865907163177335,0.467709391241235,45,False,6,False,False,True,False,False,True,True,False,False,True,True,False,True
4.6,0.1,0.4705860447896613,45,0.07131677616374973,optimal,20,success,0.00022670068944799428,0.00022670068944741217,0.0,5.821081464074673e-16,0,True,0.0162697842023029,False,False,0.9431659000110812,0.00765539996791631,1.6300007700920105e-05,0.9508515999768861,3.9349080541463364,0.0629951868018152,0.0162697842023029,0.7829752540484654,0.010090503870744012,0.013055638461521912,0.4753597328715049,-0.0003273962890208985,0.0006882597172613746,9.155689861576711,-0.044796259215935,0.004868901341495168,2.737238558911191,-0.013407705405271399,0.004874383732727342,10.159773299310553,0.00022670068944741217,3.7675739688695735,1.087594437671107,39452.05258712602,9.862947834949807,0.4705860447896613,45,False,6,False,False,True,False,False,True,True,False,False,True,True,False,True
4.699999999999999,0.1,0.47347729203253847,45,0.07125132010539853,optimal,20,success,0.00022750184690643237,0.00022750184690423225,0.0,2.20011725851621e-15,0,True,0.0159010204903694,False,False,0.9427249999716878,0.00724060001084581,1.7200014553964138e-05,0.9499970999895595,3.9974771077430367,0.06256905359670048,0.0159010204903694,0.7930783410551293,0.010103087006663904,0.012903456340956765,0.47504106830881215,-0.00031866456269275933,0.000670365074399135,9.111169507217692,-0.044520354359019174,0.004862588732483811,2.723801749558338,-0.013436809352853334,0.004908892324751621,10.159772498153096,0.00022750184690423225,3.829657050867169,1.122612682709681,39440.22446422514,9.859989394387597,0.47347729203253847,45,False,6,False,False,True,False,False,True,True,False,False,True,True,False,True
4.799999999999999,0.1,0.476383205759698,45,0.07118630682690515,optimal,20,success,0.00022830390134106812,0.00022830390134309653,0.0,2.028406739448818e-15,0,True,0.015546811969374656,False,False,0.9642797000124119,0.007680999988224357,1.850002445280552e-05,0.9719956999761052,4.059625132688997,0.062148024945960625,0.015546811969374656,0.803194937136493,0.01011659608136371,0.012756111921937449,0.4747310629212989,-0.0003100053875132432,0.0006525864987144996,9.066921527542759,-0.04424797967493366,0.004856454447464869,2.7103352811097063,-0.013466468448631752,0.004943997282774096,10.159771696098657,0.00022830390134309653,3.891063320221452,1.1580064589514671,39428.399889228895,9.857031841224435,0.476383205759698,45,False,6,False,False,True,False,False,True,True,False,False,True,True,False,True
4.899999999999999,0.1,0.4793038590530072,45,0.07112173102431,optimal,20,success,0.00022910680847360387,0.00022910680847587628,0.0,2.272406438366681e-15,0,True,0.015206340475681564,False,False,0.9513935000286438,0.007417299959342927,1.6300007700920105e-05,0.9588411999866366,4.1213571746603,0.06173204197130284,0.015206340475681564,0.8133259550628921,0.010131017926399085,0.012613398638340077,0.4744296423951317,-0.00030142052616724264,0.0006349290149930893,9.022942429530023,-0.043979098012736154,0.0048504994643595424,2.6968385987208854,-0.013496682388821051,0.004979709515235708,10.159770893191524,0.00022910680847587628,3.9517957230742193,1.193772814909585,39416.578861073074,9.854075175194152,0.4793038590530072,45,False,6,False,False,True,False,False,True,True,False,False,True,True,False,True
4.999999999999998,0.1,0.4822393252868985,45,0.07105758745483223,optimal,20,success,0.00022991053343007808,0.00022991053342558132,0.0,4.496755615437942e-15,0,True,0.014878847850914223,False,False,1.024480499967467,0.007048500003293157,1.479999627918005e-05,1.0315568000078201,4.1826782210013445,0.06132104634104432,0.014878847850914223,0.8234722950608983,0.010146339998006168,0.012475121364129566,0.47413673074248086,-0.00029291165265081233,0.0006173974525960564,8.979228756996283,-0.04371367253373917,0.004844724753055538,2.6833111478176783,-0.013527450903207113,0.005016040229334898,10.159770089466575,0.00022991053342558132,4.011857086792852,1.2299089235422216,39404.76137869378,9.851119396030636,0.4822393252868985,45,False,6,False,False,True,False,False,True,True,False,False,True,True,False,True
5.099999999999998,0.1,0.4851896781289088,45,0.0709938709362972,optimal,20,success,0.00023071504978101594,0.0002307150497795618,0.0,1.4541319537375585e-15,0,True,0.014563630535104335,False,False,0.9300003999960609,0.006889700016472489,1.669995253905654e-05,0.9369207000127062,4.243593201259236,0.060914980257891056,0.014563630535104335,0.8336348453960071,0.010162550335108806,0.012341095621628965,0.4738522503867339,-0.00028448035574694263,0.0005999964510268099,8.935777090287273,-0.04345166670901067,0.0048391312756292945,2.669752374063849,-0.01355877375382919,0.005053000940594035,10.15976928495022,0.0002307150497795618,4.0712501255594296,1.266412076473959,39392.94744102745,9.848164503467869,0.4851896781289088,45,False,6,False,False,True,False,False,True,True,False,False,True,True,False,True
5.1999999999999975,0.1,0.48815499154023023,45,0.07093057634658761,optimal,20,success,0.00023152033870451488,0.00023152033870132982,0.0,3.1850607221106664e-15,0,True,0.014260034734424791,False,False,0.9577837999677286,0.007576700008939952,1.750001683831215e-05,0.9653926999890245,4.304106987707962,0.0605137864487256,0.014260034734424791,0.8438144829196385,0.010179637523631418,0.01221114685866534,0.4735761222444156,-0.00027612814231830465,0.0005827304652303392,8.892584045970342,-0.04319304431693096,0.004833719986578399,2.6561617233280947,-0.01359065073575448,0.005090603483598381,10.159768479661299,0.00023152033870132982,4.129977445540798,1.303279678614625,39381.137047010816,9.845210497239918,0.48815499154023023,45,False,6,False,False,True,False,False,True,True,False,False,True,True,False,True
5.299999999999997,0.1,0.4911353397762711,45,0.0708676986230974,optimal,20,success,0.0002323263882563374,0.00023232638825554375,0.0,7.936630953137014e-16,0,True,0.013967452093127053,False,False,0.9985774999950081,0.007520499988459051,1.6000005416572094e-05,1.00612859998364,4.364224395862466,0.060117408154504344,0.013967452093127053,0.8540120735823097,0.01019759066267125,0.01208510978312093,0.4733082658039835,-0.00026785644043207456,0.000565603770651748,8.849646276529542,-0.04293776944079887,0.004828491833063534,2.6425386416517274,-0.013623081676367247,0.005128860022611092,10.159767673611745,0.00023232638825554375,4.188041549679283,1.3405092431378487,39369.330195580966,9.84225737708092,0.4911353397762711,45,False,6,False,False,True,False,False,True,True,False,False,True,True,False,True
5.399999999999997,0.1,0.49413079738722826,45,0.07080523276219768,optimal,20,success,0.00023313319273325902,0.0002331331927329927,0.0,2.6630715861675203e-16,0,True,0.013685315809543954,False,False,0.9565432000090368,0.007500600011553615,1.5600002370774746e-05,0.9640725999488495,4.42395018498356,0.05972578912109401,0.013685315809543954,0.8642284729159728,0.010216399333663194,0.01196282775114483,0.4730485992016529,-0.0002596666023306447,0.0005486204680781624,8.806960470063055,-0.04268580646648716,0.0048234477551600775,2.6288825752167098,-0.013656066435017721,0.005167783062760419,10.159766866807267,0.0002331331927329927,4.245444842139113,1.378098386785799,39357.52688567526,9.839305142725088,0.49413079738722826,45,False,6,False,False,True,False,False,True,True,False,False,True,True,False,True
5.4999999999999964,0.1,0.4971414392186703,45,0.07074317381870807,optimal,20,success,0.00023394075211809643,0.00023394075211591314,0.0,2.1832850197883724e-15,0,True,0.013413097143773207,False,False,0.9931876999908127,0.006950400013010949,1.550000160932541e-05,1.0001672999933362,4.483289058573957,0.05933887359039794,0.013413097143773207,0.8744645264880017,0.010236053572028787,0.01184415220374719,0.47279703929439265,-0.00025155990726024175,0.0005317844882846929,8.76452334998291,-0.04243712008014434,0.004818588686119139,2.6151929703148102,-0.013689604901899733,0.005207385461395605,10.159766059247884,0.00023394075211591314,4.302189632439542,1.4160448254703921,39345.72711623141,9.836353793906731,0.4971414392186703,45,False,6,False,False,True,False,False,True,True,False,False,True,True,False,True
5.599999999999996,0.1,0.5001673404121338,45,0.07068151690538699,optimal,20,success,0.00023474907159655407,0.00023474907159481972,0.0,1.7343440052164372e-15,0,True,0.01315030227198342,False,False,0.9397195000201464,0.007428599987179041,1.6300007700920105e-05,0.9471776999998838,4.542245664866881,0.058956606292923514,0.01315030227198342,0.884721070330458,0.010256543842456375,0.011728942148915292,0.4725535017302242,-0.00024353756416845744,0.0005150995965032174,8.722331674716969,-0.04219167526594192,0.004813915552638032,2.6014692733162046,-0.013723696998605537,0.005247680440557897,10.159765250928405,0.00023474907159481972,4.358278139302087,1.4543463701445274,39333.93088618742,9.833403330360218,0.5001673404121338,45,False,6,False,False,True,False,False,True,True,False,False,True,True,False,True
5.699999999999996,0.1,0.5032085764057307,45,0.07062025719242174,optimal,20,success,0.00023555816113758504,0.00023555816113329797,0.0,4.287070915279245e-15,0,True,0.012896469447552439,False,False,0.9466015000361949,0.007394100015517324,1.650000922381878e-05,0.9540247000404634,4.600824597307114,0.058578932440233246,0.012896469447552439,0.8949989313452391,0.010277861014781065,0.011617063681937758,0.4723179010159441,-0.000235600714280066,0.0004985693967295326,8.680382237413106,-0.041949437303862316,0.0048094292751397275,2.5877109306388295,-0.013758342677374918,0.005288681599470352,10.159764441838867,0.00023555816113329797,4.4137124942361075,1.493000922919857,39322.13819448166,9.830453751820013,0.5032085764057307,45,False,6,False,False,True,False,False,True,True,False,False,True,True,False,True
5.799999999999995,0.1,0.5062652229347683,45,0.07055938990692495,optimal,20,success,0.00023636803513001035,0.00023636803513404914,0.0,4.038788617780065e-15,0,True,0.012651166434761227,False,False,0.9586582999909297,0.007544799998868257,1.6600009985268116e-05,0.966233299986925,4.65903039502479,0.0582057977176756,0.012651166434761227,0.9052989276875768,0.010299996342337695,0.011508389542830134,0.47209015058238424,-0.00022775043355985624,0.00048219733588324875,8.638671865645579,-0.04171037176752786,0.004805130768061456,2.573917388718901,-0.013793541919928452,0.005330402927394689,10.159763631964866,0.00023636803513404914,4.468494744884341,1.5320064734100378,39310.34904005277,9.827505058020654,0.5062652229347683,45,False,6,False,False,True,False,False,True,True,False,False,True,True,False,True
5.899999999999995,0.1,0.5093373560323824,45,0.07049891033244808,optimal,20,success,0.0002371787120693268,0.00023717871206763164,0.0,1.6951772017353983e-15,0,True,0.012413988185242572,False,False,0.9657441999879666,0.007227899972349405,1.98000343516469e-05,0.9730050999787636,4.716867543303314,0.05783714827852378,0.012413988185242572,0.9156218691302831,0.01032294144270633,0.011402798707687003,0.47187016284731387,-0.00021998773507038623,0.00046598670783324524,8.597197421123509,-0.04147444452207029,0.004801020940152454,2.5600880939806485,-0.013829294738252264,0.005372858817794237,10.159762821287933,0.00023717871206763164,4.522626858147493,1.5713610952806523,39298.563421839724,9.824557248696754,0.5093373560323824,45,False,6,False,False,True,False,False,True,True,False,False,True,True,False,True
5.999999999999995,0.1,0.5124250520301828,45,0.07043881380849362,optimal,20,success,0.00023799021428954852,0.00023799021429127265,0.0,1.7241253997407613e-15,0,True,0.012184554730462652,False,False,0.9566549999872223,0.006667100009508431,1.5199999324977398e-05,0.9633494999725372,4.774340474041036,0.057472930737722146,0.012184554730462652,0.9259685574096763,0.01034668827939326,0.011300176009580477,0.4716578492760825,-0.00021231357123137866,0.0004499406572991528,8.555955799401474,-0.0412416217220353,0.004797100694780336,2.546222492806832,-0.01386560117381644,0.005416064082489049,10.159762009785709,0.00023799021429127265,4.576110723104995,1.611062942988941,39286.781338781824,9.821610323583016,0.5124250520301828,45,False,6,False,False,True,False,False,True,True,False,False,True,True,False,True
6.099999999999994,0.1,0.5155283875589126,45,0.07037909573003426,optimal,20,success,0.00023880256773559043,0.00023880256773445296,0.0,1.1374636042088548e-15,0,True,0.011962509267323791,False,False,0.9408738999627531,0.007290000037755817,2.3100001271814108e-05,0.9482181000057608,4.831453566207111,0.05711309216607496,0.011962509267323791,0.9363397865542423,0.010371229144565971,0.011200411786744318,0.47145312044009535,-0.00020472883598716415,0.0004340621836388165,8.51494392959215,-0.041011869809324045,0.004793370930246391,2.532320031509868,-0.013902461296963932,0.005460033966489132,10.159761197432266,0.00023880256773445296,4.628948153746836,1.6511102486981781,39275.002789818675,9.818664282414211,0.5155283875589126,45,False,6,False,False,True,False,False,True,True,False,False,True,True,False,True
6.199999999999994,0.1,0.51864743954912,45,0.07031975154703826,optimal,20,success,0.0002396158017724045,0.000239615801774562,0.0,2.1574810080832174e-15,0,True,0.011747516416544689,False,False,0.941809700045269,0.0066911999601870775,1.5199999324977398e-05,0.9485302999964915,4.888211146291902,0.05675758008479142,0.011747516416544689,0.9467363431974496,0.010396556643207301,0.01110340155625228,0.47125588607320745,-0.00019723436688787302,0.00041835414453033487,8.47415877408098,-0.040785155511169874,0.004789832540109681,2.5183801563034964,-0.013939875206371717,0.005504784163500938,10.159760384198226,0.000239615801774562,4.681140891530259,1.6915013193530153,39263.22777389022,9.815719124925199,0.51864743954912,45,False,6,False,False,True,False,False,True,True,False,False,True,True,False,True
6.299999999999994,0.1,0.5217822852318443,45,0.07026077676400229,optimal,20,success,0.00024042994902766585,0.00024042994902728765,0.0,3.781968228172561e-16,0,True,0.01153926063591615,False,False,0.9227596999844536,0.007771700038574636,1.6899954061955214e-05,0.930562200024724,4.944617488752355,0.05640634246045271,0.01153926063591615,0.9571590068763981,0.010422663678948462,0.01100904571144654,0.4710660551261179,-0.00018983094708955494,0.0004028192595562946,8.433597328242831,-0.04056144583814933,0.004786486413519931,2.5044023132747273,-0.01397784302876926,0.0055503308322148144,10.159759570050973,0.00024042994902728765,4.732690607773107,1.7322345339034506,39251.456289936694,9.812774850850914,0.5217822852318443,45,False,6,False,False,True,False,False,True,True,False,False,True,True,False,True
6.399999999999993,0.1,0.5249330021393168,45,0.07020216693949094,optimal,20,success,0.00024124504526534444,0.00024124504526668034,0.0,1.3358997068280143e-15,0,True,0.01133744477260993,False,False,0.9549662999925204,0.007492300006560981,1.6000005416572094e-05,0.9624899000045843,5.000676816452766,0.05605932770041103,0.01133744477260993,0.9676085503171331,0.010449543440735056,0.010917249240370413,0.47088353581883996,-0.00018251930727791868,0.0003874601136969061,8.393256620160605,-0.04034070808222545,0.004783333435559056,2.4903859483557302,-0.014016364918996849,0.0055966906134458936,10.159758754954733,0.00024124504526668034,4.783598905894576,1.7733083406662822,39239.688336898675,9.809831459926372,0.5249330021393168,45,False,6,False,False,True,False,False,True,True,False,False,True,True,False,True
6.499999999999993,0.1,0.5280996681056732,45,0.07014391768567618,optimal,19,success,0.00024206112928787992,0.00024206112928659707,0.0,1.282855115539161e-15,0,True,0.011141788740413149,False,False,0.9380335999885574,0.006962899991776794,1.4999997802078724e-05,0.9450248000212014,5.056393301100765,0.0557164846479985,0.011141788740413149,0.9780857397071303,0.010477189389997213,0.010827921463243913,0.4707082356913201,-0.00017530012751987398,0.00037227916073777546,8.353133710345782,-0.040122909814821944,0.004780374487591229,2.4763305072965354,-0.014055441059195033,0.005643880647686394,10.159757938870714,0.00024206112928659707,4.8338673235126945,1.8147212548139533,39227.92391371704,9.80688895188667,0.5280996681056732,45,False,6,False,False,True,False,False,True,True,False,False,True,True,False,True
6.5999999999999925,0.1,0.5312823612676829,45,0.07008602466788467,optimal,19,success,0.00024287824286503348,0.00024287824286872706,0.0,3.69357864606068e-15,0,True,0.010952028309600214,False,False,1.0241154999821447,0.007072100008372217,1.6000005416572094e-05,1.0312169999815524,5.111771063678893,0.05537776257812846,0.010952028309600214,0.9885913349559134,0.01050559524878316,0.01074097578800082,0.4705400616522732,-0.00016817403904691012,0.0003572787265978386,8.313225691460852,-0.03990801888492902,0.0047776104476217,2.4622354356382,-0.014095071658335583,0.005691918593582035,10.159757121757131,0.00024287824286872706,4.883497334406896,1.8564718559816062,39216.16301933299,9.803947326466979,0.5312823612676829,45,False,6,False,False,True,False,False,True,True,False,False,True,True,False,True
6.699999999999992,0.1,0.5344811600654914,45,0.07002848360415077,optimal,19,success,0.00024369643068791367,0.00024369643068844482,0.0,5.311506443006486e-16,0,True,0.010767913998425341,False,False,0.9470959000173025,0.007079000002704561,1.5700003132224083e-05,0.9542041000095196,5.1668141748722265,0.05504311119333355,0.010767913998425341,0.9991260899452753,0.010534754989361808,0.010656329483033158,0.47037892002629933,-0.00016114162597387252,0.00034246101258208144,8.273529688043613,-0.03969600341723943,0.0047750421906642354,2.4481001786859773,-0.014135256952222479,0.005740822647432448,10.159756303569312,0.00024369643068844482,4.93249035035374,1.89855878598399,39204.40565268804,9.801006583402557,0.5344811600654914,45,False,6,False,False,True,False,False,True,True,False,False,True,True,False,True
6.799999999999992,0.1,0.5376961432433772,45,0.06997129026476898,optimal,19,success,0.000244515740346944,0.0002445157403467846,0.0,1.5943192946399343e-16,0,True,0.010589210056278506,False,False,0.9709044999908656,0.007144899980630726,1.5700003132224083e-05,0.9780789999640547,5.221526655491706,0.05471248061947931,0.010589210056278506,1.009690752768389,0.010564662823113743,0.01057390346366833,0.470224716599343,-0.00015420342695633292,0.00032782809856298677,8.2340428562333,-0.039486831810312865,0.0047726705891170925,2.4339241814835066,-0.014175997202470656,0.005790611563159009,10.159755484259653,0.0002445157403467846,4.980847722841006,1.9409807466346465,39192.65181272404,9.798066722428734,0.5376961432433772,45,False,6,False,False,True,False,False,True,True,False,False,True,True,False,True
6.8999999999999915,0.1,0.5409273898505249,45,0.06991444047185906,optimal,19,success,0.0002453362223327431,0.00024533622233846586,0.0,5.722744327030238e-15,0,True,0.01049362209474159,False,False,0.9546726999687962,0.0068734000087715685,1.5199999324977398e-05,0.9615748000214808,5.275912476894161,0.054385821402455084,0.010415693530024434,1.0202860659604955,0.010595313192106635,0.01049362209474159,0.47007735666255324,-0.0001473599367897926,0.0003133819460948313,8.19476238349853,-0.03928047273476997,0.004770496513147734,2.4197068887864117,-0.014217292697094777,0.005841304673849439,10.159754663777662,0.00024533622233846586,5.028570744667018,1.983736497660402,39180.90149838314,9.795127743280919,0.5409273898505249,45,False,6,False,False,True,False,False,True,True,False,False,True,True,False,True
6.999999999999991,0.1,0.5441749792418117,45,0.06985793009892513,optimal,19,success,0.00024615793005933363,0.00024615793005722253,0.0,2.11110426015515e-15,0,True,0.010415413003903928,False,False,0.9831658999901265,0.00713089999044314,1.5700003132224083e-05,0.9903259999700822,5.329975561398239,0.05406308450407735,0.010247153405377064,1.0309127667196025,0.010626700759106926,0.010415413003903928,0.4699367450546,-0.00014061160795323443,0.00029912440146350844,8.155685488367018,-0.039076895131512315,0.004768520831085954,2.4054477450372036,-0.014259143749207963,0.0058929219135130636,10.159753842069943,0.00024615793005722253,5.0756606514295814,2.0268248547048646,39169.154708607806,9.792189645694606,0.5441749792418117,45,False,6,False,False,True,False,False,True,True,False,False,True,True,False,True
7.099999999999991,0.1,0.5474389910786102,45,0.06980175507042459,optimal,19,success,0.0002469809199090483,0.0002469809199077133,0.0,1.3349781349814016e-15,0,True,0.010339206908250426,False,False,0.9473480000160635,0.006810199993196875,2.370000584051013e-05,0.9541961000068113,5.38371978269698,0.05374422129874079,0.010083389816639572,1.0415715871190734,0.010658820399470874,0.010339206908250426,0.4698027862025001,-0.00013395885209985367,0.0002850571986753016,8.116809420157047,-0.03887606820997098,0.004766744409825812,2.3911461943402808,-0.014301550696923052,0.005945483840349173,10.159753019080092,0.0002469809199077133,5.1221186229088795,2.070244687415077,39157.41144234083,9.789252429405373,0.5474389910786102,45,False,6,False,False,True,False,False,True,True,False,False,True,True,False,True
7.19999999999999,0.1,0.5507195053296062,45,0.06974591136134144,optimal,19,success,0.00024780525129895493,0.00024780525129841635,0.0,5.385774291821743e-16,0,True,0.010264937451918282,False,False,1.0629512000014074,0.007138999993912876,3.390002530068159e-05,1.070154300017748,5.437148966267244,0.05342918357026375,0.009924213318453648,1.0522632543125459,0.010691667193472542,0.010264937451918282,0.4696753841610028,-0.00012740204149729658,0.00027118196238704766,8.078131458710665,-0.03867796144638127,0.00476516811523621,2.3768016804369063,-0.014344513903374597,0.005999011661155356,10.159752194748702,0.00024780525129841635,5.1679457843479275,2.113994917606013,39145.671698525315,9.78631609414886,0.5507195053296062,45,False,6,False,False,True,False,False,True,True,False,False,True,True,False,True
7.29999999999999,0.1,0.5540166022716325,45,0.06969039499675739,optimal,19,success,0.0002486309867687151,0.00024863098677130324,0.0,2.588153216048772e-15,0,True,0.010192541053129849,False,False,0.9320712000480853,0.007216700003482401,1.6799953300505877e-05,0.9393187999958172,5.490266889775551,0.053117923508307525,0.009769444213844021,1.0629884907308265,0.010725236418280638,0.010192541053129849,0.46955444265058327,-0.00012094151041952772,0.00025750021077977013,8.039648914128582,-0.03848254458208216,0.004763792812579988,2.362413646681272,-0.014388033755634256,0.006053527256421929,10.159751369013229,0.00024863098677130324,5.213143207633534,2.158074517498008,39133.93547610469,9.783380639660807,0.5540166022716325,45,False,6,False,False,True,False,False,True,True,False,False,True,True,False,True
7.39999999999999,0.1,0.5573303624905175,45,0.0696352020514358,optimal,19,success,0.0002494581920899337,0.0002494581920906569,0.0,7.232170591564557e-16,0,True,0.010121956762121114,False,False,0.9729874000186101,0.007343400036916137,1.6700010746717453e-05,0.9803621000028215,5.543077283481394,0.05281039370584294,0.00961891193380617,1.0737480142726363,0.010759523541809807,0.010121956762121114,0.46943986509409064,-0.00011457755649264389,0.00024401335837835153,8.00135912650674,-0.03828978762184256,0.004762619366941945,2.347981536015782,-0.014432110665490192,0.00610905320741119,10.15975054180791,0.0002494581920906569,5.257711912380175,2.2024825080226265,39122.20277402269,9.780446065677015,0.5573303624905175,45,False,6,False,False,True,False,False,True,True,False,False,True,True,False,True
7.499999999999989,0.1,0.560660848223933,45,0.06957999586323,optimal,19,success,0.0002502869363973753,0.0002502869363958382,0.0,1.5370734199326996e-15,0,True,0.01002262218140463,False,False,0.9727179000037722,0.006911900010891259,1.8400023691356182e-05,0.979662699974142,5.59558398338593,0.05250669990453669,0.009472482020232495,1.0845097849377243,0.0107617706650881,0.01002262218140463,0.4693315598289245,-0.00010830526516615938,0.00023071169114376676,7.963259465674531,-0.03809966083220961,0.004761648643665278,2.3335701800830506,-0.014411355932731258,0.006137763739482146,10.159749713063604,0.0002502869363958382,5.301652866918583,2.2472179571927993,39110.473591223374,9.777512371933375,0.560660848223933,45,False,6,False,False,True,False,False,True,True,False,False,True,True,False,True
7.599999999999989,0.1,0.5640080816864486,45,0.0695240653763269,optimal,19,success,0.0002511151348031361,0.0002511151348016938,0.0,1.4423141500574665e-15,0,True,0.00983100578001359,False,False,0.9460627000080422,0.007387399964500219,1.750001683831215e-05,0.9534844000008889,5.647791101356448,0.0522071179705182,0.009330057081714511,1.0951716069019284,0.010661821964204064,0.00983100578001359,0.4692294457989278,-0.0001021140299967412,0.00021757332925568154,7.9253473341149645,-0.037912131559566284,0.0047608811094233166,2.3193846914814267,-0.014185488601623787,0.006078878073904309,10.159748884865198,0.0002511151348016938,5.344968658299481,2.2922786923440865,39098.747926651115,9.774579558165856,0.5640080816864486,45,False,6,False,False,True,False,False,True,True,False,False,True,True,False,True
7.699999999999989,0.1,0.5673721444295825,45,0.06946847186551286,optimal,19,success,0.0002519361225290502,0.0002519361225274963,0.0,1.553878553606225e-15,0,True,0.009647205148308477,False,False,1.009122200019192,0.007567399996332824,1.7899961676448584e-05,1.0167221000301652,5.699702195570314,0.05191109421386521,0.009191397713240058,1.1057369520663138,0.010565345164385552,0.009647205148308477,0.46913342397253593,-9.602182639183317e-05,0.00020463725636046302,7.887620173488781,-0.03772716062618379,0.004760316366676545,2.3054199371481343,-0.013964754333292206,0.0060208875158060575,10.159748063877473,0.0002519361225274963,5.387667033402157,2.337658574808532,39087.02577925061,9.771647624110505,0.5673721444295825,45,False,6,False,False,True,False,False,True,True,False,False,True,True,False,True
7.799999999999988,0.1,0.5707531182915643,45,0.06941321079882064,optimal,19,success,0.00025275023692373057,0.00025275023692472587,0.0,9.95297594341693e-16,0,True,0.009470827201218224,False,False,0.9689432000159286,0.0072054999764077365,1.6000005416572094e-05,0.9761776000377722,5.751320779326805,0.05161858375649076,0.009056365049494624,1.1162091956693356,0.010472243603021776,0.009470827201218224,0.4690433940011479,-9.002997138799618e-05,0.00019190696460217834,7.850075454076851,-0.03754471941192998,0.004759955295276793,2.291670929313185,-0.013749007834949542,0.005963775888898328,10.159747249763075,0.00025275023692472587,5.429755477418518,2.3833516883598826,39075.30714796686,9.768716569503447,0.5707531182915643,45,False,6,False,False,True,False,False,True,True,False,False,True,True,False,True
7.899999999999988,0.1,0.5741510853991932,45,0.06935827772632062,optimal,19,success,0.0002535578104134199,0.00025355781041902503,0.0,5.605108391315561e-15,0,True,0.009301503886155135,False,False,0.9426378999487497,0.007224100001621991,1.550000160932541e-05,0.9498904999927618,5.8026503214072145,0.05132954208041004,0.008924826844107657,1.126591619840616,0.010382424171280422,0.009301503886155135,0.4689592543389505,-8.41396621973813e-05,0.00017938566723993852,7.812710674534127,-0.03736477954272426,0.0047597987766244045,2.278132820114899,-0.013538109198286047,0.005907527570873112,10.159746442189581,0.00025355781041902503,5.471241220284777,2.4293523318895622,39063.59203174519,9.765786394080886,0.5741510853991932,45,False,6,False,False,True,False,False,True,True,False,False,True,True,False,True
7.999999999999988,0.1,0.5775661281696632,45,0.06930366827790665,optimal,19,success,0.00025435917107086685,0.00025435917107330397,0.0,2.437123853421541e-15,0,True,0.009138890234108715,False,False,0.9420934999943711,0.006864399998448789,1.550000160932541e-05,0.9489920999621972,5.853694246433606,0.051043925026391795,0.008796657078935097,1.136887416993006,0.010295797152390125,0.009138890234108715,0.4688809023572508,-7.835198169973794e-05,0.00016707630988151335,7.775523361644785,-0.03718731288934232,0.004759847694162795,2.264800896472813,-0.01333192364208599,0.005852127463495999,10.159745640828927,0.00025435917107330397,5.512131244239076,2.4756550117683878,39051.88042953122,9.762857097579108,0.5775661281696632,45,False,6,False,False,True,False,False,True,True,False,False,True,True,False,True
8.099999999999987,0.1,0.5809983293123563,45,0.06924937816119604,optimal,19,success,0.0002551546431928327,0.0002551546431952545,0.0,2.4217823926808713e-15,0,True,0.008982662588682027,False,False,1.0522154999780469,0.0068672000197693706,1.7000013031065464e-05,1.059113499999512,5.904455935226226,0.05076168879262016,0.008671735600735721,1.1470996930611725,0.01021227606816642,0.008982662588682027,0.4688082344535259,-7.26679037249098e-05,0.00015498158137723108,7.738511070078559,-0.03701229156622638,0.0047601029338811005,2.251670575204099,-0.013130321268714341,0.0057975609640403365,10.159744845356805,0.0002551546431952545,5.552432291005423,2.5222544345128273,39040.17234027093,9.759928679734472,0.5809983293123563,45,False,6,False,False,True,False,False,True,True,False,False,True,True,False,True
8.199999999999987,0.1,0.584447771830608,45,0.06919540315953386,optimal,19,success,0.0002559445478876239,0.0002559445478862443,0.0,1.3795930543791801e-15,0,True,0.008832516996051903,False,False,0.9716172000044025,0.008832900028210133,2.440001117065549e-05,0.9804947000229731,5.954938725159597,0.050482789933370444,0.0085499477830274,1.1572314705963014,0.010131777535128728,0.008832516996051903,0.46874114615539353,-6.708829813236459e-05,0.00014310392438086583,7.701671382148257,-0.03683968793030126,0.0047605653848250265,2.2387373983675305,-0.012933176836568527,0.005743813939299811,10.159744055452114,0.0002559445478862443,5.592150868615687,2.5691454997419756,39028.46776291059,9.757001140283428,0.584447771830608,45,False,6,False,False,True,False,False,True,True,False,False,True,True,False,True
8.299999999999986,0.1,0.5879145390234483,45,0.06914173913010331,optimal,19,success,0.00025672920367421603,0.00025672920367547647,0.0,1.2604392356230232e-15,0,True,0.00868816773745724,False,False,0.9717839999939315,0.006830000027548522,1.610000617802143e-05,0.9786493999999948,6.005145910517288,0.05020718535769106,0.008431184211109657,1.1672856917239063,0.010054221127604982,0.00868816773745724,0.4686795322196991,-6.161393569440951e-05,0.00013144554558473456,7.665001907568461,-0.0366694745797968,0.004761235939616063,2.2259970288234467,-0.012740369544083622,0.0056908727005560355,10.159743270796325,0.00025672920367547647,5.631293257880435,2.616323293412099,39016.766696396786,9.754074478962492,0.5879145390234483,45,False,6,False,False,True,False,False,True,True,False,False,True,True,False,True
8.399999999999986,0.1,0.591398714487319,45,0.06908838200211928,optimal,19,success,0.0002575089270944026,0.0002575089270973052,0.0,2.9026260561781925e-15,0,True,0.008549345990827632,False,False,0.9520494999596849,0.010443100007250905,1.8000020645558834e-05,0.9625262999907136,6.055080742845389,0.04993483232810133,0.008315340388423619,1.1772652209725964,0.009979529248690238,0.008549345990827632,0.4686232867269099,-5.624549278922589e-05,0.0001200084256354087,7.628500283215383,-0.03650162435307682,0.00476211549497919,2.2134452459967457,-0.012551782826700922,0.00563872398038877,10.159742491072903,0.0002575089270973052,5.66986551851841,2.6637830813162324,39005.069139676416,9.75114869550826,0.591398714487319,45,False,6,False,False,True,False,False,True,True,False,False,True,True,False,True
8.499999999999986,0.1,0.594900382117773,45,0.06903532777511637,optimal,19,success,0.00025828403333946114,0.00025828403333960637,0.0,1.4522888100443332e-16,0,True,0.008415798607841767,False,False,0.9818232000106946,0.006875599967315793,1.5700003132224083e-05,0.9887280000257306,6.104746431304685,0.04966568845929616,0.00820231646258071,1.187172847980318,0.009907627007721707,0.008415798607841767,0.4685723031709996,-5.098355591028796e-05,0.00010879432873765536,7.592164172887908,-0.036336110327475454,0.004763204952279287,2.201077941831958,-0.012367304164787669,0.005587354910700986,10.15974171596666,0.00025828403333960637,5.7078734949536045,2.7115203028369104,38993.375091696704,9.748223789657422,0.594900382117773,45,False,6,False,False,True,False,False,True,True,False,False,True,True,False,True
8.599999999999985,0.1,0.5984196261111547,45,0.06898257251731175,optimal,19,success,0.0002590548368926873,0.00025905483689392383,0.0,1.2365325777197178e-15,0,True,0.008287286995701184,False,False,0.9538630999741144,0.0072839000495150685,1.6199948731809855e-05,0.961176400014665,6.154146143021548,0.049399711716863255,0.008092016969541146,1.197011290085035,0.00983844210471683,0.008287286995701184,0.4685264745450015,-4.582862599811894e-05,9.78048119532032e-05,7.555991267069768,-0.03617290581814041,0.004764505218066294,2.1888911169291614,-0.01218682490279653,0.005536753002328228,10.159740945163106,0.00025905483689392383,5.745322821788017,2.7595305649406763,38981.68455140519,9.745299761146727,0.5984196261111547,45,False,6,False,False,True,False,False,True,True,False,False,True,True,False,True
8.699999999999985,0.1,0.6019565309662661,45,0.06893011236404649,optimal,19,success,0.0002598216521890566,0.00025982165219318176,0.0,4.125172425872847e-15,0,True,0.008163586092982,False,False,0.9474945000256412,0.006957599951419979,2.2899999748915434e-05,0.9544995999895036,6.203283003437558,0.04913686041600948,0.007984350594554516,1.2067831948059156,0.009771904720880633,0.008163586092982,0.468485693422401,-4.07811226005496e-05,8.704123420166007e-05,7.5199792826928835,-0.03601198437688424,0.004766017204629431,2.176880876850819,-0.012010240078342161,0.005486906125870511,10.159740178347807,0.00025982165219318176,5.782218928957354,2.807809636403585,38969.99751774972,9.742376609713016,0.6019565309662661,45,False,6,False,False,True,False,False,True,True,False,False,True,True,False,True
8.799999999999985,0.1,0.6055111814860187,45,0.06887794351629412,optimal,19,success,0.00026058479429302074,0.00026058479429380554,0.0,7.847997425536324e-16,0,True,0.008044483429778973,False,False,0.9677904000272974,0.00778419995913282,1.7900019884109497e-05,0.9756075000041164,6.252160096657856,0.048877093220298505,0.007879229948595478,1.2164911422198674,0.009707947413951918,0.008044483429778973,0.4684498520345337,-3.584138786729031e-05,7.650476497043129e-05,7.484125962901841,-0.03585331979104314,0.004767741830560492,2.165043428591237,-0.011837448259582238,0.00543780249321996,10.159739415205706,0.00026058479429380554,5.8185670465762875,2.856353442257427,38958.31398967846,9.739454335093212,0.6055111814860187,45,False,6,False,False,True,False,False,True,True,False,False,True,True,False,True
8.899999999999984,0.1,0.6090836627790748,45,0.06882606223923715,optimal,19,success,0.00026134457959506465,0.00026134457959159363,0.0,3.471019045103718e-15,0,True,0.00792977826575903,False,False,0.9680968000320718,0.007067999977152795,1.5700003132224083e-05,0.9751939999987371,6.300780465798254,0.048620369140397815,0.007776571359135259,1.226137647239931,0.009646505020063482,0.00792977826575903,0.46841884234414904,-3.1009690384665805e-05,6.619639274083878e-05,7.4484290768194965,-0.03569688608234401,0.00476968002132652,2.153375077198756,-0.011668351392481284,0.005389430640693298,10.159738655420409,0.00026134457959159363,5.85437220947915,2.9051580584468626,38946.6339661399,9.736532937024304,0.6090836627790748,45,False,6,False,False,True,False,False,True,True,False,False,True,True,False,True
8.999999999999984,0.1,0.6126740602614796,45,0.06877446486090408,optimal,19,success,0.00026210132652733543,0.00026210132652870755,0.0,1.3721120593890301e-15,0,True,0.007819280797412115,False,False,0.9636372000095434,0.006846099975518882,1.680001150816679e-05,0.9705143999890424,6.34914711333109,0.04836664753283582,0.007676294674188143,1.2357251617999783,0.009587514560047262,0.007819280797412115,0.46839255611529296,-2.6286228856081206e-05,5.611693313730667e-05,7.412886419313717,-0.035542657505779375,0.004771832709851915,2.1418722225427653,-0.011502854655990588,0.005341779413066402,10.159737898673471,0.00026210132652870755,5.889639261461491,2.9542197066881553,38934.95744608283,9.73361241524337,0.6126740602614796,45,False,6,False,False,True,False,False,True,True,False,False,True,True,False,True
9.099999999999984,0.1,0.6162824596582849,45,0.06872314777086208,optimal,19,success,0.00026285535629793835,0.00026285535629533285,0.0,2.60550045080854e-15,0,True,0.007712811428376571,False,False,1.010403199994471,0.0074201999814249575,1.7000013031065464e-05,1.0178546999813989,6.397263001429859,0.04811588809876925,0.007578323078660746,1.2452560769502417,0.00953091515026336,0.007712811428376571,0.4683708849796593,-2.1671135633684585e-05,4.6267036806516456e-05,7.377495810765226,-0.03539060854849098,0.0047742008371102805,2.130531356218346,-0.01134086632441927,0.0052948379483421,10.159737144643705,0.00026285535629533285,5.924372859227417,3.0035347495206426,38923.28442845637,9.730692769487558,0.6162824596582849,45,False,6,False,False,True,False,False,True,True,False,False,True,True,False,True
9.199999999999983,0.1,0.6199089470051666,45,0.06867210741896862,optimal,18,success,0.0002636069936427398,0.0002636069936379215,0.0,4.81830287474283e-15,0,True,0.007610200097912955,False,False,0.9733077000128105,0.006938499980606139,1.650000922381878e-05,0.9802803000202402,6.445131052312617,0.047868050882758584,0.007482582922112089,1.254732724868975,0.00947664791873343,0.007610200097912955,0.4683537204995526,-1.7164480106675892e-05,3.664719703365277e-05,7.342255096836564,-0.03524071392866149,0.004776785352726099,2.1193490585803514,-0.011182297637994451,0.005248595663873647,10.159736393006362,0.0002636069936379215,5.958577476047391,3.053099685542458,38911.614912209945,9.727773999494099,0.6199089470051666,45,False,6,False,False,True,False,False,True,True,False,False,True,True,False,True
9.299999999999983,0.1,0.6235536086500387,45,0.06862134031416361,optimal,18,success,0.0002643565675924406,0.0002643565675928272,0.0,3.866264947083309e-16,0,True,0.007511285660580107,False,False,1.0174124999903142,0.006745500024408102,4.899996565654874e-05,1.0242218000348657,6.492754148584175,0.04762309627155801,0.007389003557106891,1.2641573807931439,0.009424655924168936,0.007511285660580107,0.4683409542276014,-1.2766271951186552e-05,2.7257757101982385e-05,7.307162148242149,-0.035092948594414856,0.004779587215586499,2.1083219959020676,-0.011027062678284003,0.005203042242447072,10.159735643432407,0.0002643565675928272,5.992257405130879,3.102911144822487,38899.9488962933,9.724856105000308,0.6235536086500387,45,False,6,False,False,True,False,False,True,True,False,False,True,True,False,True
9.399999999999983,0.1,0.6272165312546623,45,0.0685708430233221,optimal,18,success,0.00026510441225152654,0.0002651044122519153,0.0,3.887406889446776e-16,0,True,0.007415915314515443,False,False,1.0725901999976486,0.006921099964529276,1.6000005416572094e-05,1.0795408000121824,6.540135133577081,0.047380984992906744,0.007297517187407866,1.2735322648733254,0.009374884080181606,0.007415915314515443,0.46833247776335424,-8.476464247174006e-06,1.8098917403355392e-05,7.272214860519424,-0.034947287722725165,0.0047826073944632905,2.0974469176496457,-0.010875078252421995,0.005158167620297002,10.159734895587748,0.0002651044122519153,6.0254167627192645,3.152965884480838,38888.28637965649,9.721939085743575,0.6272165312546623,45,False,6,False,False,True,False,False,True,True,False,False,True,True,False,True
9.499999999999982,0.1,0.6308978017962537,45,0.06852061217013948,optimal,18,success,0.00026585086758361333,0.00026585086758856846,0.0,4.955129188910501e-15,0,True,0.0073239440724792385,False,False,1.0041152000194415,0.006165299972053617,1.4299992471933365e-05,1.0103064000140876,6.587276811691418,0.04714167811433706,0.00720805872531769,1.2828595439557555,0.009327279082430051,0.0073239440724792385,0.4683281828068874,-4.294956466787021e-06,9.170742305335567e-06,7.23741115380109,-0.034803706718334,0.004785846868645478,2.0867206538685195,-0.010726263781126375,0.00511396197484988,10.159734149132412,0.00026585086758856846,6.058059490903084,3.2032607844305407,38876.6273612499,9.719022941461363,0.6308978017962537,45,False,6,False,False,True,False,False,True,True,False,False,True,True,False,True
9.599999999999982,0.1,0.6345975075690916,45,0.06847064443406403,optimal,18,success,0.00026659628019594904,0.00026659628019842785,0.0,2.4788114269536088e-15,0,True,0.007235234272734086,False,False,0.964300399995409,0.0065330000361427665,1.5900004655122757e-05,0.9708626000210643,6.634181948733406,0.0469051370419884,0.007120565657532243,1.2921413332952882,0.009281789339532703,0.007235234272734086,0.46832796120954817,-2.2159733925104395e-07,4.7316678215459523e-07,7.202748972588413,-0.03466218121267645,0.004789306628582496,2.076140112675087,-0.010580541193432127,0.005070415713678362,10.159733403719802,0.00026659628019842785,6.090189360170415,3.2537928432734864,38864.97184002419,9.716107671891228,0.6345975075690916,45,False,6,False,False,True,False,False,True,True,False,False,True,True,False,True
9.699999999999982,0.1,0.638315736186125,45,0.06842093654926927,optimal,18,success,0.00026734100411285317,0.00026734100411296424,0.0,1.1107651257113993e-16,0,True,0.007149655126270698,False,False,0.9686343999928795,0.006821800023317337,1.460005296394229e-05,0.9754849000019021,6.680853272252836,0.04667132351942949,0.007034977918918843,1.3013796982027492,0.009238364907460913,0.007149655126270698,0.46833170502195137,3.7438124032202792e-06,7.993997184261974e-06,7.168226285525598,-0.03452268706281554,0.0047929876765383525,2.065702277848222,-0.010437834826865104,0.005027519464192641,10.159732658995887,0.00026734100411296424,6.1218099716931915,3.304559174343962,38853.31981493039,9.713193276770788,0.638315736186125,45,False,6,False,False,True,False,False,True,True,False,False,True,True,False,True
9.799999999999981,0.1,0.6420525755805823,45,0.06837148530366088,optimal,18,success,0.0002680854015245573,0.0002680854015224554,0.0,2.101888541689023e-15,0,True,0.0070670822968435035,False,False,0.9743374999961816,0.0068577000056393445,1.550000160932541e-05,0.9812239999882877,6.727293471879328,0.046440199626491485,0.006951237773679093,1.3105766556293894,0.00919695742664019,0.0070670822968435035,0.4683393065393454,7.601517394062636e-06,1.623105442691808e-05,7.133841085175212,-0.034385200350385496,0.004796891027256997,2.055404206516684,-0.01029807133153833,0.0049852640634474735,10.159731914598478,0.0002680854015224554,6.15292475936046,3.355557001893438,38841.67128491981,9.710279755837748,0.6420525755805823,45,False,6,False,False,True,False,False,True,True,False,False,True,True,False,True
9.89999999999998,0.1,0.6458081140075825,45,0.06832228753791766,optimal,18,success,0.0002688298434936428,0.00026882984349363426,0.0,8.565197162635485e-18,0,True,0.006987397511484214,False,False,1.006990699970629,0.0064768000156618655,1.5099998563528061e-05,1.0134955999674276,6.7735051996574365,0.04621172777810851,0.006869289703396701,1.3197341756915435,0.009157520062154098,0.006987397511484214,0.46835065834445666,1.1351805111222855e-05,2.42384206337573e-05,7.099591387794669,-0.034249697380543176,0.004801017708639073,2.0452430269370194,-0.010161179579664385,0.004943640548875128,10.159731170156507,0.00026882984349363426,6.183536991570016,3.4067836574105677,38830.02624894408,9.707367108829894,0.6458081140075825,45,False,6,False,False,True,False,False,True,True,False,False,True,True,False,True
9.99999999999998,0.1,0.6495824400457516,45,0.06827334014456958,optimal,18,success,0.0002695747105960942,0.00026957471059674276,0.0,6.485697395808288e-16,0,True,0.006910488199218521,False,False,1.2969831000082195,0.008440799952950329,3.8300000596791506e-05,1.3054820999968797,6.819491070380602,0.04598587072316562,0.006789080301509374,1.3288541831387652,0.009120007447221794,0.006910488199218521,0.46836565334791863,1.4995003461972423e-05,3.201661659871969e-05,7.065475233113741,-0.034116154680928094,0.004805368762430358,2.0352159363570554,-0.010027090579964008,0.004902640149802001,10.159730425289403,0.00026957471059674276,6.213649772793119,3.4582365760706426,38818.38470595515,9.704455335485086,0.6495824400457516,45,False,6,False,False,True,False,False,True,True,False,False,True,True,False,True
10.09999999999998,0.1,0.6533756425988417,45,0.0682246400670997,optimal,18,success,0.000270320393467637,0.00027032039346686076,0.0,7.762345453909969e-16,0,True,0.006836247154399113,False,False,1.0306847000028938,0.007411800033878535,4.12999652326107e-05,1.038166899990756,6.86525366192396,0.045762591543357906,0.00671055817377936,1.337938558766859,0.00908437562809374,0.006836247154399113,0.4683841848263885,1.8531478469836576e-05,3.9566262678255646e-05,7.03149068411311,-0.03398454900063076,0.0048099452449221645,2.025320198962772,-0.00989573739428383,0.004862254278529654,10.159729679606533,0.00027032039346686076,6.243266044931365,3.5099132933090065,38806.746654905284,9.701544435541267,0.6533756425988417,45,False,6,False,False,True,False,False,True,True,False,False,True,True,False,True
10.19999999999998,0.1,0.657187810897357,45,0.06817618429908344,optimal,18,success,0.0002710672932182026,0.0002710672932177971,0.0,4.0549161250957866e-16,0,True,0.006764572224757001,False,False,0.9819630999700166,0.007361600000876933,2.870004391297698e-05,0.9893673000042327,6.910795515576014,0.04554185365205367,0.006633673844367572,1.3469891407799248,0.009050582013065708,0.006764572224757001,0.46840614645844797,2.1961632059469137e-05,4.688807344682111e-05,6.997635826803941,-0.033854857309169484,0.004814748227663994,2.0155531439019665,-0.009767055060805387,0.004822474523192626,10.159728932706782,0.0002710672932177971,6.272388588490315,3.5618114415131967,38795.11209474705,9.698634408736455,0.657187810897357,45,False,6,False,False,True,False,False,True,True,False,False,True,True,False,True
10.29999999999998,0.1,0.6610190345001844,45,0.06812796988334505,optimal,18,success,0.00027181582166825444,0.00027181582167123963,0.0,2.9851880516129636e-15,0,True,0.006695366019672061,False,False,0.9816513000405394,0.006771299988031387,1.610000617802143e-05,0.9884516000165604,6.956119136369184,0.04532362079316955,0.0065583796671477455,1.35600772610197,0.009018585322045174,0.006695366019672061,0.468431432358384,2.5285899936039263e-05,5.398285254628349e-05,6.963908770008466,-0.03372705679547492,0.004819778798188647,2.00591216338374,-0.009640980518226741,0.004783292639737841,10.159728184178329,0.00027181582167123963,6.30102002360156,3.613928746828858,38783.48102443335,9.695725254808742,0.6610190345001844,45,False,6,False,False,True,False,False,True,True,False,False,True,True,False,True
10.399999999999979,0.1,0.664869403296233,45,0.06807999391115133,optimal,18,success,0.0002725664013494435,0.00027256640134787347,0.0,1.570033165976259e-15,0,True,0.006628535639728248,False,False,0.9186049000127241,0.006713599956128746,1.580000389367342e-05,0.9253472000127658,7.001226993409232,0.045107857040048424,0.006484629741921431,1.3649960716421838,0.00898834554021377,0.006628535639728248,0.46845993710793915,2.8504749555103204e-05,6.085148772274317e-05,6.930307645141583,-0.03360112486688312,0.004825038060750223,1.9963947108476912,-0.00951745253604867,0.004744700545608058,10.159727433598652,0.00027256640134787347,6.32916281093376,3.6662630260746534,38771.85344291737,9.692816973496308,0.664869403296233,45,False,6,False,False,True,False,False,True,True,False,False,True,True,False,True
10.499999999999979,0.1,0.6687390075060794,45,0.06803225352141999,optimal,18,success,0.0002733194651993346,0.00027331946519915107,0.0,1.835554278017959e-16,0,True,0.006563992423267507,False,False,0.9346416000043973,0.0068922999780625105,1.5300000086426735e-05,0.9415618000202812,7.046121520203581,0.044894526794349104,0.006412379835221971,1.373955895514233,0.008959823872049206,0.006563992423267507,0.468491555786119,3.1618678179847805e-05,6.74949460460745e-05,6.896830605993446,-0.033477039148136295,0.004830527137075222,1.9869982992020472,-0.009396411645644047,0.004706690312585644,10.159726680534801,0.00027331946519915107,6.356819252544083,3.7188121837617465,38760.22934915263,9.689909564537407,0.6687390075060794,45,False,6,False,False,True,False,False,True,True,False,False,True,True,False,True
10.599999999999978,0.1,0.672627937683623,45,0.06798474589995716,optimal,18,success,0.00027407545586469087,0.00027407545586299875,0.0,1.6921143305981268e-15,0,True,0.00650165171078038,False,False,0.933951299986802,0.006626899994444102,1.580000389367342e-05,0.9406070999684744,7.0908051149885205,0.04468359478493941,0.0063415873054157015,1.38288887821284,0.008932982698606902,0.00650165171078038,0.468526183997141,3.4628211022038095e-05,7.391426930616217e-05,6.863475828513055,-0.03335477748039142,0.00483624716712712,1.9777204991253334,-0.009277800076713735,0.004669254161133193,10.159725924544137,0.00027407545586299875,6.383991492734908,3.7715742092135427,38748.608742092976,9.687003027670372,0.672627937683623,45,False,6,False,False,True,False,False,True,True,False,False,True,True,False,True
10.699999999999978,0.1,0.6765362847177494,45,0.06793746827871372,optimal,18,success,0.00027483482451096103,0.0002748348245109611,0.0,5.421010862427522e-20,0,True,0.006441432624174963,False,False,0.913199300004635,0.006725999992340803,1.580000389367342e-05,0.9199666000204161,7.135280141055318,0.04447502606679801,0.0062722110318314695,1.3917966637485688,0.008907785535728904,0.006441432624174963,0.4685637178966046,3.753389946357488e-05,8.011056958089649e-05,6.830241510592819,-0.0332343179202365,0.004842199309884739,1.9685589374309422,-0.009161561694391158,0.0046323844539422785,10.15972516517549,0.0002748348245109611,6.410681518996753,3.824547173781698,38736.99162069255,9.684097362633619,0.6765362847177494,45,False,6,False,False,True,False,False,True,True,False,False,True,True,False,True
10.799999999999978,0.1,0.6804641398340046,45,0.06789041793506231,optimal,18,success,0.000275598029016598,0.000275598029016777,0.0,1.7900177867735678e-16,0,True,0.006383257861179802,False,False,0.9422781000030227,0.006838299974333495,1.6200006939470768e-05,0.9491481999866664,7.179548927075241,0.04426878601992264,0.006204211347667594,1.4006808607436056,0.008884196995036873,0.006383257861179802,0.46860405421596013,4.0336319355496286e-05,8.60850249707065e-05,6.797125871854105,-0.033115638738714356,0.004848384744134786,1.9595112954893297,-0.009047641941612523,0.004596073691052451,10.159724401970983,0.000275598029016777,6.436891163137792,3.8777292281546174,38725.3779839058,9.681192569165635,0.6804641398340046,45,False,6,False,False,True,False,False,True,True,False,False,True,True,False,True
10.899999999999977,0.1,0.6844115945962773,45,0.06784359219109666,optimal,18,success,0.0002763655314107132,0.0002763655314144131,0.0,3.699894123715408e-15,0,True,0.006327053502251326,False,False,0.9775824000244029,0.00690580002265051,1.6499951016157866e-05,0.9845178999821655,7.223613767423483,0.04406484034824246,0.006137549976443062,1.4095430434891099,0.008862182745504231,0.006327053502251326,0.4686470902853515,4.3036069391368234e-05,9.183887549452293e-05,6.764127153433751,-0.03299871842035386,0.00485480466927892,1.9505753077075636,-0.008935987781766021,0.004560314504099107,10.159723634468586,0.0002763655314144131,6.462622102722873,3.9311185997549125,38713.7678306875,9.678288647004988,0.6844115945962773,45,False,6,False,False,True,False,False,True,True,False,False,True,True,False,True
10.999999999999977,0.1,0.6883787409084954,45,0.06779698841294597,optimal,18,success,0.0002771377943917647,0.0002771377943915354,0.0,2.293087594806842e-16,0,True,0.0062727488304541905,False,False,0.9366099000326358,0.006733599992003292,1.5199999324977398e-05,0.9433722000103444,7.267476922502022,0.043863155078538385,0.006072189971776895,1.418384752966631,0.008841709477521154,0.0062727488304541905,0.4686927240549038,4.563376955228388e-05,9.737341914253266e-05,6.731243617771543,-0.03288353566220812,0.004861460306155699,1.9417487600621752,-0.008826547645388424,0.00452509965163146,10.159722862205609,0.0002771377943915354,6.487875862971375,3.9847135902225,38702.16115999274,9.675385595890328,0.6883787409084954,45,False,6,False,False,True,False,False,True,True,False,False,True,True,False,True
11.099999999999977,0.1,0.6923656710163308,45,0.06775060401010816,optimal,18,success,0.00027791527674544893,0.000277915276743812,0.0,1.6369284400186146e-15,0,True,0.006220276162212169,False,False,0.9297903000260703,0.006525399978272617,1.550000160932541e-05,0.9363443999900483,7.311140619061391,0.04366369655936844,0.006008095660293622,1.4272074978343545,0.00882274486772353,0.006220276162212169,0.46874085411452443,4.8130059620640634e-05,0.00010269000808086486,6.698473548398644,-0.03277006937289994,0.004868352897877859,1.9330294886833155,-0.008719271378859665,0.004490422014524923,10.159722084723256,0.000277915276743812,6.512653819292831,4.038512572980356,38690.55797077692,9.672483415560375,0.6923656710163308,45,False,6,False,False,True,False,False,True,True,False,False,True,True,False,True
11.199999999999976,0.1,0.6963724775089182,45,0.0677044364348019,optimal,18,success,0.00027869842746356635,0.00027869842746675033,0.0,3.183976519938181e-15,0,True,0.006169570689195763,False,False,0.9127871000091545,0.007831500028260052,1.73999578692019e-05,0.9206505999900401,7.354607050521387,0.043466431459996596,0.005945232587466885,1.4360127553803939,0.00880525754603926,0.006169570689195763,0.46879137971228446,5.052559776002816e-05,0.00010779004500359502,6.66581524972697,-0.032658298671673996,0.004875483710685307,1.9244153784881566,-0.00861411019515883,0.004456274591561631,10.159721301572533,0.00027869842746675033,6.536957200672269,4.092513990880133,38678.958261995765,9.669582105753936,0.6963724775089182,45,False,6,False,False,True,False,False,True,True,False,False,True,True,False,True
11.299999999999976,0.1,0.7003992533205846,45,0.06765848318132933,optimal,18,success,0.0002794876783560888,0.00027948767835184185,0.0,4.2469283298429694e-15,0,True,0.006120570329392718,False,False,1.011584700027015,0.006667299952823669,1.6400008462369442e-05,1.0182825000374578,7.397878377290716,0.043271326769329474,0.005883567466226746,1.4448019724436045,0.008789217063210722,0.006120570329392718,0.46884420077144334,5.2821059158854235e-05,0.00011267497962797989,6.6332670468395145,-0.03254820288745563,0.00488285403481424,1.9159043618619342,-0.008511016626222428,0.004422650494982421,10.159720512321648,0.00027948767835184185,6.560787094152191,4.146716353925194,38667.36203260528,9.666681666209891,0.7003992533205846,45,False,6,False,False,True,False,False,True,True,False,False,True,True,False,True
11.399999999999975,0.1,0.7044460917325939,45,0.06761274178545933,optimal,18,success,0.0002802834349501744,0.0002802834349484584,0.0,1.7159667783928079e-15,0,True,0.0060732155874967594,False,False,0.9619698000024073,0.005839699995703995,1.4399993233382702e-05,0.9678370999754407,7.440956727085571,0.04307834979485453,0.005823068128166615,1.4535765663034952,0.008774593859890562,0.0060732155874967594,0.46889921790617844,5.5017134735085914e-05,0.000117346305328209,6.600827285281598,-0.03243976155791603,0.004890465185382861,1.907494417383019,-0.008409944478915141,0.004389542947092672,10.159719716565052,0.0002802834349484584,6.584144450694037,4.2011182370688775,38655.76928156182,9.66378209666721,0.7044460917325939,45,False,6,False,False,True,False,False,True,True,False,False,True,True,False,True
11.499999999999975,0.1,0.7085130863749024,45,0.06756720982382246,optimal,18,success,0.0002810860654888509,0.00028108606548649107,0.0,2.3598202385233247e-15,0,True,0.006027449424001268,False,False,0.9247052000137046,0.006378700025379658,1.4899997040629387e-05,0.931111800018698,7.483844195247156,0.04288746816158427,0.005763703477198177,1.4623379255408029,0.008761359237307743,0.006027449424001268,0.4689563324360784,5.711452989999924e-05,0.00012180555590397088,6.568494330853054,-0.03233295442854404,0.004898318503294194,1.8991835685919936,-0.0083108487910256,0.004356945276111289,10.159718913934514,0.00028108606548649107,6.60703009273586,4.255718278086136,38644.18000782202,9.66088339686492,0.7085130863749024,45,False,6,False,False,True,False,False,True,True,False,False,True,True,False,True
11.599999999999975,0.1,0.7126003312279298,45,0.06752188491331816,optimal,18,success,0.00028189588788578263,0.00028189588788407605,0.0,1.7065884296008083e-15,0,True,0.005983217131547375,False,False,1.0492091999622062,0.00703470001462847,7.860001642256975e-05,1.0563652999699116,7.5265428450581595,0.04269864981100384,0.005705443445511723,1.47108741086901,0.008749485328207181,0.005983217131547375,0.46901544639945714,5.911396337872127e-05,0.0001260543024798132,6.53626656940133,-0.03222776145172351,0.004906415356156374,1.8909698828015231,-0.008213685790470493,0.004324850912942508,10.159718104112116,0.00028189588788407605,6.629444723791514,4.3105151755170565,38632.59421034285,9.657985566542141,0.7126003312279298,45,False,6,False,False,True,False,False,True,True,False,False,True,True,False,True
11.699999999999974,0.1,0.7167079206243432,45,0.06747676471053728,optimal,18,success,0.00028271315456973866,0.0002827131545721784,0.0,2.4397259386355064e-15,0,True,0.005940466219034974,False,False,0.9373605999862775,0.006589800002984703,1.5600002370774746e-05,0.9439808999886736,7.569054708058181,0.042511863000022285,0.005648258951709161,1.479826355938525,0.008738945069514977,0.005940466219034974,0.4690764625655426,6.1016166085448725e-05,0.00013009415053141275,6.504142406615513,-0.032124162785816875,0.004914757139221021,1.8828514699460943,-0.008118412855428903,0.004293253387727812,10.159717286845428,0.0002827131545721784,6.6513889404545425,4.365507686681043,38621.01188808161,9.655088605438069,0.7167079206243432,45,False,6,False,False,True,False,False,True,True,False,False,True,True,False,True
11.799999999999974,0.1,0.7208359492508559,45,0.06743184691119386,optimal,18,success,0.00028353803527270984,0.00028353803527103594,0.0,1.6738997341003703e-15,0,True,0.0058991463018175415,False,False,0.9178694000001997,0.006542999995872378,1.479999627918005e-05,0.9244397000293247,7.611381784358109,0.042327076299927255,0.005592121860985484,1.488556068113492,0.008729712174966878,0.0058991463018175415,0.4691392844455941,6.282188005149567e-05,0.00013392673703536715,6.472120267821259,-0.03202213879425422,0.004923345276340162,1.874826481470548,-0.008024988475546266,0.004262146326271833,10.159716461964729,0.00028353803527103594,6.672863247170642,4.420694625760835,38609.43303999587,9.652192513291984,0.7208359492508559,45,False,6,False,False,True,False,False,True,True,False,False,True,True,False,True
11.899999999999974,0.1,0.724984512150042,45,0.0673871292495775,optimal,18,success,0.00028437059798747815,0.00028437059798669395,0.0,7.842034313587654e-16,0,True,0.005859208999511609,False,False,0.9407551999902353,0.00614720000885427,1.4099990949034691e-05,0.946928899968043,7.653526042953447,0.04214425859533848,0.005537004947241998,1.49727782922406,0.008721761110568188,0.005859208999511609,0.4692038163029982,6.453185740409092e-05,0.00013755372773855746,6.440198597776631,-0.031921670044627704,0.004932181220942244,1.8668931092519296,-0.007933372218618279,0.004231523448717036,10.159715629402013,0.00028437059798669395,6.69386807411778,4.47607486195585,38597.857665043535,9.649297289843226,0.724984512150042,45,False,6,False,False,True,False,False,True,True,False,False,True,True,False,True
11.999999999999973,0.1,0.729153704722164,45,0.06734260949799907,optimal,18,success,0.00028521078855021345,0.00028521078855092696,0.0,7.135134497127105e-16,0,True,0.005820607837478334,False,False,0.9284919999772683,0.006693399976938963,1.5700003132224083e-05,0.9352149000042118,7.695489422036621,0.0419633790831733,0.005482881857024412,1.5059928962917242,0.00871506706766411,0.005820607837478334,0.4692699631623929,6.614685939469581e-05,0.00014097681454487595,6.40837586046884,-0.03182273730779156,0.004941266457027865,1.8590495845609696,-0.007843524690960155,0.0042013785642516415,10.15971478921145,0.00028521078855092696,6.714403798472964,4.5316473177046435,38586.285762182815,9.646402934831231,0.729153704722164,45,False,6,False,False,True,False,False,True,True,False,False,True,True,False,True
12.099999999999973,0.1,0.7333436227270181,45,0.06729828546626714,optimal,18,success,0.0002860584095906663,0.00028605840959272655,0.0,2.0602551782655798e-15,0,True,0.005783298156410804,False,False,0.9402222000062466,0.006545500014908612,1.4599994756281376e-05,0.946796300006099,7.737273829308224,0.04178440727160253,0.005429727075181169,1.5147025022324159,0.008709605940691695,0.005783298156410804,0.4693376308178673,6.766765547440955e-05,0.00014419771301448685,6.376650538911873,-0.03172532155696642,0.004950602500185653,1.8512941770526132,-0.007755407508356453,0.004171705570826912,10.159713941590407,0.00028605840959272655,6.7344707692396515,4.5874109669764715,38574.71733037226,9.643509447995504,0.7333436227270181,45,False,6,False,False,True,False,False,True,True,False,False,True,True,False,True
12.199999999999973,0.1,0.7375543622857942,45,0.0672541550011613,optimal,18,success,0.0002869130999281924,0.00028691309992900926,0.0,8.16837916750579e-16,0,True,0.005747237024167785,False,False,0.9360350000206381,0.006944100023247302,1.5899946447461843e-05,0.9430102999904193,7.778881142287241,0.041607312979016514,0.005377515892149387,1.5234078565338456,0.008705354301429727,0.005747237024167785,0.4694067258402828,6.909502241553311e-05,0.00014721815997393645,6.345021134945024,-0.031629403966849205,0.004960190898629129,1.8436251937915356,-0.007668983261077577,0.004142498451157623,10.159713086900071,0.00028691309992900926,6.754069335649964,4.6433648336322,38563.152368570685,9.640616829075634,0.7375543622857942,45,False,6,False,False,True,False,False,True,True,False,False,True,True,False,True
12.299999999999972,0.1,0.7417860198829517,45,0.06721021598592088,optimal,17,success,0.00028777431585001793,0.00028777431585069735,0.0,6.794152913880414e-16,0,True,0.005712383154943564,False,False,0.9486418999731541,0.006357699981890619,1.6000005416572094e-05,0.9550293000065722,7.820313208620229,0.04143206633298799,0.005326224372777295,1.5321101459116182,0.00870228937777262,0.005712383154943564,0.46947715558376013,7.042974347729736e-05,0.0001500399112331026,6.313486169032297,-0.0315349659127269,0.0049700332342549605,1.8360409783073306,-0.007584215484204935,0.004113751270998581,10.15971222568415,0.00028777431585069735,6.773199878935491,4.699507989854652,38551.59087573727,9.637725077811288,0.7417860198829517,45,False,6,False,False,True,False,False,True,True,False,False,True,True,False,True
12.399999999999972,0.1,0.7460386923681126,45,0.06716646633973922,optimal,17,success,0.0002886413160544692,0.00028864131605388366,0.0,5.855233832507967e-16,0,True,0.005678696831009368,False,False,0.9384896999690682,0.006633399985730648,1.5400000847876072e-05,0.9451526000048034,7.861571846389468,0.041258637769239645,0.0052758293266004725,1.5408105349419638,0.008700389030345606,0.005678696831009368,0.46954882819137456,7.167260761441674e-05,0.0001526647394063235,6.282044180062702,-0.031441988969595026,0.004980131123723411,1.8285399096795687,-0.007501068627761821,0.004085458176797966,10.159711358683946,0.00028864131605388366,6.791862846978214,4.755839554648573,38540.032850831456,9.634834193942208,0.7460386923681126,45,False,6,False,False,True,False,False,True,True,False,False,True,True,False,True
12.499999999999972,0.1,0.7503124769579703,45,0.0671229040172707,optimal,17,success,0.0002895131522916928,0.00028951315229264196,0.0,9.491647919024349e-16,0,True,0.005646139829518412,False,False,0.9181720999768004,0.006082500040065497,1.5199999324977398e-05,0.924282599997241,7.902658844420076,0.041086998030607655,0.005226308279492148,1.5495101666730413,0.008699631731077392,0.005646139829518412,0.46962165260010125,7.282440872671586e-05,0.0001550944318341153,6.250693725151422,-0.031350454911280065,0.0049904862195616,1.821120401651686,-0.007419508027882675,0.004057613393400236,10.159710486847708,0.00028951315229264196,6.810058791018795,4.812358692409823,38528.478292813044,9.631944177208211,0.7503124769579703,45,False,6,False,False,True,False,False,True,True,False,False,True,True,False,True
12.599999999999971,0.1,0.754607471238216,45,0.06707952700814443,optimal,17,success,0.00029038866786394084,0.0002903886678637946,0.0,1.4625887306829455e-16,0,True,0.005614675353550613,False,False,0.936771199980285,0.006146500003524125,1.5400000847876072e-05,0.9429465000284836,7.943575962586085,0.04091711816600849,0.005177639446614771,1.5582101632159366,0.008699996542895227,0.005614675353550613,0.46969553854504953,7.388594494829701e-05,0.0001573307886023164,6.219433379441856,-0.03126034570956573,0.0050011002112903,1.8137809017714992,-0.007339499880186702,0.004030211222459569,10.159709611332136,0.0002903886678637946,6.827788403229926,4.869064611563006,38516.9272006421,9.629055027349196,0.754607471238216,45,False,6,False,False,True,False,False,True,True,False,False,True,True,False,True
12.69999999999997,0.1,0.7589237731654815,45,0.06703633333648566,optimal,17,success,0.0002912665059964241,0.0002912665059984221,0.0,1.9979677634562876e-15,0,True,0.005584267966046544,False,False,0.9214099000091664,0.00649529998190701,2.6399968191981316e-05,0.9279446000000462,7.98432493211549,0.04074896952940506,0.005129801706603049,1.5669116263147516,0.008701463098814912,0.005584267966046544,0.46977039656302405,7.485801797452217e-05,0.00015937562065504348,6.188261735908533,-0.031171643533322996,0.005011974826575022,1.8065198905585096,-0.0072610112129896515,0.004003246040300625,10.159708733494002,0.0002912665059984221,6.845052553598618,4.925956563265852,38505.379573279046,9.62616674410514,0.7589237731654815,45,False,6,False,False,True,False,False,True,True,False,False,True,True,False,True
12.79999999999997,0.1,0.7632614810692996,45,0.06699332106044384,optimal,17,success,0.0002921451296639111,0.0002921451296646893,0.0,7.781861093014708e-16,0,True,0.0055548835279145645,False,False,0.9576541999704204,0.00588360003894195,1.6200006939470768e-05,0.9635707999696024,8.024907455894262,0.04058252377877285,0.005082774576913454,1.5756156378974653,0.008704011582713635,0.0055548835279145645,0.46984613799544905,7.574143242498454e-05,0.00016123074799759786,6.15717740516089,-0.031084330747643343,0.005023111832402105,1.799335880696911,-0.007184009861598454,0.003976712295914672,10.159707854870335,0.0002921451296646893,6.861852324244044,4.983033840177669,38493.83540968459,9.623279327216098,0.7632614810692996,45,False,6,False,False,True,False,False,True,True,False,False,True,True,False,True
12.89999999999997,0.1,0.7676206936540826,45,0.0669504882717328,optimal,17,success,0.0002930228536716653,0.00029302285367371894,0.0,2.0536415450134182e-15,0,True,0.005526489139998328,False,False,1.0904139000340365,0.006385499960742891,1.5900004655122757e-05,1.096839799953159,8.065325208769323,0.04041775287506236,0.005036538190278529,1.584323260609117,0.00870762271165188,0.005526489139998328,0.46992267499068946,7.65369952403986e-05,0.00016289799798490615,6.1261790152479145,-0.030998389912975266,0.005034513036280667,1.7922274162519292,-0.007108464444981899,0.003950604509830971,10.159706977146326,0.00029302285367371894,6.878189039089872,5.040295775287928,38482.29470881974,9.620392776422202,0.7676206936540826,45,False,6,False,False,True,False,False,True,True,False,False,True,True,False,True
12.99999999999997,0.1,0.7720015100011173,45,0.06690783309517423,optimal,17,success,0.0002938978886877286,0.00029389788868527944,0.0,2.4491584975361302e-15,0,True,0.005499053087545207,False,False,0.9616004999843426,0.0067331999889574945,1.7300015315413475e-05,0.9683666999917477,8.105579837850485,0.0402546290811622,0.00499107327220902,1.5930355383270394,0.008712277717922254,0.005499053087545207,0.46999992050580097,7.724551511151419e-05,0.0001643792036914257,6.0952652114636505,-0.030913803784263873,0.0050461802874712195,1.7851930719098026,-0.007034344342126506,0.00392491727240585,10.159706102111315,0.00029389788868527944,6.894064286768126,5.09774174079987,38470.75746964586,9.61750709146366,0.7720015100011173,45,False,6,False,False,True,False,False,True,True,False,False,True,True,False,True
13.09999999999997,0.1,0.776404029570579,45,0.0668653536882447,optimal,17,success,0.00029476839560377337,0.00029476839560160784,0.0,2.1655312092139223e-15,0,True,0.005472544788111477,False,False,0.9888280000304803,0.005923199991229922,1.3999990187585354e-05,0.9947778999921866,8.145672962811348,0.0400931249608634,0.0049463611194897165,1.6017534966595874,0.008717958332548001,0.005472544788111477,0.47007778830773883,7.786780193788526e-05,0.0001656762023578346,6.064434656153558,-0.030830555310092808,0.005058115478241757,1.7782314522414662,-0.006961619668336442,0.0038996452416706334,10.159705231604399,0.00029476839560160784,6.909479934803911,5.155371147062666,38459.223691124585,9.61462227208076,0.776404029570579,45,False,6,False,False,True,False,False,True,True,False,False,True,True,False,True
13.199999999999969,0.1,0.780828352203563,45,0.06682304824063817,optimal,17,success,0.0002956325472443916,0.0002956325472425192,0.0,1.872417151882466e-15,0,True,0.0054469347432062765,False,False,0.9729496999643743,0.0067885000025853515,1.680001150816679e-05,0.9797695999732241,8.185606176189163,0.039933213377814705,0.004902383579616778,1.6104781434305946,0.008724646771007245,0.0054469347432062765,0.4701561929740528,7.840466631397206e-05,0.00016679083390905517,6.033686028521728,-0.030748627631829027,0.005070320545152303,1.7713411909864105,-0.0068902612550556935,0.003874783142751467,10.159704367452758,0.0002956325472425192,6.924438133539232,5.213183441544648,38447.69337221787,9.611738318013877,0.780828352203563,45,False,6,False,False,True,False,False,True,True,False,False,True,True,False,True
13.299999999999969,0.1,0.7852745781241346,45,0.06678091497382777,optimal,17,success,0.0002964885932824529,0.00029648859328545996,0.0,3.0070347253885465e-15,0,True,0.005422194491905936,False,False,0.9443346000043675,0.00638869998510927,1.5600002370774746e-05,0.9507533999858424,8.225381043683644,0.039774867494481225,0.00485912303113006,1.6192104691492388,0.008732325718644268,0.005422194491905936,0.4702350498930935,7.885691904071916e-05,0.00016772493953955245,6.003018024438959,-0.0306680040827695,0.005082797470368748,1.7645209503581365,-0.006820240628274068,0.0038503257661366,10.159703511406715,0.00029648859328545996,6.9389413088855525,5.271178107839484,38436.166511888,9.608855229003447,0.7852745781241346,45,False,6,False,False,True,False,False,True,True,False,False,True,True,False,True
13.399999999999968,0.1,0.7897428079413972,45,0.06673895214063615,optimal,17,success,0.0002973349234885971,0.0002973349234878242,0.0,7.729277287649161e-16,0,True,0.005398296567995583,False,False,0.9405927999760024,0.006946500041522086,1.750001683831215e-05,0.9475725999800488,8.264999104454741,0.039618060771098154,0.004816562364794185,1.6279514474677097,0.008740978318470854,0.005398296567995583,0.47031427526375374,7.922537066022803e-05,0.00016848036036071678,5.972429356251669,-0.030588668187290266,0.005095548283007042,1.757769420369573,-0.006751529988563439,0.0038262679664943125,10.159702665076512,0.0002973349234878242,6.952992143792771,5.329354664696797,38424.643109097546,9.605973004789995,0.7897428079413972,45,False,6,False,False,True,False,False,True,True,False,False,True,True,False,True
13.499999999999968,0.1,0.7942331426515795,45,0.06669715802480994,optimal,17,success,0.00029817012432725254,0.00029817012432609147,0.0,1.1610721065147267e-15,0,True,0.0053752144589428305,False,False,1.01016319997143,0.0070668000262230635,1.680001150816679e-05,1.017260599997826,8.304461871419361,0.039462766964620755,0.004774684965585873,1.636702035626595,0.008750588158885342,0.0053752144589428305,0.4703937860947654,7.951083101164006e-05,0.00016905893610618165,5.941918752591672,-0.03051060365999679,0.0051085750605086135,1.7510853181781985,-0.006684102191374556,0.003802604661292387,10.159701829875674,0.00029817012432609147,6.966593549193647,5.387712665069148,38413.1231628094,9.603091645114118,0.7942331426515795,45,False,6,False,False,True,False,False,True,True,False,False,True,True,False,True
13.599999999999968,0.1,0.7987456836401406,45,0.06665553094060198,optimal,17,success,0.00029899302447736165,0.00029899302447944365,0.0,2.081993431823914e-15,0,True,0.005352922567908189,False,False,1.18896279996261,0.006284300005063415,1.969997538253665e-05,1.1952835999545641,8.343770831547035,0.03930896012767267,0.004733474695447564,1.645463174890042,0.008761139263446873,0.005352922567908189,0.47047350020357176,7.971410880637769e-05,0.00016946250389098148,5.911484958186795,-0.030433794404876306,0.0051218799300481975,1.7444673874497578,-0.0066179307284407254,0.003779330829708467,10.15970100697552,0.00029899302447944365,6.9797486260120225,5.446251695168033,38401.606671986774,9.600211149716497,0.7987456836401406,45,False,6,False,False,True,False,False,True,True,False,False,True,True,False,True
13.699999999999967,0.1,0.8032805326838947,45,0.06661406923235902,optimal,17,success,0.0002998027260313415,0.0002998027260332492,0.0,1.9077079325968693e-15,0,True,0.005331396177381802,False,False,1.0649635000154376,0.005964599957223982,1.4599994756281376e-05,1.0709559000097215,8.382927446154522,0.039156614607486956,0.0046929158767687355,1.6542357909706733,0.008772616080631294,0.005331396177381802,0.47055333621479306,7.983601122132195e-05,0.00016969289702135673,5.881126733672344,-0.03035822451445122,0.005135465069975052,1.737914397739574,-0.006552989710183876,0.003756441511792153,10.159700197273967,0.0002998027260332492,6.99246062049586,5.504971373522923,38390.093635593184,9.597331518337885,0.8032805326838947,45,False,6,False,False,True,False,False,True,True,False,False,True,True,False,True
13.799999999999967,0.1,0.8078377919531537,45,0.06657277127411033,optimal,17,success,0.00030059861970892237,0.0003005986197095467,0.0,6.243378210257777e-16,0,True,0.005310611414966556,False,False,1.0478793000220321,0.005587199993897229,1.379998866468668e-05,1.053491699974984,8.421933151199369,0.03900570504484685,0.004652993276559949,1.6630207944452484,0.008785003474575087,0.005310611414966556,0.47063321355830195,7.987734350887765e-05,0.0001697519438527923,5.85084285540341,-0.030283878268933646,0.0051493327112887306,1.731425143892337,-0.0064892538472369685,0.0037339318068123754,10.15969940138029,0.0003005986197095467,7.00473287556237,5.56387135003905,38378.58405259246,9.59445275071912,0.8078377919531537,45,False,6,False,False,True,False,False,True,True,False,False,True,True,False,True
13.899999999999967,0.1,0.8124175640138903,45,0.06653163546916825,optimal,17,success,0.0003013803841341128,0.0003013803841298568,0.0,4.255981417983223e-15,0,True,0.005290545221066268,False,False,0.9215140999876894,0.0064131999970413744,1.5099998563528061e-05,0.9279562000301667,8.460789357572388,0.03885620637301884,0.004613692091284924,1.6718190811618345,0.008798286716586138,0.005290545221066268,0.4707130524669248,7.983890862286075e-05,0.00016964146669382976,5.82063211526803,-0.030210740135380817,0.005163485139150574,1.724998445457669,-0.006426698434667935,0.003711796872846822,10.15969861961587,0.0003013803841298568,7.016568780975593,5.6229513050514255,38367.07792194872,9.591574846601105,0.8124175640138903,45,False,6,False,False,True,False,False,True,True,False,False,True,True,False,True
13.999999999999966,0.1,0.8170199518299185,45,0.06649066024972816,optimal,17,success,0.0003021479707765049,0.00030214797077832145,0.0,1.8165265298908384e-15,0,True,0.0052711753176033,False,False,0.9703098000027239,0.006435899995267391,1.550000160932541e-05,0.9767752999905497,8.499497451389068,0.03870809381668003,0.004574997932318971,1.680631532637953,0.00881245147611849,0.0052711753176033,0.4707927739737848,7.972150685995162e-05,0.00016936328075489973,5.790493320501179,-0.030138794766850947,0.005177924694432111,1.7186331461223086,-0.006365299335360501,0.0036900319256065696,10.159697852029222,0.00030214797077832145,7.027971725020874,5.682210948374472,38355.575242626444,9.588697805724838,0.8170199518299185,45,False,6,False,False,True,False,False,True,True,False,False,True,True,False,True
14.099999999999966,0.1,0.8216450587650947,45,0.0664498440764729,optimal,17,success,0.00030290157732656395,0.0003029015773226007,0.0,3.963246831412137e-15,0,True,0.00525248017831922,False,False,0.9743429999798536,0.006202999968081713,1.4399993233382702e-05,0.9805739999865182,8.538058794279914,0.03856134289084552,0.004536896812004275,1.6894590164501921,0.0088274838122391,0.00525248017831922,0.47087229990930113,7.95259355163334e-05,0.00016891919314114548,5.760425293499619,-0.03006802700155993,0.005192653775301735,1.7123281131587778,-0.006305032963530771,0.003668632237052215,10.159697098422678,0.0003029015773226007,7.038945049945342,5.741650018348173,38344.07601359037,9.585821627831379,0.8216450587650947,45,False,6,False,False,True,False,False,True,True,False,False,True,True,False,True
14.199999999999966,0.1,0.8262929885855377,45,0.06640918543818626,optimal,17,success,0.0003036416129368742,0.0003036416129393871,0.0,2.5128553751696536e-15,0,True,0.005234439000448708,False,False,0.9403250999748707,0.006287800031714141,1.4899997040629387e-05,0.9466453000204638,8.576474723679697,0.03841592939978243,0.004499375130271912,1.6983023866155587,0.008843370165366602,0.005234439000448708,0.47095155289786045,7.925298855930286e-05,0.0001683110018885555,5.730426871637581,-0.029998421862037612,0.005207674838850785,1.7060822368882282,-0.00624587627054941,0.003647593135072386,10.15969635838706,0.0003036416129393871,7.049492012878875,5.801268280883017,38332.58023380557,9.582946312661868,0.8262929885855377,45,False,6,False,False,True,False,False,True,True,False,False,True,True,False,True
14.299999999999965,0.1,0.8309638454618672,45,0.06636868285136717,optimal,17,success,0.0003043686589089801,0.0003043686589112582,0.0,2.2780713947179176e-15,0,True,0.00522299040276059,False,False,0.9302502000355162,0.006540299975313246,1.610000617802143e-05,0.9368208999512717,8.61474655311562,0.03827182943592279,0.004462419661805106,1.7071624839643431,0.00886009734878445,0.005217031677404157,0.4710304563541745,7.89034563140689e-05,0.0001675404950436195,5.700496907083297,-0.029929964554284476,0.00522299040276059,1.6998944301584147,-0.006187806729813561,0.003626910002357024,10.159695631341089,0.0003043686589112582,7.059615753327123,5.861065528506889,38321.087902237436,9.580071859957533,0.8309638454618672,45,False,6,False,False,True,False,False,True,True,False,False,True,True,False,True
14.399999999999965,0.1,0.8356577339714629,45,0.06632833485984779,optimal,17,success,0.00030508342812199537,0.0003050834281204118,0.0,1.5835856931323278e-15,0,True,0.0052386030470117995,False,False,0.9246754999621771,0.005945999990217388,1.479999627918005e-05,0.9306488999864087,8.652875572494388,0.03812901937876913,0.004426017543717446,1.716040136504067,0.008877652539723911,0.005200238772297984,0.47110893447934027,7.847812516573226e-05,0.00016660944978624364,5.670634266616369,-0.029862640466927895,0.0052386030470117995,1.6937636278362593,-0.006130802322155286,0.003606578275324987,10.15969491657188,0.0003050834281204118,7.069319267720729,5.921041579417572,38309.599017851644,9.577198269459673,0.8356577339714629,45,False,6,False,False,True,False,False,True,True,False,False,True,True,False,True
14.499999999999964,0.1,0.8403747591007432,45,0.06628814003441992,optimal,17,success,0.000305786725921433,0.0003057867259190772,0.0,2.3558086904851283e-15,0,True,0.0052545154156374806,False,False,0.9693982999888249,0.0066651999950408936,1.6000005416572094e-05,0.9760935000376776,8.690863048388177,0.03798747589379023,0.004390156263721643,1.7249361597752473,0.008896023271180418,0.00518404149293587,0.47118691225661663,7.797777727638872e-05,0.00016551963159554197,5.640837831445991,-0.029796435170377847,0.0052545154156374806,1.6876887863132295,-0.006074841523029749,0.0035865934438503717,10.159694213274081,0.0003057867259190772,7.078605390976503,5.981196276544657,38298.113579614204,9.574325540909665,0.8403747591007432,45,False,6,False,False,True,False,False,True,True,False,False,True,True,False,True
14.599999999999964,0.1,0.845115026247462,45,0.06624809697245854,optimal,17,success,0.0003064794144640277,0.00030647941446382276,0.0,2.0491421059976034e-16,0,True,0.005270730218521564,False,False,0.9874344000127167,0.006283800001256168,1.580000389367342e-05,0.9937474000034854,8.728710224319492,0.037847175931315036,0.004354823648766878,1.7338513571973229,0.00891519742207569,0.005168421666826966,0.47126431544693426,7.740319031762763e-05,0.00016427279345881428,5.611106497030009,-0.02973133441598203,0.005270730218521564,1.6816688830252147,-0.006019903288014834,0.003566951049763958,10.159693520585536,0.00030647941446382276,7.087476784614825,6.04152948662446,38286.63158649142,9.571453674048962,0.845115026247462,45,False,6,False,False,True,False,False,True,True,False,False,True,True,False,True
14.699999999999964,0.1,0.8498786412230266,45,0.06620820429755707,optimal,17,success,0.0003071623817764011,0.0003071623817785252,0.0,2.1240604761163517e-15,0,True,0.005287250233244221,False,False,0.941893900046125,0.005591899971477687,1.4099990949034691e-05,0.9475108999758959,8.766418321044906,0.03770809672541338,0.0043200078541217905,1.742786520407112,0.008935163209789088,0.005153361718522572,0.47134107058415226,7.675513721800358e-05,0.00016287067512253946,5.581439172894829,-0.029667324135180077,0.005287250233244221,1.6757029159842336,-0.00596596704098111,0.0035476466866941826,10.159692837618222,0.0003071623817785252,7.095935930696228,6.102041099291193,38275.15303744992,9.568582668619095,0.8498786412230266,45,False,6,False,False,True,False,False,True,True,False,False,True,True,False,True
14.799999999999963,0.1,0.8546657102548348,45,0.06616846065916025,optimal,17,success,0.00030783651612619763,0.00030783651612686924,0.0,6.716090357461457e-16,0,True,0.005304078306975816,False,False,0.9644316000049002,0.005918000009842217,1.4299992471933365e-05,0.9703793000080623,8.803988536837679,0.03757021579277202,0.004285697352883551,1.7517424295872022,0.008955909180090212,0.00513884464633002,0.4714171049700779,7.603438592565157e-05,0.000161315002385468,5.551834782456172,-0.0296043904386565,0.005304078306975816,1.6697899033230694,-0.005913012661164285,0.003528675999045597,10.159692163483873,0.00030783651612686924,7.103985130682051,6.162731026187087,38263.67793145663,9.565712524361675,0.8546657102548348,45,False,6,False,False,True,False,False,True,True,False,False,True,True,False,True
14.899999999999963,0.1,0.8594763399886316,45,0.06612886473220421,optimal,17,success,0.00030850268577555114,0.0003085026857743145,0.0,1.2366409979369664e-15,0,True,0.00532121735842123,False,False,0.9124584000092,0.005749800009652972,1.4899997040629387e-05,0.9182353000505827,8.84142204776924,0.03743351093156112,0.004251880925893042,1.7607198537865658,0.00897742419936371,0.005124854001212518,0.47149234666926343,7.524169918555888e-05,0.00015960748643249734,5.52229226284068,-0.029542519615492535,0.00532121735842123,1.6639288828517456,-0.00586102047132395,0.0035100346814050444,10.159691497314226,0.0003085026857743145,7.1116265082706205,6.223599200093533,38252.206267478796,9.562843241018392,0.8594763399886316,45,False,6,False,False,True,False,False,True,True,False,False,True,True,False,True
14.999999999999963,0.1,0.8643106374908854,45,0.06608941521675679,optimal,17,success,0.00030916172380692283,0.00030916172380734963,0.0,4.267961851989188e-16,0,True,0.005338670379816322,False,False,0.9485186999663711,0.007054299989249557,1.8600025214254856e-05,0.9556064999778755,8.878720007989536,0.03729796022029504,0.0042185476520381245,1.7697195512314736,0.008999697444907903,0.005111373865384291,0.47156672450359477,7.437783433131458e-05,0.00015774982320866432,5.492810564708364,-0.029481698132316388,0.005338670379816322,1.6581189116263155,-0.005809971225429953,0.0034917184774582795,10.159690838276193,0.00030916172380734963,7.1188620152859405,6.284645574084811,38240.73804448396,9.559974818331002,0.8643106374908854,45,False,6,False,False,True,False,False,True,True,False,False,True,True,False,True
15.099999999999962,0.1,0.8691687102511847,45,0.06605011083766703,optimal,17,success,0.00030981441747147026,0.000309814417468246,0.0,3.2242546306460174e-15,0,True,0.00535644043897837,False,False,1.1361539000063203,0.0060196000267751515,1.550000160932541e-05,1.1422019000165164,8.915883550006214,0.03716354201667771,0.004185686898926423,1.7787422696287876,0.009022718397313835,0.0050983888328720245,0.47164016804668546,7.34435430906996e-05,0.00015574369283161696,5.4633886520759125,-0.029421912632451495,0.00535644043897837,1.6523590655277685,-0.00575984609854701,0.00347372318002069,10.159690185582532,0.000309814417468246,7.1256934397750955,6.345870120705294,38229.273261439994,9.557107256041354,0.8691687102511847,45,False,6,False,False,True,False,False,True,True,False,False,True,True,False,True
15.199999999999962,0.1,0.8740506661846539,45,0.06601095034421156,optimal,17,success,0.00031046150138861384,0.0003104615013889145,0.0,3.006492624302304e-16,0,True,0.005374530681412585,False,False,1.0223154000123031,0.006774200010113418,1.7400016076862812e-05,1.0291212999727577,8.95291378496266,0.0370302349564461,0.004153288313912567,1.787788746460396,0.009046476831608445,0.00508588399009396,0.4717126076180904,7.243957140494857e-05,0.00015359075904191884,5.434025502140849,-0.029363149935063337,0.005374530681412585,1.6466484388528662,-0.005710626674902405,0.0034560446297902045,10.159689538498611,0.0003104615013889145,7.132122415580558,6.407272831170628,38217.81191731505,9.554240553891361,0.8740506661846539,45,False,6,False,False,True,False,False,True,True,False,False,True,True,False,True
15.299999999999962,0.1,0.8789566136343896,45,0.06597193250974819,optimal,17,success,0.0003111036538930681,0.00031110365389430683,0.0,1.238755192173313e-15,0,True,0.005392944332476606,False,False,0.9431367000215687,0.006101700011640787,1.5900004655122757e-05,0.9492664999561384,8.989811802914861,0.036898017952200185,0.004121341815462827,1.7968597092695362,0.009070962809140212,0.00507384489755829,0.4717839742773513,7.136665926090271e-05,0.00015129266868924317,5.404720105106545,-0.029305397034303834,0.005392944332476606,1.6409861439152542,-0.005662294937611934,0.0034386787149032,10.159688896346106,0.00031110365389430683,7.138150432776131,6.468853714592905,38206.35401107762,9.55137471162303,0.8789566136343896,45,False,6,False,False,True,False,False,True,True,False,False,True,True,False,True
15.399999999999961,0.1,0.8838866613739159,45,0.06593305613137426,optimal,17,success,0.0003117414958550265,0.0003117414958548892,0.0,1.3731420514528914e-16,0,True,0.005411684699605155,False,False,0.9211779000470415,0.006172199966385961,1.5300000086426735e-05,0.9273787999991328,9.026578673107084,0.03676687019222177,0.004089837584842484,1.8059558759397494,0.009096166670213287,0.005062257572635474,0.4718541998178869,7.02255405355699e-05,0.00014885105125314382,5.375471464008092,-0.029248641098453453,0.005411684699605155,1.6353713106561245,-0.005614833259129769,0.0034216213707528643,10.159688258504145,0.0003117414958548892,7.143778848477382,6.530612797229553,38194.89954169649,9.548509728978422,0.8838866613739159,45,False,6,False,False,True,False,False,True,True,False,False,True,True,False,True
15.499999999999961,0.1,0.8888409186096603,45,0.06589432002958107,optimal,17,success,0.0003123755913658549,0.0003123755913652104,0.0,6.444497713253838e-16,0,True,0.005430755174597082,False,False,0.9443674000212923,0.006046599999535829,1.5199999324977398e-05,0.9504432000103407,9.063215444246373,0.03663677113928862,0.004058766058112436,1.8150779549648217,0.009122079025072314,0.00505110847203038,0.4719232167607396,6.901694285274524e-05,0.00014626751839738307,5.34627859453903,-0.029192869469060898,0.005430755174597082,1.6298030862662407,-0.0055682243898837434,0.0034048685785307837,10.159687624408635,0.0003123755913652104,7.149008897650468,6.592550121755414,38183.44850814076,9.545645605699704,0.8888409186096603,45,False,7,False,False,True,False,False,True,True,True,False,True,True,False,True
15.59999999999996,0.1,0.8938194949834495,45,0.06585572304792185,optimal,17,success,0.00031300644976672414,0.0003130064497671725,0.0,4.483718084313804e-16,0,True,0.005450159235967151,False,False,1.0096063999808393,0.006606700015254319,1.6300007700920105e-05,1.016242699988652,9.099723144775844,0.03650770052947136,0.004028117918420184,1.8242266457131744,0.009148690748352672,0.00504038447678132,0.4719909583481903,6.774158745068506e-05,0.0001435436635553986,5.31714052487895,-0.029138069660080375,0.005450159235967151,1.6242806348159,-0.005522451450340676,0.0033884163656802287,10.159686993550233,0.0003130064497671725,7.153841703642557,6.654665746557223,38172.000909379836,9.542782341529096,0.8938194949834495,45,False,7,False,False,True,False,False,True,True,True,False,True,True,False,True
15.69999999999996,0.1,0.8988225005750236,45,0.06581726405267235,optimal,17,success,0.00031363452858822617,0.00031363452858990115,0.0,1.6749839362728558e-15,0,True,0.005469900451364808,False,False,0.9315201999852434,0.010783000034280121,4.6900007873773575e-05,0.9423760999925435,9.13610278314677,0.03637963837092559,0.003997884088573745,1.8334026386833246,0.009175992970150227,0.005030072875929793,0.4720573585372511,6.640018906080628e-05,0.0001406810615465699,5.288056295521945,-0.029084229357005484,0.005469900451364808,1.6188031368956042,-0.005477497920295789,0.0033722608044986155,10.15968636547141,0.00031363452858990115,7.158278288240652,6.716959745049722,38160.55674438344,9.539919936208902,0.8988225005750236,45,False,7,False,False,True,False,False,True,True,True,False,True,True,False,True
15.79999999999996,0.1,0.9038500459045725,45,0.06577894193250217,optimal,17,success,0.0003142602370553427,0.00031426023705272144,0.0,2.621275592418204e-15,0,True,0.005489982480062653,False,False,0.9938573999679647,0.006743700010702014,1.5700003132224083e-05,1.0006312999757938,9.17235534808944,0.036252564942668986,0.003968055723885193,1.8426066157535397,0.009203977070214971,0.005020161352459323,0.47212235199304753,6.49934557963912e-05,0.0001376812682208457,5.259024959105944,-0.02903133641600049,0.005489982480062653,1.6133697892649337,-0.005433347630670521,0.003356398012107951,10.159685739762947,0.00031426023705272144,7.1623195811335405,6.77943220501238,38149.11601212158,9.53705838948151,0.9038500459045725,45,False,7,False,False,True,False,False,True,True,True,False,True,True,False,True
15.89999999999996,0.1,0.9089022419352907,45,0.0657407555981456,optimal,17,success,0.00031488393989058324,0.0003148839398914305,0.0,8.472497876887974e-16,0,True,0.0055104090755171194,False,False,1.5644756999681704,0.005780500010587275,1.3599987141788006e-05,1.5702818999998271,9.208481808882787,0.03612646079334862,0.003938624205272815,1.8518392504242183,0.009232634670678487,0.005010637968920334,0.4721858740820986,6.352208905106345e-05,0.0001345458201309623,5.2300455802429155,-0.02897937886302844,0.0055104090755171194,1.607979804510232,-0.005389984754701673,0.0033408241499039105,10.159685116060109,0.0003148839398914305,7.165966428704885,6.842083227945824,38137.6787115646,9.534197701089383,0.9089022419352907,45,False,7,False,False,True,False,False,True,True,True,False,True,True,False,True
15.99999999999996,0.1,0.9139792000759516,45,0.06570270398207378,optimal,17,success,0.0003155059612149535,0.00031550596121476815,0.0,1.8534436138639698e-16,0,True,0.005531184088004111,False,False,1.0940968999639153,0.00847619998967275,1.680001150816679e-05,1.1026042999583296,9.244483115622787,0.03600130673999928,0.003909581132610948,1.86110120805395,0.0092619576297318,0.005001491154056744,0.4722478608655051,6.198678340645704e-05,0.00013127623423075856,5.2011172353499395,-0.02892834489297584,0.005531184088004111,1.6026324107115022,-0.005347393798729783,0.003325535422603472,10.159684494038785,0.00031550596121476815,7.1692196021261,6.904912928446916,38126.24484168315,9.531337870775051,0.9139792000759516,45,False,7,False,False,True,False,False,True,True,True,False,True,True,False,True
16.09999999999996,0.1,0.9190810321835023,45,0.06566478603817501,optimal,17,success,0.00031612658840216376,0.0003161265884017439,0.0,4.198572912950116e-16,0,True,0.0055523114673323975,False,False,1.1641760999918915,0.006576500018127263,1.699995482340455e-05,1.1707838000147603,9.28036019948957,0.03587708386678347,0.003880918318316003,1.8703931460895327,0.0092919380355828,0.004992709690032851,0.4723082490920535,6.038822654842952e-05,0.00012787400759794638,5.172239012481166,-0.028878222868773645,0.0055523114673323975,1.5973268511164616,-0.005305559595040615,0.0033105280784164145,10.159683873411598,0.0003161265884017439,7.17207980474743,6.967921433601576,38114.81440144817,9.528478898281131,0.9190810321835023,45,False,7,False,False,True,False,False,True,True,True,False,True,True,False,True
16.19999999999996,0.1,0.9242078505656789,45,0.06562700074143334,optimal,17,success,0.00031674607578614095,0.0003167460757840246,0.0,2.1163626406917047e-15,0,True,0.0055737952656378775,False,False,0.9454626999795437,0.006280700035858899,1.5900004655122757e-05,0.9517721000011079,9.316113973013296,0.035753773523726426,0.0038526277811601456,1.87971571428991,0.009322568200377294,0.004984282700066651,0.47236697619124507,5.872709919159169e-05,0.00012434061718059406,5.14341001116065,-0.028829001320515052,0.0055737952656378775,1.5920623838229437,-0.005264467293517858,0.0032957984083459347,10.159683253924216,0.0003167460757840246,7.1745476788066815,7.031108882394342,38103.38738983093,9.525620783350323,0.9242078505656789,45,False,7,False,False,True,False,False,True,True,True,False,True,True,False,True
16.29999999999996,0.1,0.9293597679836393,45,0.06558934708760814,optimal,17,success,0.0003173646481568336,0.00031736464815423915,0.0,2.594441588649188e-15,0,True,0.005595639640261621,False,False,0.978256699978374,0.006106200045906007,1.5099998563528061e-05,0.9843910000054166,9.351745330338733,0.03563135732543658,0.003824701740302091,1.8890695549439038,0.009353840653993844,0.004976199636404803,0.4724239802662567,5.700407501164353e-05,0.00012067751956598368,5.114629342216081,-0.028780668944569,0.005595639640261621,1.586838281470056,-0.005224102352887939,0.0032813427450898943,10.159682635351846,0.00031736464815423915,7.176623811489202,7.094475425133802,38091.963805803,9.522763525725392,0.9293597679836393,45,False,7,False,False,True,False,False,True,True,True,False,True,True,False,True
16.399999999999963,0.1,0.9345368976546186,45,0.06555182409292605,optimal,17,success,0.00031798250400591623,0.0003179825040042772,0.0,1.6390426342549613e-15,0,True,0.005617848856715097,False,False,0.9601801999961026,0.006514100008644164,1.5199999324977398e-05,0.9667225000448525,9.387255147488544,0.035509817149809636,0.003797132609525779,1.8984553030833593,0.009385748139455512,0.004968450269547764,0.4724792000868415,5.521982058480281e-05,0.00011688615077007964,5.085896127613391,-0.0287332146026901,0.005617848856715097,1.5816538309346702,-0.005184450535385649,0.003267157463949474,10.159682017495996,0.0003179825040042772,7.178308740381391,7.158021222892974,38080.54364833625,9.519907125149185,0.9345368976546186,45,False,7,False,False,True,False,False,True,True,True,False,True,True,False,True
16.499999999999964,0.1,0.9397393532546012,45,0.06551443079376115,optimal,17,success,0.0003185998185038485,0.0003185998185060157,0.0,2.167211722581275e-15,0,True,0.005640427291735858,False,False,0.9994617000338621,0.006352099997457117,1.5099998563528061e-05,1.0058418999542482,9.422644282625273,0.0353891351367283,0.0037699129916796037,1.907873586689732,0.009418283606372743,0.004961024676786502,0.47253257508217605,5.337499533454419e-05,0.00011296792604782155,5.057209500292267,-0.028686627321124286,0.005640427291735858,1.5765083330376928,-0.005145497896977342,0.003253238980830993,10.159681400181494,0.0003185998185060157,7.179602958364748,7.221746446963862,38069.126916402856,9.517051581364626,0.9397393532546012,45,False,7,False,False,True,False,False,True,True,True,False,True,True,False,True
16.599999999999966,0.1,0.9449672489210158,45,0.06547716624633172,optimal,17,success,0.00031921674620376885,0.00031921674620605245,0.0,2.2836008257975937e-15,0,True,0.0056633794364372506,False,False,1.1175790000124834,0.007453199999872595,2.1899992134422064e-05,1.125068299996201,9.457913576312013,0.0352692936867396,0.0037430356733060407,1.9173250268963564,0.009451440206624431,0.004953913232282445,0.4725840453336606,5.147025148454626e-05,0.00010892423972166426,5.028568604002556,-0.028640896289710324,0.0056633794364372506,1.5714011022554402,-0.005107230782252645,0.003239583753047334,10.159680783253794,0.00031921674620605245,7.180506917999323,7.285651278325369,38057.713608975326,9.514196894114713,0.9449672489210158,45,False,7,False,False,True,False,False,True,True,True,False,True,True,False,True
16.699999999999967,0.1,0.950220699255447,45,0.06544002952638935,optimal,17,success,0.00031983342347783754,0.0003198334234770783,0.0,7.592125712829745e-16,0,True,0.005686709899555805,False,False,1.0952140999725088,0.008145500032696873,2.0200037397444248e-05,1.1033949999837205,9.49306385177174,0.03515027545972785,0.0037164936194557857,1.926810238185143,0.009485211288786703,0.004947106596809389,0.4726335515676787,4.9506234018107515e-05,0.00010475646502867952,4.99997259314158,-0.02859601086097685,0.005686709899555805,1.5663314664391383,-0.0050696358163019005,0.003226188278107624,10.159680166576523,0.0003198334234770783,7.181021035445035,7.349735907123858,38046.30372502647,9.511343063142528,0.950220699255447,45,False,7,False,False,True,False,False,True,True,True,False,True,True,False,True
16.79999999999997,0.1,0.955499819326368,45,0.06540301972891614,optimal,17,success,0.00032044997069801724,0.00032044997069924364,0.0,1.2263952874069783e-15,0,True,0.005710423410800228,False,False,0.9787070999736898,0.006544700008817017,2.7100031729787588e-05,0.985292199999094,9.52809591514531,0.03503206337356826,0.0036902799686773457,1.936329828578685,0.00951959039354195,0.004940595708329028,0.472681035148322,4.748358064329692e-05,0.00010046595398443166,4.971420632592345,-0.0285519605492352,0.005710423410800228,1.5612987665406182,-0.005032699898520225,0.003213049093600506,10.159679550029301,0.00032044997069924364,7.181145693967683,7.414000532165659,38034.897263529376,9.508490088191229,0.955499819326368,45,False,7,False,False,True,False,False,True,True,True,False,True,True,False,True
16.89999999999997,0.1,0.9608047246718926,45,0.06536613596782388,optimal,17,success,0.00032106649417748496,0.00032106649417862343,0.0,1.138466491218404e-15,0,True,0.005734524824305876,False,False,1.011698999966029,0.006338600011076778,1.6600009985268116e-05,1.01806759997271,9.563010555748077,0.034914640602768596,0.003664388028175735,1.945884399827918,0.009554571249233087,0.004934371772936217,0.4727264380700857,4.5402921763665826e-05,9.605403726303277e-05,4.942911897562678,-0.02850873502966722,0.005734524824305876,1.5563023563441853,-0.004996410196432818,0.0032001627769830386,10.159678933505822,0.00032106649417862343,7.180881247073875,7.478445360420873,38023.494223457485,9.505637969004043,0.9608047246718926,45,False,7,False,False,True,False,False,True,True,True,False,True,True,False,True
16.99999999999997,0.1,0.9661355313025471,45,0.06532937737565259,optimal,17,success,0.0003216830878910461,0.0003216830878898236,0.0,1.2224921595860305e-15,0,True,0.005759019122199103,False,False,1.0070120000164025,0.006764299992937595,1.7200014553964138e-05,1.0138082000194117,9.597808546325178,0.03479799057710105,0.0036388112691337435,1.9554745475947812,0.00959014776686314,0.004928426255799796,0.47276970295054,4.326488045430603e-05,9.152202409269872e-05,4.914445573425269,-0.02846632413740892,0.005759019122199103,1.5513416022054543,-0.004960754138731004,0.0031875259447553673,10.15967831691211,0.0003216830878898236,7.180228021315901,7.543070606537897,38012.094603784506,9.502786705324281,0.9661355313025471,45,False,7,False,False,True,False,False,True,True,True,False,True,True,False,True
17.099999999999973,0.1,0.9714923557040608,45,0.06529274310327465,optimal,17,success,0.0003222998349938144,0.0003222998349947659,0.0,9.514958265732787e-16,0,True,0.005783911418275672,False,False,0.9441882999963127,0.006204799981787801,1.550000160932541e-05,0.9504236999782734,9.632490643305392,0.034682096980214544,0.0036135433221882378,1.9651008616306196,0.009626314035838256,0.00492275087276311,0.4728107730229828,4.107007244278461e-05,8.687120216559491e-05,4.88602085555864,-0.028424717866628743,0.005783911418275672,1.5464158827960433,-0.004925719409410972,0.003175135252228366,10.159677700165005,0.0003222998349947659,7.179186318804249,7.607876492368049,38000.698403484486,9.499936296895324,0.9714923557040608,45,False,7,False,False,True,False,False,True,True,True,False,True,True,False,True
17.199999999999974,0.1,0.9768753148401753,45,0.06525623231960098,optimal,17,success,0.00032291680915747445,0.00032291680916074483,0.0,3.2703874330852756e-15,0,True,0.005809206961797983,False,False,0.9271706999861635,0.005674700019881129,1.4299992471933365e-05,0.9328742999932729,9.667057587053629,0.03456694374823659,0.0035885779730562947,1.9747639259506273,0.009663064320007783,0.004917337582351613,0.4728495921290776,3.8819106094799174e-05,8.210283756142803e-05,4.857636949189039,-0.02838390636960139,0.005809206961797983,1.541524588853926,-0.004891293942117361,0.0031629873933223655,10.15967708319084,0.00032291680916074483,7.177756419462008,7.672863246499793,37989.30562153176,9.497086743460642,0.9768753148401753,45,False,7,False,False,True,False,False,True,True,True,False,True,True,False,True
17.299999999999976,0.1,0.9822845261554752,45,0.06521984421128824,optimal,17,success,0.0003235340757428082,0.00032353407574348125,0.0,6.730727086790012e-16,0,True,0.0058349111414158356,False,False,0.9283888000063598,0.00623020000057295,1.6400008462369442e-05,0.9346489000017755,9.70151010212199,0.03445251506836164,0.0035639091583049357,1.9844643190039293,0.00970039305330199,0.004912178577817771,0.47288610471148196,3.6512582404312215e-05,7.721817468406545e-05,4.8292930692332625,-0.02834387995577635,0.0058349111414158356,1.536667122939915,-0.004857465914011139,0.003151079099959417,10.159676465924257,0.00032353407574348125,7.175938583051912,7.738031103802071,37977.91625690099,9.494238044763774,0.9822845261554752,45,False,7,False,False,True,False,False,True,True,True,False,True,True,False,True
17.399999999999977,0.1,0.9877201075782364,45,0.06518357798244798,optimal,17,success,0.0003241516928261062,0.0003241516928262911,0.0,1.848564704087785e-16,0,True,0.005861029489215732,False,False,0.9566679000272416,0.00629379996098578,1.5600002370774746e-05,0.9629913000389934,9.735848897499414,0.03433879537742421,0.0035395309612586356,1.994202613839873,0.009738294835943628,0.00490726627971402,0.47292025580646985,3.415109498790188e-05,7.221843621042365e-05,4.800988440142421,-0.028304629090841305,0.005861029489215732,1.5318428992001007,-0.00482422373981415,0.0031394071414663706,10.159675848307174,0.0003241516928262911,7.173733051003716,7.803380304976212,37966.53030856711,9.491390200548334,0.9877201075782364,45,False,7,False,False,True,False,False,True,True,True,False,True,True,False,True
17.49999999999998,0.1,0.993182177523293,45,0.06514743285436313,optimal,17,success,0.0003247697120958949,0.000324769712099382,0.0,3.4870652372565036e-15,0,True,0.005887567684904098,False,False,0.9814243000000715,0.005985899944789708,1.3800046872347593e-05,0.9874364999704994,9.77007466685987,0.034225769360455016,0.0035154376080390555,2.003979378270423,0.009776764430549978,0.0049025933286310575,0.4729519910365528,3.173523008295e-05,6.710482305062612e-05,4.77272229574664,-0.02826614439578065,0.005887567684904098,1.5270513431326043,-0.004791556067496452,0.003127968324949322,10.1596752302879,0.000324769712099382,7.171140048066396,7.868911096116015,37955.1477755054,9.488543210558019,0.993182177523293,45,False,7,False,False,True,False,False,True,True,True,False,True,True,False,True
17.59999999999998,0.1,0.9986708548949249,45,0.06511140806519844,optimal,17,success,0.0003253881796350137,0.00032538817963434497,0.0,6.687358999890591e-16,0,True,0.005914531560129729,False,False,0.9374819000368007,0.006560899957548827,1.6200006939470768e-05,0.9440716000390239,9.804188088809099,0.034113421949229755,0.0034916234637328426,2.0137951750284246,0.009815796758001635,0.004898152578033696,0.4729812566031026,2.9265566549828968e-05,6.18785143195795e-05,4.7444938791007125,-0.028228416645928317,0.005914531560129729,1.5222918913611474,-0.004759451771456851,0.0031167594939494813,10.159674611820366,0.00032538817963434497,7.168159783807001,7.934623728275575,37943.768656691434,9.485697074536603,0.9986708548949249,45,False,7,False,False,True,False,False,True,True,True,False,True,True,False,True
17.69999999999998,0.1,1.0041862590897634,45,0.06507550286972057,optimal,17,success,0.0003260071366016899,0.0003260071366053552,0.0,3.6653080744131206e-15,0,True,0.005941927102951398,False,False,0.9698812999995425,0.0065818000002764165,1.4899997040629387e-05,0.9764914999832399,9.838189827129895,0.03400173832079657,0.0034680830286811354,2.0236505619230822,0.009855386894657588,0.004893937087975434,0.47300799927898,2.674267587742218e-05,5.654066731837331e-05,4.716302442330697,-0.028191436770015538,0.005941927102951398,1.517563991413123,-0.004727899948024399,0.0031057775285112887,10.159673992863395,0.0003260071366053552,7.164792453975407,8.000518457044386,37932.39295110108,9.482851792227926,1.0041862590897634,45,False,7,False,False,True,False,False,True,True,True,False,True,True,False,True
17.799999999999983,0.1,1.0097285099997162,45,0.06503971653901838,optimal,17,success,0.00032662661982196985,0.00032662661982385544,0.0,1.885590208278165e-15,0,True,0.005969760462456564,False,False,0.92436699999962,0.006164599966723472,1.5300000086426735e-05,0.930560200009495,9.872080531025887,0.03389070389599137,0.003444810934887027,2.0335460919915804,0.00989553006849814,0.004889940118463132,0.47303216640117207,2.416712219206914e-05,5.109241752551287e-05,4.688147246481484,-0.028155195849213124,0.005969760462456564,1.5128671015017405,-0.00469688991138242,0.0030950193454503208,10.159673373380176,0.00032662661982385544,7.161038241751877,8.066595542129411,37921.020657710535,9.48000736337592,1.0097285099997162,45,False,7,False,False,True,False,False,True,True,True,False,True,True,False,True
17.899999999999984,0.1,1.01529772801491,45,0.06500404836022328,optimal,17,success,0.000327246662304444,0.00032724666230521393,0.0,7.69946172790581e-16,0,True,0.005998037953537499,False,False,0.9314086000085808,0.006506099947728217,1.5400000847876072e-05,0.9379430999979377,9.905860835363827,0.03378030433794037,0.0034218019425364217,2.0434823136468236,0.009936221655243046,0.0048861551230008635,0.4730537058634418,2.1539462269735022e-05,4.553487859738422e-05,4.6600275613653155,-0.02811968511616826,0.005998037953537499,1.5082006903152565,-0.00466641118648398,0.003084481896560437,10.159672753337695,0.00032724666230521393,7.156897318892347,8.132855246943706,37909.65177549629,9.477163787724585,1.01529772801491,45,False,7,False,False,True,False,False,True,True,True,False,True,True,False,True
17.999999999999986,0.1,1.0208940340266532,45,0.06496849763623398,optimal,17,success,0.00032786729368704254,0.0003278672936897209,0.0,2.678358836799566e-15,0,True,0.006026766061831449,False,False,0.9244076999602839,0.007557300035841763,1.5900004655122757e-05,0.9319946999894455,9.939531360914373,0.03367052555054589,0.0033990509366275817,2.05345977082256,0.00997745717573632,0.004882575742938742,0.4730725661089929,1.8860245551112584e-05,3.986914237715969e-05,4.631942665411279,-0.028084895954035655,0.006026766061831449,1.5035642368092696,-0.0046364535059869455,0.003074162169371369,10.15967213270631,0.0003278672936897209,7.152369846784496,8.19929783820123,37898.28630343516,9.474321065017994,1.0208940340266532,45,False,7,False,False,True,False,False,True,True,True,False,True,True,False,True
18.099999999999987,0.1,1.0265175494304173,45,0.06493306368544365,optimal,17,success,0.0003284885406246163,0.0003284885406245053,0.0,1.1102230246251565e-16,0,True,0.006055951448831801,False,False,0.9285218000295572,0.006461800017859787,1.610000617802143e-05,0.9350123999756761,9.973092714591331,0.0335613536769578,0.0033765529237054863,2.0634790031156043,0.01001923229304395,0.004879195801839604,0.4730886961231524,1.6130014159537037e-05,3.409627891172363e-05,4.6038918455157765,-0.028050819895503273,0.006055951448831801,1.4989572300037266,-0.004607006805543094,0.0030640571867549034,10.159671511459376,0.0003284885406245053,7.14745597742598,8.265923585517534,37886.92424050422,9.471479195000304,1.0265175494304173,45,False,7,False,False,True,False,False,True,True,True,False,True,True,False,True
18.19999999999999,0.1,1.0321683961288355,45,0.06489774584147008,optimal,17,success,0.00032911042712492297,0.00032911042712591154,0.0,9.88575540872283e-16,0,True,0.0060856009571774805,False,False,1.0363833999726921,0.0059361999738030136,1.4999997802078724e-05,1.0423488999949768,10.00654548968936,0.03345277509802934,0.003354303028696965,2.0735405459239318,0.010061542808327557,0.004876009299409319,0.4731020454260739,1.3349302921539588e-05,2.8217336476085565e-05,4.575874396893964,-0.028017448621812407,0.0060856009571774805,1.4943791687853158,-0.004578061218410742,0.0030541640059999313,10.159670889572874,0.00032911042712591154,7.142155854334858,8.332732761015942,37875.5655856809,9.46863817741575,1.0321683961288355,45,False,7,False,False,True,False,False,True,True,True,False,True,True,False,True
18.29999999999999,0.1,1.0378466965347208,45,0.06486254345288309,optimal,17,success,0.00032973297483965643,0.00032973297484062414,0.0,9.67704649051937e-16,0,True,0.006115721616128187,False,False,0.9176457999856211,0.005699700035620481,1.3899989426136017e-05,0.9233717999886721,10.039890266120123,0.033344776430762335,0.0033322964918433085,2.083644930582295,0.01010438465836298,0.004873010406391957,0.473112564065464,1.0518639390053866e-05,2.223334160515163e-05,4.547889622932192,-0.027984773961771944,0.006115721616128187,1.4898295617142643,-0.004549607071051582,0.0030444797184570388,10.15967026702516,0.00032973297484062414,7.136469613400927,8.399725638938994,37864.21033794293,9.465798012008634,1.0378466965347208,45,False,7,False,False,True,False,False,True,True,True,False,True,True,False,True
18.39999999999999,0.1,1.0435525735741025,45,0.06482745588294166,optimal,17,success,0.00033035620331648747,0.0003303562033174501,0.0,9.626088988412551e-16,0,True,0.006146320647233466,False,False,0.927003999997396,0.006804700009524822,5.889998283237219e-05,0.9338879999704659,10.073127610646855,0.03323734452673169,0.0033105286657257593,2.0937926844953783,0.010147753913083639,0.004870193459615862,0.47312020260933374,7.638543869752101e-06,1.6145299131593484e-05,4.519936835041425,-0.027952787890766953,0.006146320647233466,1.485307926834652,-0.0045216348796121505,0.003035001449702311,10.159669643796683,0.0003303562033174501,7.1303973836855725,8.466902495264716,37852.85849626832,9.462958698523346,1.0435525735741025,45,False,7,False,False,True,False,False,True,True,True,False,True,True,False,True
18.499999999999993,0.1,1.0492861506892806,45,0.06479248250932843,optimal,17,success,0.0003309801302172565,0.00033098013021337636,0.0,3.880142734891123e-15,0,True,0.0061774054702040775,False,False,0.947705099999439,0.006415500014554709,1.5300000086426735e-05,0.954149299999699,10.106258077117355,0.03313046647049875,0.0032889950123813874,2.1039843312678763,0.01019164677249787,0.004867552956874593,0.4731249121387785,4.709529444749366e-06,9.954192230168054e-06,4.492015352511663,-0.0279214825297618,0.0061774054702040775,1.4808137914890518,-0.0044941353456003814,0.003025726359097711,10.159669019869787,0.00033098013021337636,7.12393928817677,8.534263607327524,37841.510059635424,9.460120236704348,1.0492861506892806,45,False,7,False,False,True,False,False,True,True,True,False,True,True,False,True
18.599999999999994,0.1,1.055047551841898,45,0.06475762272388697,optimal,17,success,0.0003316047715067685,0.00033160477150673273,0.0,3.5778671692021646e-17,0,True,0.006208983708994295,False,False,0.9558404000126757,0.00614699994912371,1.4500052202492952e-05,0.9620149999973364,10.139282206695365,0.033024129578009834,0.003267691100505661,2.1142203908314463,0.010236059563570047,0.004865083551930124,0.4731266442407869,1.7321020083709373e-06,3.6609824676973925e-06,4.4641245023673655,-0.02789085014429718,0.006208983708994295,1.4763466921382828,-0.004467099350768913,0.003016651638743155,10.159668395228493,0.00033160477150673273,7.1170954445050265,8.601809253443436,37830.16502702287,9.45728262629618,1.055047551841898,45,False,7,False,False,True,False,False,True,True,True,False,True,True,False,True
18.699999999999996,0.1,1.0608369015160322,45,0.06472287593236356,optimal,17,success,0.000332230141616101,0.0003322301416162077,0.0,1.0668549377257364e-16,0,True,0.006241063198104489,False,False,0.9427667999989353,0.007722300011664629,2.529995981603861e-05,0.9505350000108592,10.172200528090343,0.032918321394977745,0.003246612602738337,2.1245013795698324,0.01028098873838602,0.004862780050259036,0.47312535100108166,-1.2932397051908934e-06,2.7333901418004454e-06,4.436263619223884,-0.02786088314348148,0.006241063198104489,1.4719061741833965,-0.004440517954886345,0.003007774514301158,10.159667769858384,0.0003322301416162077,7.1098659656253576,8.66953971253925,37818.82339740961,9.454445867043457,1.0608369015160322,45,False,7,False,False,True,False,False,True,True,True,False,True,True,False,True
18.799999999999997,0.1,1.0666543247213032,45,0.06468824155414749,optimal,17,success,0.000332856253583887,0.0003328562535838131,0.0,7.388837805488713e-17,0,True,0.006273651989113658,False,False,0.9272321999887936,0.006301600020378828,3.6299985367804766e-05,0.9335850999923423,10.205013557785595,0.03281302969525218,0.003225755293030216,2.1348278104402985,0.010326430870465926,0.004860637404037278,0.4731209849969944,-4.3660040872765295e-06,9.228007076852976e-06,4.408432045144908,-0.027831574078976476,0.006273651989113658,1.4674917917938213,-0.004414382389575228,0.002999092243107341,10.159667143746416,0.0003328562535838131,7.10225096046964,8.737455263785508,37807.48516977488,9.451609958690868,1.0666543247213032,45,False,7,False,False,True,False,False,True,True,True,False,True,True,False,True
18.9,0.1,1.0724999469960004,45,0.06465371902201807,optimal,17,success,0.00033348311917843224,0.00033348311917791307,0.0,5.191702102946838e-16,0,True,0.0063067583574521,False,False,0.9685967999976128,0.006292500009294599,1.6400008462369442e-05,0.9749192000017501,10.237721800264765,0.03270824247917095,0.003205115044087053,2.145200193094084,0.010372382653785171,0.004858650708529938,0.47311349929037483,-7.485706619585219e-06,1.5821971244063026e-05,4.380629129500931,-0.0278029156439773,0.0063067583574521,1.4631031077368928,-0.004388684056928452,0.002990602115439328,10.159666516880822,0.00033348311917791307,7.094250534573286,8.805556186232852,37796.15034309827,9.448774900983178,1.0724999469960004,45,False,7,False,False,True,False,False,True,True,True,False,True,True,False,True
19.0,0.1,1.0783738944102268,45,0.0646193077818902,optimal,17,success,0.0003341107490033655,0.0003341107490033579,0.0,7.589415207398531e-18,0,True,0.006340390809424783,False,False,0.9450400000205263,0.006792199972551316,1.5700003132224083e-05,0.951860899978783,10.270325748236665,0.03260394797190032,0.0031846878248886507,2.155619033993403,0.010418840899318951,0.004856815197415938,0.47310284742053754,-1.0651869837267566e-05,2.2514406909218097e-05,4.352854228828744,-0.027774900672186187,0.006340390809424783,1.4587396932124062,-0.00436341452448661,0.002982301453269331,10.159665889250997,0.0003341107490033579,7.085864790679493,8.873842758451628,37784.818916359625,9.445940693665237,1.0783738944102268,45,False,7,False,False,True,False,False,True,True,True,False,True,True,False,True
19.1,0.1,1.0842762935690613,45,0.0645850072925629,optimal,17,success,0.0003347391525889182,0.0003347391525885257,0.0,3.924811864397526e-16,0,True,0.006374558089496924,False,False,0.9451342000393197,0.006740199984051287,1.550000160932541e-05,0.9519030000083148,10.302825882858425,0.03250013462175949,0.0031644696982799704,2.166084836526243,0.01046580253284033,0.004855126238819601,0.473088983397247,-1.3864023290561525e-05,2.9304459624691076e-05,4.325106706691963,-0.027747522136781166,0.006374558089496924,1.454401127691247,-0.004338565521159271,0.002974187609583018,10.159665260847412,0.0003347391525885257,7.077093829324119,8.942315258174366,37773.49088853912,9.443107336481967,1.0842762935690613,45,False,7,False,False,True,False,False,True,True,True,False,True,True,False,True
19.200000000000003,0.1,1.0902072716157376,45,0.06455081702547327,optimal,17,success,0.00033536833847081816,0.00033536833847414016,0.0,3.3219954564955856e-15,0,True,0.006409269187853291,False,False,0.9245583000010811,0.0062541000079363585,1.4499993994832039e-05,0.9308396999840625,10.335222673956954,0.03239679109852869,0.003144456818631637,2.176598101119317,0.010513264593073963,0.004853579331608322,0.4730718616937419,-1.712170350511922e-05,3.6191296153565965e-05,4.297385933542584,-0.027720773149378417,0.006409269187853291,1.4500869987561087,-0.004314128935138165,0.0029662579690009744,10.159664631661526,0.00033536833847414016,7.067937749403697,9.010973961940916,37762.16625861723,9.440274829178364,1.0902072716157376,45,False,6,False,False,True,False,False,True,True,False,False,True,True,False,True
19.300000000000004,0.1,1.096166956234842,45,0.06451673646444639,optimal,17,success,0.00033599831425847764,0.00033599831426123217,0.0,2.7545240394166726e-15,0,True,0.006444533348243853,False,False,0.937621500052046,0.006576100015081465,1.5300000086426735e-05,0.944225599989295,10.367516580248703,0.032293906291747665,0.0031246454295680488,2.187159325348379,0.010561224229061836,0.004852170101421443,0.47305143723980103,-2.0424453940845965e-05,4.3174104390229795e-05,4.269691286583595,-0.027694646958989225,0.006444533348243853,1.4457969019469492,-0.004290096809159524,0.002958509946533959,10.159664001685739,0.00033599831426123217,7.058396648728903,9.07981914474599,37750.84502557475,9.4374431714995,1.096166956234842,45,False,6,False,False,True,False,False,True,True,False,False,True,True,False,True
19.400000000000006,0.1,1.1021554493594259,45,0.06448252651751038,optimal,17,success,0.0003366290866938758,0.00033662908669462865,0.0,7.528699885739343e-16,0,True,0.006480360076128751,False,False,0.9070413000299595,0.006429300003219396,1.5700003132224083e-05,0.9134996999637224,10.399546122094653,0.032029541845951415,0.003089413129752918,2.197606778023173,0.010447452674793599,0.004776722277938983,0.47302767271465435,-2.3764525146703424e-05,5.0236661969291555e-05,4.242022149632624,-0.027669136950971132,0.006480360076128751,1.4415304406088385,-0.004266461338110664,0.0029509409878837973,10.159663370913306,0.00033662908669462865,7.048470624565451,9.14885107968881,37739.52718839277,9.43461236319053,1.1021554493594259,45,False,6,False,False,True,False,False,True,True,False,False,True,True,False,True
19.500000000000007,0.1,1.1081728953204257,45,0.06444856952416803,optimal,17,success,0.00033725246590282914,0.0003372524659042142,0.0,1.385068275350232e-15,0,True,0.006517111982250907,False,False,0.9046109999762848,0.005996400024741888,1.3999990187585354e-05,0.910634400031995,10.431295758079523,0.03174963598487046,0.0030529828525319835,2.207922870374764,0.010316092351591102,0.0046942394129630425,0.4730005191373296,-2.715357732472343e-05,5.740378183139266e-05,4.214376416252279,-0.027645733380344525,0.006517111982250907,1.4372861961081476,-0.004244244500690851,0.002944262834226567,10.159662747534096,0.0003372524659042142,7.038165590298533,9.218065625026513,37728.21274605266,9.431782403996678,1.1081728953204257,45,False,6,False,False,True,False,False,True,True,False,False,True,True,False,True
19.60000000000001,0.1,1.1142194447535958,45,0.06441491354974048,optimal,17,success,0.00033786761900666607,0.00033786761900422846,0.0,2.4376117443991596e-15,0,True,0.006554846302420592,False,False,0.9076543999835849,0.00620800000615418,1.4299992471933365e-05,0.9138906999723986,10.462771819819801,0.03147606174027785,0.0030174642221124045,2.2181117018086183,0.010188831433854174,0.004614668189077077,0.4729699259606609,-3.0593176668714526e-05,6.467894945339836e-05,4.186751826583199,-0.027624589669079797,0.006554846302420592,1.433062660349494,-0.004223535758653453,0.0029385488917168007,10.159662132380996,0.00033786761900422846,7.027488042795966,9.287458200379474,37716.90169753615,9.428953293663247,1.1142194447535958,45,False,6,False,False,True,False,False,True,True,False,False,True,True,False,True
19.70000000000001,0.1,1.1202952485964184,45,0.06438155170318194,optimal,17,success,0.00033847481177788283,0.0003384748117785108,0.0,6.279698983036042e-16,0,True,0.006593573751518111,False,False,0.9291640000301413,0.006265999982133508,1.5900004655122757e-05,0.9354598999489099,10.493980460128384,0.031208640308582294,0.002982827193981546,2.228177247983019,0.010065546174400777,0.004537889668132343,0.4729358427785764,-3.408318208447436e-05,7.20620492206712e-05,4.15914616963532,-0.02760565694787949,0.006593573751518111,1.4288583745727645,-0.004204285776729544,0.0029337766540537776,10.159661525188222,0.0003384748117785108,7.016444280331291,9.357024379912058,37705.59404182523,9.426125031935618,1.1202952485964184,45,False,6,False,False,True,False,False,True,True,False,False,True,True,False,True
19.80000000000001,0.1,1.126400458098467,45,0.0643484772913649,optimal,17,success,0.00033907430014093416,0.000339074300141462,0.0,5.278438276745678e-16,0,True,0.006633305582181396,False,False,0.9342639000387862,0.0064366000005975366,1.5799945686012506e-05,0.9407301000319421,10.524927658090306,0.03094719796192097,0.0029490428421802455,2.2381233652105745,0.009946117227555253,0.004463790857104673,0.4728982193473164,-3.7623431260016985e-05,7.955292844579742e-05,4.131557282131169,-0.02758888750415034,0.006633305582181396,1.4246719275254662,-0.0041864470472984215,0.00292992442204091,10.159660925699859,0.000339074300141462,7.005040409781524,9.426759886472196,37694.2897779022,9.423297618559248,1.126400458098467,45,False,6,False,False,True,False,False,True,True,False,False,True,True,False,True
19.900000000000013,0.1,1.1325352248316078,45,0.06431568381324536,optimal,17,success,0.00033966633060992417,0.0003396663306087788,0.0,1.1453511750136869e-15,0,True,0.00667405360103933,False,False,0.9897707999916747,0.006283900002017617,1.6200006939470768e-05,0.9960842999862507,10.555619223966621,0.030691565876316038,0.0029160833093920635,2.2479537946694377,0.009830429458863282,0.004392264345955024,0.472857005605169,-4.121374214736392e-05,8.715140057885228e-05,4.103983047374461,-0.027574234756707797,0.00667405360103933,1.4205019537156964,-0.0041699738097697725,0.0029269712761257685,10.159660333669391,0.0003396663306087788,6.993282353738393,9.496660585895908,37682.98890474971,9.420471053279671,1.1325352248316078,45,False,6,False,False,True,False,False,True,True,False,False,True,True,False,True
20.000000000000014,0.1,1.1386997007000492,45,0.06428316495423832,optimal,17,success,0.00034025114070122147,0.00034025114070068696,0.0,5.345116710353537e-16,0,True,0.006715830185730453,False,False,0.9231770999613218,0.006250400037970394,1.4499993994832039e-05,0.9294572999933735,10.58606080393458,0.03044157996795821,0.002883921759780833,2.257672166434595,0.00971837176515733,0.004323207971712968,0.4728121516907997,-4.4853914369340794e-05,9.485724825401735e-05,4.0764213941431775,-0.027561653231283456,0.006715830185730453,1.4163471317413752,-0.004154821974321293,0.0029248970502668186,10.1596597488593,0.00034025114070068696,6.9811758573177976,9.566722481553981,37671.69142135066,9.417645335842495,1.1386997007000492,45,False,6,False,False,True,False,False,True,True,False,False,True,True,False,True
20.100000000000016,0.1,1.1448940379502472,45,0.06425091458079411,optimal,17,success,0.00034082895932281964,0.0003408289593238578,0.0,1.0381777902634948e-15,0,True,0.006758648302743925,False,False,0.9269101999816485,0.006345400004647672,1.5099998563528061e-05,0.9332838999689557,10.616257884671647,0.030197080737067075,0.00285253233439237,2.2672820033385124,0.009609836903917462,0.004256524506431638,0.47276360796024464,-4.854373055506925e-05,0.00010267022618068183,4.048870295606383,-0.027551098536794813,0.006758648302743925,1.412206182691665,-0.004140949049710175,0.002923682307047812,10.159659171040676,0.0003408289593238578,6.9687264946834615,9.636941709128342,37660.397326688275,9.414820465993404,1.1448940379502472,45,False,6,False,False,True,False,False,True,True,False,False,True,True,False,True
20.200000000000017,0.1,1.151118389180673,45,0.06421892673516066,optimal,17,success,0.0003414000071420816,0.0003414000071444434,0.0,2.361826012542423e-15,0,True,0.006802521526122137,False,False,0.9166435999795794,0.006832599989138544,1.4699995517730713e-05,0.9235041000065394,10.6462157977906,0.0299579131189531,0.002821890108962785,2.276786724670211,0.009504721331698586,0.004192121367215519,0.47271132500263713,-5.228295760748811e-05,0.00011059006388639934,4.021327768264044,-0.02754252734233892,0.006802521526122137,1.4080778686167652,-0.004128314074899851,0.0029233083139682085,10.159658599992856,0.0003414000071444434,6.955939675299734,9.70731453160638,37649.10661974608,9.411996443478163,1.151118389180673,45,False,6,False,False,True,False,False,True,True,False,False,True,True,False,True
20.30000000000002,0.1,1.15737290735145,45,0.0641871956303286,optimal,17,success,0.00034196449693338707,0.00034196449693446596,0.0,1.0788895818403255e-15,0,True,0.006847464057066983,False,False,1.0341750000370666,0.00676939997356385,1.6200006939470768e-05,1.0409747999510728,10.67593972413238,0.02972392634178013,0.0027919710539728785,2.2861896497211576,0.009402925050946705,0.004129910346481269,0.4726552536547307,-5.6071347906402023e-05,0.00011861646831941083,3.9937918709091704,-0.027535897354873426,0.006847464057066983,1.403960991062505,-0.004116877554260219,0.0029237570208417957,10.159658035503066,0.00034196449693446596,6.94282064992757,9.77783733448224,37637.81929950792,9.40917326804261,1.15737290735145,45,False,6,False,False,True,False,False,True,True,False,False,True,True,False,True
20.40000000000002,0.1,1.1636577457938655,45,0.06415571564514846,optimal,16,success,0.00034252263390706616,0.0003425226339093257,0.0,2.2595315375684155e-15,0,True,0.006893490744494939,False,False,1.0632142999675125,0.008325400005560368,5.3099996875971556e-05,1.0716184999910183,10.705434697923016,0.02949497379063515,0.0027627519968067417,2.2954940011851384,0.009304351463980603,0.004069807360520348,0.47259534501428063,-5.990864045010507e-05,0.00012674912631748222,3.966260703611619,-0.027531167297551493,0.006893490744494939,1.3998543896663869,-0.004106601396118178,0.002925011038241411,10.15965747736609,0.0003425226339093257,6.929374516376875,9.848506621154678,37626.535364957956,9.406350939432656,1.1636577457938655,45,False,6,False,False,True,False,False,True,True,False,False,True,True,False,True
20.50000000000002,0.1,1.1699730582197647,45,0.06412448131960782,optimal,16,success,0.0003430746160208277,0.0003430746160208997,0.0,7.204523436166177e-17,0,True,0.006940617106589141,False,False,0.9656316000036895,0.006253400002606213,1.6000005416572094e-05,0.9719139999942854,10.734705610800596,0.029270912877579477,0.0027342105858866607,2.3047029084204564,0.009208907235317997,0.004011732215620489,0.4725315504523422,-6.379456193846103e-05,0.0001349877069494481,3.9387324067229397,-0.027528296888679082,0.006940617106589141,1.395756940811933,-0.004097448854453942,0.002927053616934005,10.15965692538398,0.0003430746160208997,6.915606225027103,9.919319008511764,37615.25481508061,9.403529457394294,1.1699730582197647,45,False,6,False,False,True,False,False,True,True,False,False,True,True,False,True
20.600000000000023,0.1,1.1763189987308313,45,0.06409348735026761,optimal,16,success,0.0003436206342749524,0.00034362063427550993,0.0,5.575509672006707e-16,0,True,0.006988859353399785,False,False,0.9771457000169903,0.005592699977569282,1.479999627918005e-05,0.982766300032381,10.763757215717868,0.029051604917273502,0.0027063252566557183,2.3138194105805607,0.009116502160104074,0.0039556083896089365,0.47246382162454176,-6.772882780045495e-05,0.00014333186373612493,3.9112051599016753,-0.027527246821264464,0.006988859353399785,1.3916675563383867,-0.004089384473546447,0.00292986862824955,10.159656379365725,0.00034362063427550993,6.901520584129067,9.990271222693162,37603.97764886063,9.40070882167359,1.1763189987308313,45,False,6,False,False,True,False,False,True,True,False,False,True,True,False,True
20.700000000000024,0.1,1.1826957218277594,45,0.0640627285858477,optimal,16,success,0.00034416087299218786,0.00034416087299327103,0.0,1.0831721804216432e-15,0,True,0.007038234410547888,False,False,0.9390256000333466,0.006125099956989288,1.5900004655122757e-05,0.9451814999920316,10.792594130725755,0.028836915007886557,0.0026790751992972497,2.3228464596199117,0.009027049039350803,0.0039013628280894336,0.4723921104813729,-7.171114316885434e-05,0.0001517812367564555,3.883677181158543,-0.027527978743132425,0.007038234410547888,1.3875851823029943,-0.004082374035392262,0.002933440545336407,10.159655839127007,0.00034416087299327103,6.887122264896939,10.061360095021374,37592.70386528308,9.397889032016682,1.1826957218277594,45,False,6,False,False,True,False,False,True,True,False,False,True,True,False,True
20.800000000000026,0.1,1.1891033824193236,45,0.06403220002295096,optimal,16,success,0.00034469551008341,0.00034469551008520227,0.0,1.7922946113357874e-15,0,True,0.0070887599440909105,False,False,0.9267735999892466,0.006281399982981384,1.5600002370774746e-05,0.9330845999647863,10.821220842642749,0.028626711916994507,0.0026524403280853742,2.3317869231811983,0.00894046356128685,0.0038489257541153973,0.47231636927756854,-7.574120380436433e-05,0.00016033545464420052,3.8561467259209663,-0.02753045523757658,0.0070887599440909105,1.383508797793264,-0.004076384509730337,0.0029377544252560442,10.159655304489915,0.00034469551008520227,6.872415806402221,10.13258255809373,37581.43346333333,9.395070088169799,1.1891033824193236,45,False,6,False,False,True,False,False,True,True,False,False,True,True,False,True
20.900000000000027,0.1,1.1955421358313487,45,0.06400189680192644,optimal,16,success,0.00034522471729992187,0.0003452247173019174,0.0,1.995528308568195e-15,0,True,0.007140454386612975,False,False,0.903383800003212,0.005994300008751452,1.550000160932541e-05,0.9094066999969073,10.849641710614916,0.028420867972168376,0.002626401252266418,2.3406435873692244,0.008856664188026192,0.0037982304900926658,0.47223655058059655,-7.981869697196473e-05,0.00016899413648112897,3.8286120861164408,-0.027534639804525626,0.007140454386612975,1.3794374137867464,-0.004071384006517624,0.0029427958918740505,10.159654775282698,0.0003452247173019174,6.857405620278742,10.203935642027421,37570.16644199703,9.392251989879226,1.1955421358313487,45,False,6,False,False,True,False,False,True,True,False,False,True,True,False,True
21.00000000000003,0.1,1.2020121378155875,45,0.06397181420286269,optimal,16,success,0.00034574866047320314,0.0003457486604734328,0.0,2.2963402013242984e-16,0,True,0.007193336964606271,False,False,0.9198668000171892,0.005660899973008782,1.4999997802078724e-05,0.9255554000264965,10.877860969570897,0.028219258955979445,0.002600939248378192,2.3494191594178484,0.008775572048623791,0.003749213291583248,0.4721526072783249,-8.394330227161985e-05,0.0001777568935916011,3.8010715892742413,-0.027540496842199724,0.007193336964606271,1.3753700720560333,-0.0040673417307130165,0.0029485511195086415,10.159654251339527,0.0003457486604734328,6.842095995247891,10.275416470850212,37558.90280026015,9.38943473689134,1.2020121378155875,45,False,6,False,False,True,False,False,True,True,False,False,True,True,False,True
21.10000000000003,0.1,1.2085135445585065,45,0.06394194764170187,optimal,16,success,0.00034626749974292937,0.0003462674997454229,0.0,2.4935565764994116e-15,0,True,0.007247427727215158,False,False,0.8944604999851435,0.005454899976029992,1.390004763379693e-05,0.8999417999875732,10.905882733576135,0.02802176400523851,0.00257603623392733,2.3581162702537126,0.00869711083586433,0.0037018131911460816,0.4720644925858995,-8.811469242543717e-05,0.0001866233312431869,3.7735235976450054,-0.02754799162923592,0.007247427727215158,1.3713058441168022,-0.004064227939231016,0.0029550068172963977,10.159653732500255,0.0003462674997454229,6.826491101472698,10.347022259030043,37547.64253710896,9.386618328952586,1.2085135445585065,45,False,6,False,False,True,False,False,True,True,False,False,True,True,False,True
21.20000000000003,0.1,1.2150465126899872,45,0.06391229266647759,optimal,16,success,0.00034678138977389784,0.0003467813897746197,0.0,7.218618064408489e-16,0,True,0.007302747576418839,False,False,0.9029000999871641,0.005808599991723895,1.4599994756281376e-05,0.9087364999577403,10.933710999090282,0.027828265514147132,0.00255167474233624,2.3667374769629186,0.008621206709206162,0.0036559718526002092,0.47197216005187587,-9.233253402363937e-05,0.00019559305025856826,3.745966507337744,-0.02755709030726136,0.007302747576418839,1.3672438302168566,-0.00406201389994567,0.0029621502142447545,10.159653218610226,0.0003467813897746197,6.8105949947488815,10.418750308136913,37536.38565153005,9.383802765809488,1.2150465126899872,45,False,6,False,False,True,False,False,True,True,False,False,True,True,False,True
21.300000000000033,0.1,1.2216111992919427,45,0.06388284495366355,optimal,16,success,0.00034729047996258415,0.0003472904799597387,0.0,2.845434391579582e-15,0,True,0.0073593182987341165,False,False,0.9070759000023827,0.0060792999574914575,1.5400000847876072e-05,0.9131840000045486,10.961349648131513,0.027638649041231714,0.0025278378990931196,2.3752852651639946,0.00854778820107589,0.0036116334339052736,0.4718755635636448,-9.659648823106653e-05,0.0002046656485425948,3.7183987474738482,-0.027567759863895785,0.0073593182987341165,1.363183158364235,-0.004060671852621548,0.002969969044934356,10.15965270952004,0.0003472904799597387,6.7944116205405125,10.490598003630893,37525.13214251029,9.38098804720864,1.2216111992919427,45,False,6,False,False,True,False,False,True,True,False,False,True,True,False,True
21.400000000000034,0.1,1.2282077619068572,45,0.06385360030463266,optimal,16,success,0.00034779491463387885,0.00034779491463510226,0.0,1.2234137314326432e-15,0,True,0.007417162598524699,False,False,0.905728799989447,0.007329799991566688,1.769996015354991e-05,0.9130934000131674,10.988802451351336,0.027452803219823657,0.0025045093990321986,2.3837620512926683,0.008476786128673464,0.0035687444590316226,0.47177465735218854,-0.0001009062114562529,0.0002138407225290509,3.6908187793576843,-0.027579968116164116,0.007417162598524699,1.359122983392567,-0.004060174971668058,0.002978451535845047,10.159652205085365,0.00034779491463510226,6.777944817867556,10.562562811770464,37513.88200903686,9.37817417289673,1.2282077619068572,45,False,6,False,False,True,False,False,True,True,False,False,True,True,False,True
21.500000000000036,0.1,1.2348363585462476,45,0.06382455464222218,optimal,16,success,0.0003482948332286271,0.00034829483322695864,0.0,1.6684787232379428e-15,0,True,0.007476304133009996,False,False,0.9725938999908976,0.0056306999758817255,1.5600002370774746e-05,0.978253900015261,11.01607307102321,0.0272706196718739,0.002481673484677152,2.3921701848010044,0.008408133508336302,0.00352725369706122,0.47166939599620367,-0.00010526135598486116,0.00022311786855113246,3.6632250956633814,-0.027593683694302762,0.007476304133009996,1.355062486061958,-0.004060497330609154,0.0029875863922730283,10.159651705166773,0.00034829483322695864,6.76119832305213,10.634642276635569,37502.63525009726,9.3753611426205,1.2348363585462476,45,False,6,False,False,True,False,False,True,True,False,False,True,True,False,True
21.600000000000037,0.1,1.2414971476990544,45,0.06379570400739837,optimal,16,success,0.0003487903704824238,0.0003487903704826323,0.0,2.084920777689625e-16,0,True,0.007536767549072387,False,False,0.9500686999526806,0.006381999992299825,1.580000389367342e-05,0.9564799999934621,11.043165063948202,0.027091992924991273,0.0024593149255930703,2.4005119502761936,0.00834176547518915,0.0034871120492136177,0.47155973442562454,-0.00010966157057912122,0.00023249668413933698,3.635616219637438,-0.027608876025943363,0.007536767549072387,1.3510008721937783,-0.004061613868179711,0.002997362785817687,10.159651209629518,0.0003487903704826323,6.744175773329986,10.706834017260254,37491.391864679266,9.372548956126781,1.2414971476990544,45,False,6,False,False,True,False,False,True,True,False,False,True,True,False,True
21.70000000000004,0.1,1.2481902883399596,45,0.06376704455601911,optimal,16,success,0.00034928165659621854,0.00034928165659131594,0.0,4.902599593653578e-15,0,True,0.0075985785219687485,False,False,1.0364345999551006,0.006451599998399615,2.540001878514886e-05,1.0429306000005454,11.070081884280679,0.026916820332477914,0.0024374189986846482,2.4087895694815793,0.008277619205385719,0.0034482724422318866,0.47144562792457956,-0.00011410650104496891,0.00024197676925056893,3.60799070431678,-0.027625515320658253,0.0075985785219687485,1.3469373718378257,-0.004063500355952671,0.0030077703424086543,10.159650718343409,0.00034928165659131594,6.726880710333331,10.77913572486981,37480.151851770985,9.369737613162474,1.2481902883399596,45,False,6,False,False,True,False,False,True,True,False,False,True,True,False,True
21.80000000000004,0.1,1.2549159399376397,45,0.06373857255568939,optimal,16,success,0.0003497688173991396,0.0003497688173990099,0.0,1.297247899378906e-16,0,True,0.007661763796059502,False,False,0.9617665000259876,0.006085599947255105,1.5400000847876072e-05,0.9678810000186786,11.096826886276919,0.02674500199623986,0.0024159714693906004,2.4170052033241403,0.008215633842560792,0.003410689728421966,0.47132703213381116,-0.00011859579076840365,0.0002515577274318816,3.5803471317619264,-0.02764357255485353,0.007661763796059502,1.342871238470408,-0.004066133367417745,0.0030187991308532175,10.159650231182601,0.0003497688173990099,6.709316583450826,10.85154516021777,37468.915210360814,9.366927113474558,1.2549159399376397,45,False,6,False,False,True,False,False,True,True,False,False,True,True,False,True
21.90000000000004,0.1,1.2616742624629533,45,0.06371028438270432,optimal,16,success,0.0003502519745039897,0.00035025197449911616,0.0,4.873542975430967e-15,0,True,0.007726351227676338,False,False,0.9405665000085719,0.005165299982763827,1.4099990949034691e-05,0.9457574000116438,11.123403326969363,0.026576440692444983,0.00239495857372626,2.4251609537505097,0.008155750426369603,0.003374320591098806,0.4712039030525887,-0.00012312908122247095,0.00026123916692203264,3.5526841123049304,-0.027663019456996216,0.007726351227676338,1.338801748221978,-0.004069490248429914,0.00303043965187999,10.159649748025501,0.00035025197449911616,6.691486753070274,10.92406015101824,37457.68193943746,9.364117456810087,1.2616742624629533,45,False,6,False,False,True,False,False,True,True,False,False,True,True,False,True
22.000000000000043,0.1,1.2684654163970654,45,0.0636821765190846,optimal,16,success,0.00035073124545575957,0.0003507312454544831,0.0,1.2764854277758086e-15,0,True,0.007792369830258196,False,False,0.9247183999978006,0.006100400001741946,1.3800046872347593e-05,0.9308480999898165,11.149814368769075,0.026411041799712126,0.0023743670011206874,2.4332588655763834,0.008097911825873744,0.003339123456259812,0.47107619704014214,-0.00012770601244656,0.0002710207016946279,3.5250002838117678,-0.02768382849316256,0.007792369830258196,1.3347281991330187,-0.0040735490889594675,0.003042682827662441,10.159649268754546,0.0003507312454544831,6.6733944937092335,10.99667858946939,37446.45203798991,9.36130864291619,1.2684654163970654,45,False,6,False,False,True,False,False,True,True,False,False,True,True,False,True
22.100000000000044,0.1,1.2752895627395127,45,0.06365424554968642,optimal,16,success,0.0003512067438736064,0.0003512067438737887,0.0,1.8230859530343757e-16,0,True,0.007859849821894284,False,False,0.8986182999797165,0.005797799967695028,1.4599994756281376e-05,0.9044435999821872,11.176063081998917,0.026248713229841347,0.0023541838780172597,2.441300928249853,0.008042062673469512,0.0033050584083927836,0.4709438708166433,-0.00013232622349883543,0.0002809019524447749,3.4972943109588726,-0.027705972852895222,0.007859849821894284,1.3306499104369522,-0.004078288696066478,0.003055519991797249,10.159648793256126,0.0003512067438737887,6.655042997038525,11.069398429863966,37435.225505007504,9.358500671540085,1.2752895627395127,45,False,6,False,False,True,False,False,True,True,False,False,True,True,False,True
22.200000000000045,0.1,1.2821468630162094,45,0.06362648815939925,optimal,16,success,0.0003516785795865317,0.00035167857958562365,0.0,9.080735295652342e-16,0,True,0.007928822675422834,False,False,0.93261740001617,0.0063170999637804925,1.6000005416572094e-05,0.9389651999808848,11.202152447359735,0.026089365360818476,0.0023343967521837045,2.4492890775540186,0.007988149304165668,0.0032720871121334075,0.47080688146375965,-0.00013698935288366702,0.0002908825475233805,3.4695648845235145,-0.027729426435357987,0.007928822675422834,1.3265662218689063,-0.00408368856804606,0.003068942879727906,10.159648321420415,0.00035167857958562365,6.636435374803365,11.142217686283056,37424.002339479826,9.355693542429044,1.2821468630162094,45,False,6,False,False,True,False,False,True,True,False,False,True,True,False,True
22.300000000000047,0.1,1.2890374792874002,45,0.06359890113041781,optimal,16,success,0.000352146858763201,0.0003521468587646126,0.0,1.4115770184675025e-15,0,True,0.007999321171245017,False,False,0.9439570000395179,0.005886300001293421,1.5199999324977398e-05,0.9498712999629788,11.228085358331809,0.02593291097207362,0.00231499357770174,2.457225197249571,0.00793611969555242,0.003240172737583847,0.47066518642480476,-0.00014169503895487465,0.00030096212382099946,3.4418107206877373,-0.027754163835777224,0.007999321171245017,1.3224764929992345,-0.004089728869671801,0.003082943619588073,10.159647853141236,0.0003521468587646126,6.617574661646593,11.215134430369424,37412.7825403968,9.352887255330426,1.2890374792874002,45,False,6,False,False,True,False,False,True,True,False,False,True,True,False,True
22.40000000000005,0.1,1.2959615741555557,45,0.06357148133958507,optimal,16,success,0.00035261168403611623,0.00035261168403621923,0.0,1.0299920638612292e-16,0,True,0.008071379453024868,False,False,0.9498595999903046,0.005662999988999218,1.4899997040629387e-05,0.9555504000163637,11.253864623513705,0.025779265181896577,0.0022959627006012254,2.46511112066043,0.00788592341085883,0.0032092798900506658,0.47051874350450884,-0.00014644292029593082,0.0003111403276038286,3.4140305603555774,-0.027780160332159715,0.008071379453024868,1.3183801025907453,-0.004096390408489258,0.003097514723455753,10.159647388315964,0.00035261168403621923,6.598463817838285,11.28814678917697,37401.56610674864,9.350081809991666,1.2959615741555557,45,False,6,False,False,True,False,False,True,True,False,False,True,True,False,True
22.50000000000005,0.1,1.3029193107732182,45,0.06354422575581539,optimal,16,success,0.00035307315462045107,0.00035307315462063116,0.0,1.8008598084984229e-16,0,True,0.008145033086458609,False,False,0.9193828999996185,0.006273499981034547,1.6000005416572094e-05,0.9256855000276119,11.279492968900513,0.02562834538680807,0.002277292845096117,2.4729486322051684,0.00783751154473862,0.0031793745438294346,0.4703675108684302,-0.0001512326360786566,0.0003214168153052704,3.3862231684833004,-0.027807391872277,0.008145033086458609,1.3142764479786422,-0.004103654612103085,0.0031126490790015747,10.15964692684538,0.00035307315462063116,6.579105731915799,11.361252943092968,37390.353037525885,9.347277206160276,1.3029193107732182,45,False,6,False,False,True,False,False,True,True,False,False,True,True,False,True
22.60000000000005,0.1,1.3099108528507968,45,0.0635171314375778,optimal,16,success,0.0003535313664278332,0.00035353136642690686,0.0,9.26342336171615e-16,0,True,0.008220319121310382,False,False,1.0350636999937706,0.005825800006277859,1.5099998563528061e-05,1.0409179999842308,11.304973040103453,0.025480071202940754,0.002258973100403862,2.4807394688759,0.007790836670731636,0.003150423979403252,0.4702114470420294,-0.00015606382640079584,0.00033179125427404264,3.358387333422393,-0.027835835060907504,0.008220319121310382,1.3101649444722363,-0.004111503506405871,0.0031283399415163874,10.159646468633573,0.00035353136642690686,6.559503223238109,11.434451123829955,37379.14333171935,9.344473443583842,1.3099108528507968,45,False,6,False,False,True,False,False,True,True,False,False,True,True,False,True
22.700000000000053,0.1,1.3169363646643124,45,0.063490195530455,optimal,16,success,0.0003539864121752924,0.00035398641217732063,0.0,2.028217004068633e-15,0,True,0.008297276156925772,False,False,0.9091130000306293,0.006268500001169741,1.6000005416572094e-05,0.9154107999638654,11.330307404512638,0.025334364409185323,0.002240992908104581,2.488485321667036,0.007745852791135741,0.0031223967241693572,0.47005051090942523,-0.0001609361326041518,0.00034226332348256657,3.3305218662750655,-0.02786546714732714,0.008297276156925772,1.3060450247775324,-0.004119919694703853,0.003144580926307297,10.159646013587823,0.00035398641217732063,6.53965904445814,11.507739612484285,37367.936988320165,9.341670522010027,1.3169363646643124,45,False,6,False,False,True,False,False,True,True,False,False,True,True,False,True
22.800000000000054,0.1,1.323996011063098,45,0.06346341526476124,optimal,16,success,0.0003544383814896226,0.0003544383814908514,0.0,1.2287805321864465e-15,0,True,0.008375944411450637,False,False,0.9580411999486387,0.006029500043950975,1.5400000847876072e-05,0.9641182000050321,11.355498553404797,0.02519114889215919,0.002223342050024702,2.496187836955938,0.007702515288901781,0.003095262496361388,0.46988466171185156,-0.00016584919757368433,0.0003528327141966283,3.302625600262025,-0.02789626601304078,0.008375944411450637,1.3019161384398388,-0.004128886337693538,0.0031613660014491764,10.15964556161851,0.0003544383814908514,6.519575883916606,11.581116737658421,37356.73400631975,9.338868441186564,1.323996011063098,45,False,6,False,False,True,False,False,True,True,False,False,True,True,False,True
22.900000000000055,0.1,1.3310899574774506,45,0.06343678795322445,optimal,16,success,0.00035488736100737863,0.0003548873610110803,0.0,3.701683057300009e-15,0,True,0.00845636579499975,False,False,0.9360076999873854,0.005879900010768324,1.4299992471933365e-05,0.9419156000367366,11.380548903997633,0.0250503505928365,0.0022060106366114138,2.5038486178375146,0.0076607808815765295,0.003068992152016385,0.4697138590458328,-0.00017080266601875632,0.0003634991306089877,3.2746973901022787,-0.02792821015974631,0.00845636579499975,1.2977777513055913,-0.004138387134247527,0.003178689480880692,10.159645112638989,0.0003548873610110803,6.499256367960681,11.654580873644328,37345.534384709834,9.336067200861265,1.3310899574774506,45,False,6,False,False,True,False,False,True,True,False,False,True,True,False,True
23.000000000000057,0.1,1.3382183699262418,45,0.06341031098873116,optimal,16,success,0.00035533343447071575,0.0003553334344719161,0.0,1.2003744352673262e-15,0,True,0.008538583987038386,False,False,0.9267862000269815,0.005981599970255047,1.5900004655122757e-05,0.9327965999837033,11.4054608014524,0.024911897454765963,0.002188989095773332,2.5114692254140203,0.007620607576505574,0.0030435576345215405,0.4695380628610954,-0.0001757961847374117,0.00037426229043895044,3.246736111404755,-0.02796127869752371,0.008538583987038386,1.2936293450026222,-0.004148406302969088,0.00319654601783372,10.159644666565528,0.0003553334344719161,6.478703063190726,11.72813043866527,37334.338122482455,9.333266800782022,1.3382183699262418,45,False,6,False,False,True,False,False,True,True,False,False,True,True,False,True
23.10000000000006,0.1,1.3453814150244836,45,0.0633839818421286,optimal,16,success,0.0003557766828192444,0.00035577668282193997,0.0,2.6955976513420854e-15,0,True,0.008622644518260631,False,False,1.0203118000063114,0.006100400001741946,2.139998832717538e-05,1.026447599986568,11.430236520826247,0.024775719373846747,0.0021722681621677,2.519051180042782,0.007581954628761829,0.003018931927191714,0.469357233458231,-0.0001808294028643838,0.00038512192549952873,3.218740660071512,-0.02799545133324305,0.008622644518260631,1.2894704164381412,-0.004158928564481069,0.003214930598588608,10.159644223317178,0.00035577668282193997,6.4579184786381,11.801763893173566,37323.14521862996,9.3304672406968,1.3453814150244836,45,False,6,False,False,True,False,False,True,True,False,False,True,True,False,True
23.20000000000006,0.1,1.3525792599908526,45,0.06335779806008403,optimal,16,success,0.0003562171842781247,0.0003562171842741435,0.0,3.981190377366772e-15,0,True,0.008708594857269733,False,False,0.9737741999560967,0.005810600006952882,1.550000160932541e-05,0.9796155999647453,11.454878268975818,0.02464174814957168,0.0021558388669100283,2.526595962542366,0.007544782499584079,0.0029950890078604686,0.46917133148612733,-0.0001859019721036821,0.0003960777822341282,3.1907099517123285,-0.028030708359183754,0.008708594857269733,1.2853004773137318,-0.004169939124409498,0.0032338385365427566,10.159643782815726,0.0003562171842741435,6.436905067876997,11.875479738201953,37311.95567214497,9.327668520353635,1.3525792599908526,45,False,6,False,False,True,False,False,True,True,False,False,True,True,False,True
23.30000000000006,0.1,1.3598120726551761,45,0.06333175726299886,optimal,16,success,0.00035665501444252144,0.0003566550144427083,0.0,1.868622444278767e-16,0,True,0.00879648450239007,False,False,0.921129199967254,0.00579159997869283,1.4300050679594278e-05,0.9269480999791995,11.4793881864135,0.02450991743768234,0.002139692527686178,2.534105015359829,0.007509052817462503,0.0029720038062225748,0.4689803179391809,-0.00019101354694647593,0.00040712962222442167,3.162642921070469,-0.028067030641859267,0.00879648450239007,1.2811190536566979,-0.0041814236570338024,0.0032532654665879735,10.159643344985557,0.0003566550144427083,6.415665231073073,11.9492765137662,37300.769482020434,9.324870639500643,1.3598120726551761,45,False,6,False,False,True,False,False,True,True,False,False,True,True,False,True
23.400000000000063,0.1,1.3670800214658765,45,0.06330585714297689,optimal,16,success,0.00035709024635863186,0.0003570902463589931,0.0,3.612561638721701e-16,0,True,0.008886365078966521,False,False,0.9286163999931887,0.006758000003173947,1.6200006939470768e-05,0.9354042999912053,11.503768349117678,0.024380162704177866,0.002123820739247511,2.541579743699961,0.007474728340132523,0.002949652163121248,0.46878415415430585,-0.0001961637848750422,0.00041827722267116855,3.1345385214594277,-0.02810439961104129,0.008886365078966521,1.2769256853671302,-0.004193368289567689,0.0032732073397851343,10.159642909753641,0.0003570902463589931,6.394201316971551,12.023152797316895,37289.5866472496,9.32207359788601,1.3670800214658765,45,False,6,False,False,True,False,False,True,True,False,False,True,True,False,True
23.500000000000064,0.1,1.3743832754973788,45,0.06328009546184483,optimal,16,success,0.00035752295060140964,0.0003575229506029842,0.0,1.574586815100698e-15,0,True,0.008978290442535116,False,False,0.9496285000350326,0.006008500000461936,1.5300000086426735e-05,0.9556649999576621,11.528020770298276,0.024252421180597686,0.0021082153642686843,2.5490215166180965,0.007441772918135237,0.0029280107919422236,0.4685828018077524,-0.00020135234655344498,0.00042952037684952865,3.1063957242104503,-0.028142797248977336,0.008978290442535116,1.2727199257800865,-0.004205759587043792,0.0032936604183309145,10.159642477049397,0.0003575229506029842,6.37251562482733,12.097107202238226,37278.407166826,9.31927739525801,1.3743832754973788,45,False,6,False,False,True,False,False,True,True,False,False,True,True,False,True
23.600000000000065,0.1,1.3817220044574814,45,0.06325447004922277,optimal,16,success,0.0003579531953491391,0.0003579531953477044,0.0,1.4346705247414437e-15,0,True,0.009072316788280396,False,False,0.9602349000051618,0.006309600023087114,1.550000160932541e-05,0.9665727999527007,11.552147402118848,0.02412663182057223,0.0020928685245548855,2.556431668077687,0.0074101514595901335,0.002907057241879041,0.46837622291174685,-0.00020657889600555319,0.00044085889454028074,3.0782135181306534,-0.028182206079796907,0.009072316788280396,1.2685013412423132,-0.004218584537773403,0.0033146212708092173,10.159642046804652,0.0003579531953477044,6.350610406279563,12.171138376391866,37267.2310397435,9.316482031364979,1.3817220044574814,45,False,6,False,False,True,False,False,True,True,False,False,True,True,False,True
23.700000000000067,0.1,1.3890963786946908,45,0.06322897880064231,optimal,16,success,0.00035838104645498483,0.0003583810464569126,0.0,1.927765672787851e-15,0,True,0.009168502767228411,False,False,0.9179440999869257,0.005903900018893182,1.5099998563528061e-05,0.9238764999900013,11.576150137376413,0.024002735257565314,0.002077772592579872,2.5638114979746396,0.007379829896952565,0.002886769863284412,0.46816437981096587,-0.0002118431007810065,0.00045229260243836663,3.0499909089715525,-0.028222609159100798,0.009168502767228411,1.2642695107029571,-0.004231830539356111,0.003336086767722016,10.159641618953543,0.0003583810464569126,6.328487867173047,12.245245000703969,37256.05826499623,9.31368750595534,1.3890963786946908,45,False,6,False,False,True,False,False,True,True,False,False,True,True,False,True
23.800000000000068,0.1,1.3965065692055214,45,0.06320361967571715,optimal,16,success,0.00035880656751568097,0.0003588065675153018,0.0,3.791454997181809e-16,0,True,0.009266909609661417,False,False,0.9528743000118993,0.006012899975758046,3.3800024539232254e-05,0.9589347000000998,11.60003081114013,0.023880673763716984,0.0020629201833356004,2.5711622731285613,0.007350775153921529,0.002867127774303413,0.46794723517885595,-0.00021714463210994496,0.0004638213445406142,3.021726918907824,-0.028263990063728442,0.009266909609661417,1.2600240253177464,-0.004245485385210711,0.003358054077290959,10.159641193432485,0.0003588065675153018,6.306150169328643,12.319425787793497,37244.88884157866,9.310893818777583,1.3965065692055214,45,False,6,False,False,True,False,False,True,True,False,False,True,True,False,True
23.90000000000007,0.1,1.4039527476417606,45,0.06317839069634977,optimal,16,success,0.00035922981993742826,0.0003592298199368571,0.0,5.711577044653637e-16,0,True,0.009367601256281105,False,False,0.9448468000045978,0.0062049999833106995,1.5600002370774746e-05,0.9510805000318214,11.623791202350017,0.023760391209887072,0.0020483041464914643,2.578485228243452,0.007322955114890693,0.002848110829652227,0.4677247520138095,-0.00022248316504648916,0.000475444982512725,2.993420586026125,-0.02830633288169937,0.009367601256281105,1.2557644880661372,-0.004259537251609314,0.0033805206615287876,10.159640770180063,0.0003592298199368571,6.283599432264919,12.39367948064007,37233.722768485524,9.308100969580272,1.4039527476417606,45,False,6,False,False,True,False,False,True,True,False,False,True,True,False,True
24.00000000000007,0.1,1.411435086317702,45,0.0631532899449957,optimal,16,success,0.00035965086299917835,0.00035965086299860616,0.0,5.72187696529225e-16,0,True,0.009470644497691033,False,False,0.8923717000288889,0.007062599994242191,3.6299985367804766e-05,0.8994952999637462,11.647433035376645,0.023641833026629158,0.002033917558829637,2.5857815668374853,0.007296338594033593,0.0028296995903304423,0.4674968936352071,-0.00022785837860239173,0.000487163396038669,2.9650709638238015,-0.028349622202323385,0.009470644497691033,1.2514905133809513,-0.004273974685185769,0.0034034842725706002,10.159640349137002,0.00035965086299860616,6.260837734873041,12.46800485128977,37222.560044711885,9.305308958112056,1.411435086317702,45,False,6,False,False,True,False,False,True,True,False,False,True,True,False,True
24.100000000000072,0.1,1.4189537582173462,45,0.06312831556296283,optimal,16,success,0.000360069753913344,0.00036006975391167373,0.0,1.6702676568225439e-15,0,True,0.00957610912281818,False,False,0.8942434000200592,0.006152999994810671,1.6300007700920105e-05,0.9004277999629267,11.670957981542918,0.023524946166272848,0.0020197537169624187,2.5930524621445663,0.007270895307080895,0.002811875295396081,0.46726362367933655,-0.00023326995587055153,0.0004989764831519385,2.936677120717325,-0.0283938431064764,0.00957610912281818,1.2472017267900468,-0.004288786590904516,0.003426942949266302,10.159639930246088,0.00036006975391167373,6.237867117046942,12.542400699597108,37211.40066925309,9.302517784121655,1.4189537582173462,45,False,6,False,False,True,False,False,True,True,False,False,True,True,False,True
24.200000000000074,0.1,1.426508937001568,45,0.06310346574875311,optimal,16,success,0.000360486547884115,0.000360486547883454,0.0,6.609838544557878e-16,0,True,0.009684068076946285,False,False,0.9393701000371948,0.0059499999624677,1.5900004655122757e-05,0.9453504000557587,11.694367660608899,0.023409679065980404,0.0020058061303109592,2.60029905798739,0.007246595842823729,0.0027946198345830927,0.46702490609519737,-0.0002387175841391998,0.000510884160550494,2.9082381395602876,-0.028438981157037177,0.009684068076946285,1.2428977645695847,-0.00430396222046215,0.003450895014024204,10.159639513452117,0.000360486547883454,6.21468958127063,12.616865852001773,37200.2446411048,9.29972744735786,1.426508937001568,45,False,6,False,False,True,False,False,True,True,False,False,True,True,False,True
24.300000000000075,0.1,1.4341007387957474,45,0.06307833279118905,optimal,16,success,0.00036090129816341085,0.00036090129816557237,0.0,2.161519661175726e-15,0,True,0.00979459763009234,False,False,0.916928100050427,0.006361399951856583,1.390004763379693e-05,0.9233151999651454,11.71766773320861,0.023300072599712757,0.0019924183398300627,2.607522544753879,0.007223486766488839,0.0027779446153704175,0.4667807213042174,-0.0002441847909799692,0.0005228517532857125,2.8797531171708064,-0.02848502238948135,0.00979459763009234,1.2385782734084756,-0.004319491161109017,0.0034753390699072146,10.159639098701835,0.00036090129816557237,6.191307094164511,12.691399160338559,37189.09195926297,9.29693794756954,1.4341007387957474,45,False,6,False,False,True,False,False,True,True,False,False,True,True,False,True
24.400000000000077,0.1,1.4416977057937874,45,0.06283391598099995,optimal,16,success,0.0003613140595140342,0.00036131405951422835,0.0,1.9412639898352957e-16,0,True,0.00993882131872417,False,False,0.8939183999900706,0.005860099976416677,1.4899997040629387e-05,0.8998063000035472,11.716735360874253,-0.0009323723343578894,7.956978774159019e-05,2.5822445095624014,-0.02527803519147724,0.009694272919072003,0.46653981635803493,-0.00024090494618242723,0.0005160987487000797,2.8512212178350627,-0.028531899335743738,0.009907758816413646,1.2508882815571363,0.012310008148660732,0.00993882131872417,10.159638685940486,0.00036131405951422835,6.167721585679461,12.765999502456976,37177.94262272387,9.294149284505647,1.4416977057937874,45,False,6,False,False,True,False,False,True,True,False,False,True,True,False,True
24.500000000000078,0.1,1.449367037118778,45,0.06305553487898874,optimal,18,success,0.0003602471684076637,0.00036024716840543647,0.0,2.2272223128283475e-15,0,True,0.010125209315673737,False,False,0.9247953000012785,0.006289700046181679,1.4199991710484028e-05,0.9311115999589674,11.740912285106496,0.02417692423224302,0.0020634522746820014,2.590200406973629,0.007955897411227274,0.0030810008044418365,0.4662834174342735,-0.00025639892376146713,0.000549575652005444,2.8223520061991927,-0.028869211635870196,0.010125209315673737,1.246177189442694,-0.0047110921144422335,0.003766197336646044,10.159639752831595,0.00036024716840543647,6.144953594839169,12.839895723323728,37166.79663048408,9.291361457915194,1.449367037118778,45,False,6,False,False,True,False,False,True,True,False,False,True,True,False,True
24.60000000000008,0.1,1.4570576483614455,45,0.06292157908157034,optimal,16,success,0.0003606952970555161,0.0003606952970560684,0.0,5.52292586664116e-16,0,True,0.010240890018137858,False,False,0.8895832000416704,0.00572779995854944,1.9900035113096237e-05,0.8953499000053853,11.740320521679742,-0.0005917634267541133,5.040182673920263e-05,2.565218951327064,-0.024981455646565065,0.00964460339798696,0.46602581341635974,-0.00025760401791376166,0.0005524623185856123,2.793448609711236,-0.028903396487956673,0.010240890018137858,1.258307121193542,0.012129931750847808,0.00973371351490751,10.159639304702944,0.0003606952970560684,6.121958243748008,12.913878785351491,37155.65398154044,9.28857446754728,1.4570576483614455,45,False,8,False,True,True,False,True,True,True,False,False,True,True,False,True
24.70000000000008,0.1,1.4648051005495861,45,0.06303103540889847,optimal,18,success,0.00035963656537429115,0.0003596365653706357,0.0,3.6554418346435025e-15,0,True,0.010466983097727249,False,False,0.909315199998673,0.0065061000059358776,1.479999627918005e-05,0.9158497999887913,11.765334450936086,0.025013929256344034,0.0021306002004079167,2.573888347649034,0.008669396321970058,0.0033795931210804137,0.46575705719546817,-0.0002687562208915657,0.0005766981423654569,2.764209630329019,-0.029238979382217187,0.010466983097727249,1.2532128741145498,-0.005094247078992146,0.004048492608195764,10.15964036343463,0.0003596365653706357,6.099773322079255,12.987164452359451,37144.51467489014,9.28578831315107,1.4648051005495861,45,False,8,False,True,True,False,True,True,True,False,False,True,True,False,True
24.800000000000082,0.1,1.4725871553404077,45,0.06298627026925116,optimal,16,success,0.0003601194215438718,0.0003601194215434589,0.0,4.1291839739110436e-16,0,True,0.010585588154377254,False,False,0.977555499994196,0.005872799956705421,1.4300050679594278e-05,0.9834552999818698,11.790408512484726,0.02507406154864053,0.0021311813661740453,2.5828532834299134,0.008964935780879223,0.0034830321171731137,0.46548339211405193,-0.00027366508141626157,0.0005875704451245926,2.7349488456099924,-0.029260784719026392,0.010585588154377254,1.248119235804436,-0.005093638310113838,0.004064463759768442,10.159639880578457,0.0003601194215434589,6.077336915980575,13.06055642690774,37133.3787095306,9.283002994475815,1.4725871553404077,45,False,8,False,True,True,False,True,True,True,False,False,True,True,False,True
24.900000000000084,0.1,1.4803662067980432,45,0.06268670716027759,optimal,16,success,0.00036061452151327195,0.00036061452150981665,0.0,3.4552981136026784e-15,0,True,0.010706282820320153,False,False,0.8982275000307709,0.006265399977564812,1.5700003132224083e-05,0.9045219999970868,11.790398610665239,-9.901819486540786e-06,8.398198820724375e-07,2.5580542566844557,-0.0247990267454577,0.00960140744522883,0.46521527283567893,-0.00026811927837302313,0.0005760018142759624,2.705667709769784,-0.029281135840208694,0.010706282820320153,1.2601228926372858,0.01200365683284993,0.009617395909384692,10.15963938547849,0.00036061452150981665,6.054640932805687,13.13406097734653,37122.246084459584,9.28021851127084,1.4803662067980432,45,False,8,False,True,True,False,True,True,True,False,False,True,True,False,True
25.000000000000085,0.1,1.4882297802308118,45,0.06297852492909321,optimal,18,success,0.00035956140313836936,0.0003595614031350891,0.0,3.2802536728548937e-15,0,True,0.010943578539422646,False,False,0.9029897999716923,0.0063192000379785895,1.5199999324977398e-05,0.9093366999877617,11.815995243844196,0.02559663317895687,0.0021709726722727533,2.5673541455175317,0.009299888833075993,0.0036355322834824315,0.46492826644758295,-0.0002870063880959964,0.0006169324286078875,2.6760580226863384,-0.029609687083445427,0.010943578539422646,1.254655815169175,-0.005467077468110915,0.00433852721830089,10.159640438596865,0.0003595614031350891,6.032750115724685,13.206873752222188,37111.116798675204,9.277434863285535,1.4882297802308118,45,False,8,False,True,True,False,True,True,True,False,False,True,True,False,True
25.100000000000087,0.1,1.496098530426445,45,0.06273393280816761,optimal,16,success,0.00036007398934265953,0.00036007398934678747,0.0,4.127937141412685e-15,0,True,0.01106911480148022,False,False,0.9016534000402316,0.006126099964603782,1.580000389367342e-05,0.9078081999905407,11.816302140006949,0.00030689616275225706,2.5972942305654822e-05,2.5428271034088143,-0.02452704210871756,0.009553431555806399,0.46464454363649477,-0.00028372281108818715,0.0006102507237429383,2.6464364292178013,-0.02962159346853724,0.01106911480148022,1.2664934138208572,0.011837598651682395,0.009434937062867908,10.159639926010653,0.00036007398934678747,6.010587887581391,13.279809333439204,37099.99085117578,9.274652050269374,1.496098530426445,45,False,6,False,False,True,False,False,True,True,False,False,True,True,False,True
25.200000000000088,0.1,1.5040416169431172,45,0.06295156016693353,optimal,18,success,0.00035902858071365273,0.0003590285807124616,0.0,1.1911587168011994e-15,0,True,0.011316437460661367,False,False,0.9050856999820098,0.006393600022420287,1.4999997802078724e-05,0.9115070999832824,11.842641289995406,0.02633914998845678,0.0022290518367230317,2.5528060549530345,0.009978951544220141,0.003924353146481234,0.46434479307658827,-0.0002997505599064791,0.0006451180025929302,2.616488196872942,-0.02994823234485923,0.011316437460661367,1.2606588267960512,-0.005834587024805903,0.004606883037159791,10.159640971419288,0.0003590285807124616,5.98922413676019,13.352059452769096,37088.86824096001,9.2718700719719,1.5040416169431172,45,False,6,False,False,True,False,False,True,True,False,False,True,True,False,True
25.30000000000009,0.1,1.5119980980255636,45,0.0627612385229321,optimal,16,success,0.0003595745952234132,0.00035957459522251156,0.0,9.016225266389455e-16,0,True,0.011446103329002892,False,False,0.8960274000419304,0.0058441999717615545,1.5400000847876072e-05,0.9019011000054888,11.84325764364163,0.0006163536462241159,5.204528543347909e-05,2.528538191906201,-0.024267863046833784,0.009506348122196168,0.46404605222106476,-0.000298740855523506,0.0006433599772792804,2.586539602612418,-0.029948594260524153,0.011446103329002892,1.2723374142243737,0.011678587428322498,0.009263876300302027,10.159640425404778,0.00035957459522251156,5.967565921578941,13.424450917397749,37077.748967026826,9.269088928142743,1.5119980980255636,45,False,6,False,False,True,False,False,True,True,False,False,True,True,False,True
25.40000000000009,0.1,1.5200213294957536,45,0.06292347485775916,optimal,18,success,0.00035853665650612785,0.00035853665650620314,0.0,7.529784087911828e-17,0,True,0.011704130981320901,False,False,0.9059818999958225,0.006972600007429719,2.9199989512562752e-05,0.9130002000019886,11.870297142656453,0.027039499014823096,0.0022831132977454032,2.5391781836361798,0.010639991729979037,0.00420796164520569,0.46373341996874323,-0.00031263225232150654,0.0006737095398725063,2.5562664043150685,-0.030273198297349452,0.011704130981320901,1.2661433740171828,-0.006194040207190849,0.004868237102786749,10.159641463343494,0.00035853665650620314,5.946699700085455,13.496163028232637,37066.63302837552,9.266308618531593,1.5200213294957536,45,False,6,False,False,True,False,False,True,True,False,False,True,True,False,True
25.500000000000092,0.1,1.5280635709182044,45,0.06276926560241418,optimal,17,success,0.0003591154069174484,0.0003591154069209068,0.0,3.4584422999028863e-15,0,True,0.011838515401531862,False,False,0.9509432000340894,0.0064079000148922205,1.5300000086426735e-05,0.9573783000232652,11.871216153739567,0.0009190110831149567,7.742106807187232e-05,2.515157052575703,-0.02402113106047665,0.009460199057821797,0.4634202512872122,-0.0003131686815310296,0.0006753204924332129,2.526004005117166,-0.030262399197902412,0.011838515401531862,1.2776698499910402,0.011526475973857362,0.009103610389150871,10.15964088459308,0.0003591154069209068,5.925516518860265,13.568034549754296,37055.52042400564,9.263529142888224,1.5280635709182044,45,False,6,False,False,True,False,False,True,True,False,False,True,True,False,True
25.600000000000094,0.1,1.536167573289588,45,0.06289432085589908,optimal,18,success,0.00035808469497726437,0.0003580846949784444,0.0,1.180045644533223e-15,0,True,0.012107993523156927,False,False,0.909287000016775,0.006028299976605922,1.4199991710484028e-05,0.9153416000190191,11.898914396392012,0.027698242652444707,0.0023332270505174355,2.526440411820964,0.011283359245260964,0.0044861450038302724,0.46309460519893175,-0.000325646088280477,0.0007027014623895938,2.495419164983739,-0.030584840133427105,0.012107993523156927,1.271124272106771,-0.006545577884269172,0.005123058890616441,10.159641915305022,0.0003580846949784444,5.905119057851296,13.639232619992324,37044.411152917084,9.260750500962487,1.536167573289588,45,False,6,False,False,True,False,False,True,True,False,False,True,True,False,True
25.700000000000095,0.1,1.5442936051749814,45,0.06275866348222893,optimal,17,success,0.00035869547596738174,0.000358695475966897,0.0,4.84746791318269e-16,0,True,0.012247749289695348,False,False,0.9383648000075482,0.010882999980822206,2.3800006601959467e-05,0.9492917000316083,11.900129766094812,0.001215369702800867,0.00010214122585581347,2.5026539199741933,-0.023786491846770945,0.009415021916003366,0.4627676021986178,-0.0003270030003139889,0.0007061256957928025,2.4648558966783174,-0.030563268305421748,0.012247749289695348,1.2825053889036286,0.011381116796857613,0.00895358309694965,10.159641304524033,0.000358695475966897,5.884382706654728,13.71060768998373,37033.30521410996,9.257972692504302,1.5442936051749814,45,False,6,False,False,True,False,False,True,True,False,False,True,True,False,True
25.800000000000097,0.1,1.5524789985159388,45,0.06286414891254134,optimal,18,success,0.0003576717452017625,0.0003576717452027367,0.0,9.7420986208685e-16,0,True,0.012529500351940224,False,False,0.9294084000284784,0.006632899981923401,1.5600002370774746e-05,0.9360708000021987,11.92844571904457,0.02831595294975786,0.002379465897122744,2.5145633308834583,0.01190941090926487,0.004758712666666943,0.4624288150091428,-0.0003387871894750244,0.0007320892557418452,2.4339724838534043,-0.030883412824912915,0.012529500351940224,1.275616044087024,-0.0068893448166047234,0.005371786252293408,10.159642328254797,0.0003576717452027367,5.8644260132851596,13.781315007271024,37022.2026065848,9.255195717263662,1.5524789985159388,45,False,6,False,False,True,False,False,True,True,False,False,True,True,False,True
25.900000000000098,0.1,1.5606868549020632,45,0.06273008757392277,optimal,17,success,0.0003583138407944029,0.0003583138407936559,0.0,7.469610867338883e-16,0,True,0.012675353391283289,False,False,0.91913580003893,0.0063108999747782946,1.9200029782950878e-05,0.925479399971664,11.929951613618504,0.0015058945739339497,0.00012624398931787795,2.4909997353224123,-0.02356359556104619,0.009370849909263344,0.4620885731184798,-0.0003402418906629995,0.0007357713871188423,2.403121022475903,-0.030851461377501457,0.012675353391283289,1.2868584063424795,0.011242362255455702,0.00881328069489908,10.159641686159206,0.0003583138407936559,5.844109069557143,13.852216435409305,37011.1033293423,9.252419574990647,1.5606868549020632,45,False,6,False,False,True,False,False,True,True,False,False,True,True,False,True
26.0000000000001,0.1,1.5689542534666996,45,0.06283300870098399,optimal,18,success,0.0003572968439224308,0.00035729684392471484,0.0,2.284034506666588e-15,0,True,0.012970288015495643,False,False,0.9197227999684401,0.0066164000309072435,1.6199948731809855e-05,0.9263689999934286,11.958844826146326,0.0288932125278214,0.002421905256919791,2.5035182450858,0.012518509763387507,0.005025496223815224,0.46173652197518766,-0.00035205114329212023,0.0007618693985792505,2.371951850678298,-0.03116917179760484,0.012970288015495643,1.2796329169937424,-0.007225489348737124,0.005614828572533846,10.159642703156075,0.00035729684392471484,5.824565932680596,13.922455607470381,37000.00738138359,9.249644265435396,1.5689542534666996,45,False,6,False,False,True,False,False,True,True,False,False,True,True,False,True
26.1000000000001,0.1,1.5772419754211393,45,0.06268419717756368,optimal,17,success,0.0003579695296673667,0.0003579695296647145,0.0,2.652175354334041e-15,0,True,0.013123048264330441,False,False,0.9357391000376083,0.006534499989356846,1.610000617802143e-05,0.9423042999696918,11.960635843728335,0.0017910175820099877,0.00014976509922548544,2.480166148017862,-0.023352097067937748,0.009327711956474052,0.46138363725036946,-0.00035288472481819264,0.0007642556047085996,2.340824612061179,-0.03112723861711922,0.013123048264330441,1.290742981708559,0.011110064714816669,0.008682227979034552,10.159642030470335,0.0003579695296647145,5.804641759379868,13.992905522920353,36988.91476170998,9.246869788348137,1.5772419754211393,45,False,6,False,False,True,False,False,True,True,False,False,True,True,False,True
26.200000000000102,0.1,1.5855919877352755,45,0.06280094883792083,optimal,18,success,0.0003569590184750738,0.00035695901847709877,0.0,2.0249643975511766e-15,0,True,0.013432178282654746,False,False,0.9816430999781005,0.006642499996814877,1.610000617802143e-05,0.9883161000325345,11.990066459023831,0.029430615295495663,0.0024606229702184156,2.493277172332057,0.013111024314194988,0.005286349192643106,0.4610182032786943,-0.0003654339716751398,0.0007920392969567695,2.3093822385435474,-0.03144237351763189,0.013432178282654746,1.2831888186189444,-0.00755416308961453,0.005852569563938337,10.159643040981523,0.00035695901847709877,5.785485753148579,14.062698479249274,36977.82546932318,9.244096143479165,1.5855919877352755,45,False,6,False,False,True,False,False,True,True,False,False,True,True,False,True
26.300000000000104,0.1,1.5939576263315713,45,0.06262165347730342,optimal,17,success,0.0003576615635354724,0.00035766156353389533,0.0,1.5770804800974147e-15,0,True,0.013592752496617254,False,False,0.9087163000367582,0.006105399981606752,1.4899997040629387e-05,0.9148493999964558,11.992137599334939,0.0020711403111084437,0.00017273801760704044,2.470125516151217,-0.023151656180840134,0.00928563275585823,0.4606532711845028,-0.00036493209419153467,0.0007915784921206815,2.277991377354941,-0.031390861188606345,0.013592752496617254,1.2941728953263854,0.0109840767074409,0.00855998474118775,10.159642338436466,0.00035766156353389533,5.765928500878799,14.132718333360405,36966.739503225115,9.24132333057885,1.5939576263315713,45,False,6,False,False,True,False,False,True,True,False,False,True,True,False,True
26.400000000000105,0.1,1.6023908552982504,45,0.06276801690108079,optimal,18,success,0.00035665728957616656,0.00035665728957923193,0.0,3.0653648022682667e-15,0,True,0.013917206318958167,False,False,1.045721699949354,0.007048300001770258,1.7300015315413475e-05,1.0528013000148349,12.022066366303985,0.02992876696904681,0.0024956990962734286,2.4838128439182863,0.013687327767069709,0.0055411466654522,0.46027433908272314,-0.00037893210177962624,0.0008225972232982468,2.2462881013634846,-0.031703275991456406,0.013917206318958167,1.286297374742789,-0.007875520583596245,0.0060853697462193174,10.159643342710421,0.00035665728957923193,5.747133986355816,14.20208632819947,36955.65686241808,9.238551349397643,1.6023908552982504,45,False,6,False,False,True,False,False,True,True,False,False,True,True,False,True
26.500000000000107,0.1,1.6108324744459293,45,0.06254311762729235,optimal,17,success,0.0003573889587183873,0.0003573889587169532,0.0,1.434128423655201e-15,0,True,0.014086613229705443,False,False,1.021645599976182,0.005626400001347065,1.2999982573091984e-05,1.0272965999902226,12.024413003123872,0.002346636819886394,0.00019519413288747586,2.460850906029871,-0.022961937888415326,0.00924463288151462,0.4598979533475307,-0.0003763857351924692,0.000817742166427451,2.2146455096770876,-0.031642591686396784,0.014086613229705443,1.2971616258394192,0.010864251096630086,0.00844614263385442,10.159642611041283,0.0003573889587169532,5.727918593582259,14.271696898436641,36944.5775459046,9.235780199686063,1.6108324744459293,45,False,6,False,False,True,False,False,True,True,False,False,True,True,False,True
26.600000000000108,0.1,1.619349517468961,45,0.06273425944354385,optimal,18,success,0.00035639067396755635,0.0003563906739678657,0.0,3.093770899187387e-16,0,True,0.014427654016068266,False,False,0.9210330999922007,0.006010299955960363,1.4999997802078724e-05,0.9270712999859825,12.0548012885286,0.03038828540472832,0.0025272157066489336,2.475098703288203,0.014247797258332109,0.005789784835570678,0.45950541100921954,-0.0003925423383111536,0.0008535422596554186,2.1826933704952274,-0.031952139181860184,0.014427654016068266,1.2889719068648802,-0.008189718974538907,0.006313568649734898,10.159643609326032,0.0003563906739678657,5.709460718481767,14.340660514966224,36933.50155268758,9.233009881194707,1.619349517468961,45,False,6,False,False,True,False,False,True,True,False,False,True,True,False,True
26.70000000000011,0.1,1.6278651965913205,45,0.062449248934055,optimal,17,success,0.00035715072944922697,0.0003571507294495291,0.0,3.021129353630858e-16,0,True,0.014607042360194828,False,False,0.8975132000050507,0.005602099990937859,1.3599987141788006e-05,0.9031416000216268,12.057419144831124,0.0026178563025244933,0.00021716295771840357,2.452316090720982,-0.022782612567220833,0.009204728901095466,0.45911816255382043,-0.0003872484553991125,0.0008427505881782592,2.150810675973087,-0.03188269452214021,0.014607042360194828,1.2997223481048457,0.010750441239965389,0.008340322378408774,10.15964284927055,0.0003571507294495291,5.6905629099567525,14.409881909995683,36922.42888177013,9.230240393674247,1.6278651965913205,45,False,6,False,False,True,False,False,True,True,False,False,True,True,False,True
26.80000000000011,0.1,1.6364666457153636,45,0.06269972200504824,optimal,18,success,0.00035615818691393423,0.00035615818691425716,0.0,3.229296170748075e-16,0,True,0.014966089624808656,False,False,0.9243553999694996,0.006433600035961717,1.4899997040629387e-05,0.930819800007157,12.088228945584719,0.030809800753595393,0.002555256675040877,2.467108903807153,0.014792813086171263,0.006032180411874298,0.4587119007163786,-0.0004062618374418301,0.0008848742449700099,2.118621450630479,-0.03218922534260851,0.014966089624808656,1.2912254304394744,-0.008496917665371247,0.006537486777665086,10.159643841813086,0.00035615818691425716,5.672417606630411,14.478461065656429,36911.359532155766,9.227471736875431,1.6364666457153636,45,False,6,False,False,True,False,False,True,True,False,False,True,True,False,True
26.900000000000112,0.1,1.6450544822701447,45,0.06234070314038581,optimal,17,success,0.00035694589026690236,0.00035694589026746826,0.0,5.65899323928809e-16,0,True,0.015156759704937383,False,False,0.9428502999944612,0.006832799990661442,1.650000922381878e-05,0.9497132999822497,12.091114071211338,0.00288512562661912,0.0002386723183029161,2.4444955476264463,-0.022613356180706715,0.009165933512627109,0.45831437665605773,-0.0003975240603208254,0.0008666094332848242,2.086510014397547,-0.03211143623293203,0.015156759704937383,1.3018679315923218,0.010642501152847388,0.008242171275410186,10.159643054109733,0.00035694589026746826,5.653813890147084,14.547312731506619,36900.293502848195,9.224703910549078,1.6450544822701447,45,False,6,False,False,True,False,False,True,True,False,False,True,True,False,True
27.000000000000114,0.1,1.6537390837073032,45,0.06265331902451057,optimal,18,success,0.00035595884454986203,0.00035595884454941995,0.0,4.4208343583096443e-16,0,True,0.015535415143541847,False,False,1.0630706999800168,0.006330000003799796,1.479999627918005e-05,1.069428400020115,12.122474688235704,0.031360617024365794,0.0025936912710992194,2.46003684185638,0.01554129422993357,0.0063576692725105756,0.4578947996259049,-0.00041957703015280443,0.0009154786572791196,2.0540952151227234,-0.03241479927482337,0.015535415143541847,1.293070653616527,-0.008797277975794698,0.00675742735673249,10.15964404115545,0.00035595884454941995,5.635957871935622,14.615526684373615,36889.23079285152,9.221936914446083,1.6537390837073032,45,False,6,False,False,True,False,False,True,True,False,False,True,True,False,True
27.100000000000115,0.1,1.6623964643663889,45,0.062213790433316186,optimal,18,success,0.0003567838177220582,0.0003567838177200855,0.0,1.9727058528373753e-15,0,True,0.015737648600556278,False,False,0.902632099983748,0.006653000018559396,1.6300007700920105e-05,0.9093147999956273,12.125624745856154,0.003150057620449523,0.00025985268696881726,2.4375798150402512,-0.022457026816128788,0.00912873597420695,0.4574877810760785,-0.00040701854982639,0.0008888909639483125,2.021768586435038,-0.032326628687685474,0.015737648600556278,1.3036116380314007,0.010540984414873592,0.008151901356195828,10.15964321618228,0.0003567838177200855,5.617618501630595,14.684032717538795,36878.17140117005,9.219170748317415,1.6623964643663889,45,False,7,False,False,True,False,True,True,True,False,False,True,True,False,True
27.200000000000117,0.1,1.671151124899358,45,0.06252470784243719,optimal,18,success,0.00035580193235647175,0.00035580193235595914,0.0,5.126107871511465e-16,0,True,0.016137657707290143,False,False,0.9661228000186384,0.0067140000173822045,1.6899954061955214e-05,0.9728683999856003,12.128760178689086,0.0031354328329323833,0.00025857907519395197,2.415475458034258,-0.022104357005993277,0.00906815722283468,0.4570585754635466,-0.00042920561253192833,0.0009381794012560808,1.9891419770237977,-0.03262660941124049,0.016137657707290143,1.313946078567937,0.010334440536536359,0.00792754547062998,10.159644198067644,0.00035580193235595914,5.600022297305659,14.751905321161624,36867.115326808496,9.216405411914115,1.671151124899358,45,False,6,False,False,True,False,False,True,True,False,False,True,True,False,True
27.300000000000118,0.1,1.6799688050055548,45,0.06262539473727392,optimal,18,success,0.0003548307543855947,0.0003548307543876916,0.0,2.09690121169559e-15,0,True,0.01655529377922948,False,False,0.9960061000310816,0.006273399980273098,1.4399993233382702e-05,1.002306500042323,12.161192713031367,0.032432534342281535,0.0026740189322291426,2.4320534261785984,0.01657796814434038,0.006863231869816522,0.45661683204053644,-0.0004417434230101884,0.000966491926252941,1.9562111472255714,-0.03293082979822631,0.01655529377922948,1.3044823469366778,-0.009463731631259333,0.0072025266376028185,10.159645169245612,0.0003548307543876916,5.5831609565174585,14.81915164884299,36856.06256877179,9.213640904987313,1.6799688050055548,45,False,7,False,False,True,False,True,True,True,False,False,True,True,False,True
27.40000000000012,0.1,1.6887893389824993,45,0.062366799615267754,optimal,18,success,0.00035571227835655986,0.0003557122783544031,0.0,2.1567491716167897e-15,0,True,0.01677884611896379,False,False,0.9394218999659643,0.006126700027380139,1.4599994756281376e-05,0.9455754000227898,12.164594685055482,0.0034019720241144774,0.00027973999790901127,2.410084047277975,-0.021969378900623362,0.009033263276269013,0.4561793591507602,-0.0004374728897762514,0.0009580743833320066,1.923388181410072,-0.03282296581549948,0.01677884611896379,1.3147282230009094,0.010245876064231668,0.007854361608106165,10.159644287721646,0.0003557122783544031,5.565777664706746,14.886720558371232,36845.013126065154,9.210877227288197,1.6887893389824993,45,False,6,False,False,True,False,False,True,True,False,False,True,True,False,True
27.50000000000012,0.1,1.69769370868252,45,0.06258783283657868,optimal,18,success,0.000354745735310582,0.000354745735311468,0.0,8.860100153551542e-16,0,True,0.0172213894283168,False,False,0.9863851999980398,0.007187599956523627,1.810002140700817e-05,0.993606899981387,12.197302119500215,0.032707434444732744,0.0026887401751999737,2.4271401491995395,0.01705610192156408,0.007076973909199464,0.4557235715361854,-0.0004557876145747394,0.0009991412487913743,1.890264764516187,-0.033123416893884886,0.0172213894283168,1.3049873772862854,-0.009740845714623959,0.007409018490825553,10.159645254264689,0.000354745735311468,5.54912475888702,14.953667226417119,36833.96699769419,9.20811437856804,1.69769370868252,45,False,7,False,False,True,False,True,True,True,False,False,True,True,False,True
27.600000000000122,0.1,1.706578303648446,45,0.062196857980540976,optimal,18,success,0.0003556515846362511,0.0003556515846323549,0.0,3.896188927043909e-15,0,True,0.017462566593965594,False,False,0.9530855000484735,0.00695459998678416,1.7599959392100573e-05,0.9600711999810301,12.200967413557057,0.0036652940568421416,0.0003005003910645387,2.4052970884846863,-0.021843060714852997,0.008999505332255638,0.4552783933820415,-0.00044517815414390013,0.0009768600571685637,1.8572558901855964,-0.033008874330590604,0.017462566593965594,1.3151499255071715,0.01016254822088597,0.007787468597603554,10.159644348415368,0.0003556515846323549,5.531933965673719,15.020949150297469,36822.92418266467,9.205352358578182,1.706578303648446,45,False,6,False,False,True,False,False,True,True,False,False,True,True,False,True
27.700000000000124,0.1,1.7155610604538962,45,0.06249802232126178,optimal,18,success,0.0003546894427046214,0.000354689442705336,0.0,7.14597651885196e-16,0,True,0.01793258802945568,False,False,0.9230757000041194,0.00900670001283288,1.7000013031065464e-05,0.9321135999634862,12.227903823785113,0.026936410228054916,0.002207727413329916,2.414866297566388,0.009569209081701502,0.003978389666504777,0.4548109225129267,-0.0004674708691148048,0.0010267802643613095,1.8239504854416182,-0.03330540474397828,0.01793258802945568,1.3095755924854942,-0.0055743330216772025,0.004238553273329297,10.159645310557295,0.000354689442705336,5.5154696584474925,15.087612552314805,36811.88467998282,9.202591167070045,1.7155610604538962,45,False,7,False,False,True,False,True,True,True,False,False,True,True,False,True
27.800000000000125,0.1,1.7245352176173683,45,0.0621739904663994,optimal,16,success,0.0003552372788927978,0.0003552372788924174,0.0,3.8039233221653923e-16,0,True,0.018240937660459526,False,False,0.9075512000126764,0.006571599980816245,1.479999627918005e-05,0.914150700031314,12.231768474811002,0.0038646510258891764,0.00031605180099403865,2.3932573172383047,-0.021608980328083272,0.008948313349629334,0.4543509844301496,-0.00045993808277708777,0.001011273168717744,1.7906799183409128,-0.033270567100705445,0.018240937660459526,1.3195895352713556,0.010013942785861344,0.007646708478168484,10.159644762721108,0.0003552372788924174,5.49871005397261,15.154428882625027,36800.84848865503,9.199830803795116,1.7245352176173683,45,False,6,False,False,True,False,False,True,True,False,False,True,True,False,True
27.900000000000126,0.1,1.7336078632521978,45,0.06247131907861616,optimal,18,success,0.00035428284034447443,0.0003542828403428899,0.0,1.5845072649789405e-15,0,True,0.018744600304897698,False,False,0.9117267999681644,0.006549700046889484,1.5899946447461843e-05,0.9183061000076123,12.261834387344962,0.030065912533959932,0.0024580184456462657,2.406972540372411,0.01371522313410629,0.00573077664291149,0.45386871792437633,-0.0004822665057732802,0.0010614404332768036,1.7571143389976056,-0.033565579343307256,0.018744600304897698,1.3119104677773896,-0.0076790674939658556,0.0058192849281627265,10.159645717159657,0.0003542828403428899,5.48267052713364,15.220632437730323,36789.81560768808,9.197071268504967,1.7336078632521978,45,False,7,False,False,True,False,True,True,True,False,False,True,True,False,True
28.000000000000128,0.1,1.7426573100936342,45,0.062064309435898773,optimal,17,success,0.00035503243060029286,0.00035503243059942236,0.0,8.705059242886115e-16,0,True,0.01905567798496094,False,False,0.957579700043425,0.006597300001885742,1.7000013031065464e-05,0.9642072000424378,12.265925779281908,0.00409139193694498,0.0003336688302663402,2.3855342672221984,-0.0214382731502126,0.008906737734073042,0.4533980992934088,-0.00047061863096752846,0.001036904753250571,1.7236313339709097,-0.033483005026695864,0.01905567798496094,1.3218117688779485,0.009901301100558958,0.0075472384310901405,10.1596449675694,0.00035503243059942236,5.466199394984492,15.287092463089406,36778.78603608897,9.194312560951241,1.7426573100936342,45,False,6,False,False,True,False,False,True,True,False,False,True,True,False,True
28.10000000000013,0.1,1.7518054276849313,45,0.062357911222731294,optimal,18,success,0.00035408382450304493,0.0003540838245008615,0.0,2.183420545059933e-15,0,True,0.019595340120247003,False,False,0.9166752999881282,0.006437300005927682,1.4399993233382702e-05,0.9231399000273086,12.269975104643088,0.004049325361179704,0.0003301279849597106,2.364437768283021,-0.021096498939177376,0.008843511170243174,0.45290512696273555,-0.0004929723306732372,0.0010872836287613519,1.6898561917398347,-0.03377514223107503,0.019595340120247003,1.3315112155935787,0.009699446715630208,0.007337993914113668,10.1596459161755,0.0003540838245008615,5.450443299662498,15.352944293333907,36767.75977286508,9.19155468088565,1.7518054276849313,45,False,5,False,False,False,False,False,True,True,False,False,True,True,False,True
28.20000000000013,0.1,1.7610226989082913,45,0.062477901248131504,optimal,18,success,0.00035314610728604527,0.00035314610728676143,0.0,7.161697450353e-16,0,True,0.020162566267737818,False,False,0.9401323999627493,0.00652940000873059,1.6400008462369442e-05,0.9466914000222459,12.304672458265216,0.03469735362212874,0.0028278259186523447,2.3839145443056764,0.019476776022655455,0.0082373815390366,0.45239814049611854,-0.0005069864666170197,0.0011194098640855835,1.6557843542909332,-0.03407183744890148,0.020162566267737818,1.3204429152410757,-0.011068300352502999,0.008312585146020589,10.159646853892713,0.00035314610728676143,5.435393850333272,15.418195067079957,36756.736817024066,9.188797628059985,1.7610226989082913,45,False,6,False,False,False,False,True,True,True,False,False,True,True,False,True
28.300000000000132,0.1,1.7702255928708983,45,0.06212272849355516,optimal,19,success,0.00035418178183353993,0.000354181781831997,0.0,1.5429281116641214e-15,0,True,0.020483839743961396,False,False,0.9334885000134818,0.006767700018826872,2.370000584051013e-05,0.9403039000462741,12.308991581950009,0.00431912368479305,0.00035101492538241726,2.362897804385351,-0.021016739920325565,0.00881606262713027,0.4519004552799024,-0.0004976852162161025,0.0011001044691968016,1.621867532927079,-0.03391682136385407,0.020483839743961396,1.3300860010213362,0.009643085780260609,0.007302917580878574,10.159645818218168,0.000354181781831997,5.419719516577543,15.483849281158735,36745.71716757378,9.186041402226111,1.7702255928708983,45,False,5,False,False,False,False,False,True,True,False,False,True,True,False,True
28.400000000000134,0.1,1.7795276586211726,45,0.06240976700933382,optimal,18,success,0.00035324716620510545,0.00035324716620088736,0.0,4.218088552054855e-15,0,True,0.02109211823077389,False,False,0.9343036000500433,0.006685200030915439,1.5900004655122757e-05,0.9410178999532945,12.344229441849334,0.03523785989932478,0.002862773905134343,2.383431053474382,0.020533249089031185,0.008689859142838553,0.451380403128986,-0.0005200521509164465,0.0011508113011179234,1.5876589111679276,-0.034208621759151514,0.02109211823077389,1.3187795841154417,-0.011306416905894488,0.00850051567884528,10.1596467528338,0.00035324716620088736,5.404748577606869,15.548905394083517,36734.700823522515,9.18328600313597,1.7795276586211726,45,False,6,False,False,False,False,True,True,True,False,False,True,True,False,True
28.500000000000135,0.1,1.788781353896757,45,0.06186611354305671,optimal,19,success,0.0003543347111797829,0.00035433471118295756,0.0,3.1746523812548055e-15,0,True,0.02144172541343686,False,False,0.9299989999854006,0.006584200018551201,1.6400008462369442e-05,0.9366127999965101,12.34886191228729,0.00463247043795563,0.00037527416836976923,2.3623577898791615,-0.021073263595220725,0.008841566264105583,0.45087915002076656,-0.0005012531082194353,0.001110489300697881,1.5536167647444687,-0.03404214642345885,0.02144172541343686,1.328492630914556,0.009713046799114191,0.0073651783179742815,10.159645665288817,0.00035433471118295756,5.389118642910153,15.614391164346342,36723.687783878755,9.180531430541581,1.788781353896757,45,False,5,False,False,False,False,False,True,True,False,False,True,True,False,True
28.600000000000136,0.1,1.7981345886610696,45,0.06215207779329913,optimal,18,success,0.0003533968420398981,0.00035339684203528066,0.0,4.6174544222898906e-15,0,True,0.022095587291528482,False,False,1.070793999999296,0.0072598999831825495,2.8199981898069382e-05,1.0781065999763086,12.35339053722544,0.004528624938150427,0.000366724073061695,2.3417424164837404,-0.02061537339542096,0.008726609273049817,0.4503554016374404,-0.0005237483833261566,0.001161615885990811,1.5192886899014753,-0.03432807484299348,0.022095587291528482,1.3378849557698966,0.009392324855340762,0.007069911143485179,10.159646603157965,0.00035339684203528066,5.374193594987012,15.679278339864952,36712.67804765138,9.177777684195027,1.7981345886610696,45,False,5,False,False,False,False,False,True,True,False,False,True,True,False,True
28.700000000000138,0.1,1.807579853755372,45,0.06239065294521182,optimal,18,success,0.00035247583277266944,0.0003524758327717592,0.0,9.102419339102052e-16,0,True,0.022786631018788438,False,False,1.0204598000273108,0.006098499987274408,1.4899997040629387e-05,1.0265895999618806,12.38906203620312,0.03567149897767952,0.002887587733115681,2.36271898489264,0.020976568408899575,0.008957675387883645,0.44981139095188555,-0.000544010685554886,0.0012079586113032635,1.484669219113672,-0.034619470787803405,0.022786631018788438,1.3259747560760173,-0.011910199693879228,0.008902259975728188,10.159647524167228,0.0003524758327717592,5.359961117297517,15.743577010362367,36701.6716138495,9.17502476384847,1.807579853755372,45,False,5,False,False,False,False,False,True,True,False,False,True,True,False,True
28.80000000000014,0.1,1.816981737762146,45,0.06187885407022957,optimal,19,success,0.00035359198094568584,0.0003535919809447563,0.0,9.295407325804472e-16,0,True,0.02319795443902118,False,False,1.0566589000518434,0.006624999979976565,1.4999997802078724e-05,1.0633112999494188,12.39386560029435,0.004803564091229243,0.0003877262118142878,2.342155005361142,-0.02056397953149801,0.008703523213291663,0.4492848979166118,-0.0005264930352737522,0.0011704751054871995,1.4502279302116559,-0.034441288902016115,0.02319795443902118,1.3353276309437794,0.009352874867761988,0.007053584410189022,10.159646408019055,0.0003535919809447563,5.345050716194638,15.808320635435791,36690.66848148249,9.172272669254145,1.816981737762146,45,False,5,False,False,False,False,False,True,True,False,False,True,True,False,True
28.90000000000014,0.1,1.826483475190785,45,0.06215781358683063,optimal,18,success,0.0003526732214818545,0.00035267322148158087,0.0,2.736526283353413e-16,0,True,0.023945974859403217,False,False,0.9893309999606572,0.007084400043822825,1.669995253905654e-05,0.9964454000000842,12.398604381964764,0.004738781670416012,0.00038234896385381715,2.321923399324775,-0.020231606036367006,0.008638030356683181,0.4487359398060597,-0.0005489581105521056,0.001221848571135354,1.4155008086544032,-0.034727121557252674,0.023945974859403217,1.3444826651465351,0.009155034202755869,0.006856020942429909,10.159647326778519,0.00035267322148158087,5.330830306643773,15.872478129891956,36679.66864956013,9.169521400164369,1.826483475190785,45,False,5,False,False,False,False,False,True,True,False,False,True,True,False,True
29.000000000000142,0.1,1.8360689935699255,45,0.062343497309913946,optimal,18,success,0.0003517654848387953,0.00035176548483839554,0.0,3.997453409954055e-16,0,True,0.024738802707668976,False,False,0.9265198999783024,0.006464999984018505,1.610000617802143e-05,0.933014500013087,12.435116887356987,0.03651250539222203,0.002944888333184805,2.3439873658678025,0.022063966543027395,0.009502452384709887,0.4481691286448686,-0.0005668111611910996,0.001263128514814461,1.380483013416556,-0.03501779523784718,0.024738802707668976,1.331981122560117,-0.012501542586418002,0.009298403698686186,10.159648234515162,0.00035176548483839554,5.317291532485503,15.936056575644596,36668.67211709243,9.166770956331527,1.8360689935699255,45,False,6,False,False,False,False,True,True,True,False,False,True,True,False,True
29.100000000000144,0.1,1.8456147944148913,45,0.061855742021085874,optimal,19,success,0.000352941790649179,0.000352941790650263,0.0,1.0839853320510073e-15,0,True,0.025223794381922682,False,False,0.9301507000345737,0.006888399948365986,2.6600027922540903e-05,0.9370790999964811,12.440139437478026,0.005022550121038763,0.00040390051549457347,2.3237859694086906,-0.02020139645911193,0.008618389652297834,0.44761891696957384,-0.0005502116752947573,0.0012276875851722213,1.3456619937383998,-0.03482101967815622,0.025223794381922682,1.3411090840065787,0.009127961446461719,0.006852921030079945,10.15964705820935,0.000352941790650263,5.303034843653835,16.00011107879716,36657.67888308964,9.164021337508075,1.8456147944148913,45,False,6,False,False,False,False,True,True,True,False,False,True,True,False,True
29.200000000000145,0.1,1.8552609724600075,45,0.062129282348328825,optimal,18,success,0.00035203564292713823,0.0003520356429298488,0.0,2.7105596413223854e-15,0,True,0.026087963799419387,False,False,1.0584058999666013,0.006753000023309141,1.71000137925148e-05,1.065191000001505,12.445090728546495,0.004951291068468991,0.0003980092902779199,2.303913068301008,-0.0198729011076825,0.008551949865132953,0.4470462035785903,-0.000572713390983507,0.0012794664596859214,1.310556412359498,-0.03510558137890189,0.026087963799419387,1.3500408147644967,0.008931730757917868,0.0066599584362177465,10.15964796435707,0.0003520356429298488,5.289457731286239,16.063588466545202,36646.68894656243,9.161272543446549,1.8552609724600075,45,False,5,False,False,False,False,False,True,True,False,False,True,True,False,True
29.300000000000146,0.1,1.8649884677823991,45,0.06229497455643921,optimal,18,success,0.00035114056774845475,0.00035114056774965263,0.0,1.1978807702706096e-15,0,True,0.02700766353341306,False,False,0.9395898999646306,0.006812100007664412,1.7300015315413475e-05,0.946432399970945,12.482369728854469,0.037279000307973154,0.0029954783875108877,2.327029130838109,0.02311606253710084,0.010033391821570547,0.4464564318771859,-0.0005897717014044102,0.0013192634154664707,1.2751613457329356,-0.03539506662656226,0.02700766353341306,1.3369634628948768,-0.013077351869619874,0.009686634453271035,10.15964885943225,0.00035114056774965263,5.276551839227438,16.12649580358819,36635.70230652171,9.158524573899555,1.8649884677823991,45,False,6,False,False,False,False,True,True,True,False,False,True,True,False,True
29.400000000000148,0.1,1.8746741173060715,45,0.061799706312932204,optimal,19,success,0.0003523753581905056,0.0003523753581902156,0.0,2.9002408113987244e-16,0,True,0.027589022725699158,False,False,0.9486657999805175,0.007050800020806491,1.6600009985268116e-05,0.9557474000030197,12.487614206273724,0.00524447741925585,0.00042015078331902173,2.3071659799546382,-0.0198631508834704,0.00853584109465636,0.44588395605874126,-0.0005724758184446467,0.001282265810434392,1.2399808903865766,-0.03518045534635908,0.027589022725699158,1.3458802112233337,0.00891674832845694,0.006669403148198112,10.15964762464181,0.0003523753581902156,5.262889369737169,16.18990922395407,36624.71896197861,9.15577742861978,1.8746741173060715,45,False,5,False,False,False,False,False,True,True,False,False,True,True,False,True
29.50000000000015,0.1,1.884460609023256,45,0.062067906789776854,optimal,18,success,0.00035148121101058206,0.0003514812110090304,0.0,1.5516559391526297e-15,0,True,0.02859985084759192,False,False,1.0659682999830693,0.011821300024166703,2.5500019546598196e-05,1.0778485999908298,12.492780229509728,0.005166023236003764,0.0004136917709556062,2.2876276812172964,-0.019538298737341663,0.008468527581932277,0.44528894986734024,-0.0005950061914009901,0.0013344418055773312,1.2045176218676563,-0.035463268518920316,0.02859985084759192,1.354602261665163,0.008722050441829327,0.006480554784219203,10.159648518788991,0.0003514812110090304,5.249896577483867,16.252754091624272,36613.7389119447,9.153031107359983,1.884460609023256,45,False,5,False,False,False,False,False,True,True,False,False,True,True,False,True
29.60000000000015,0.1,1.8943317669498692,45,0.062245158758148886,optimal,18,success,0.0003505981790139844,0.0003505981790166146,0.0,2.6302202603412095e-15,0,True,0.029680844605710677,False,False,1.0088940999703482,0.007198799983598292,1.7300015315413475e-05,1.0161410000291653,12.530750634623097,0.037970405113368716,0.003039387903717157,2.311761308433284,0.02413362721598734,0.01054963070002078,0.4446760576781327,-0.0006128921892075867,0.0013763920918993804,1.1687665215081622,-0.03575110035949408,0.029680844605710677,1.3409643491361145,-0.013637912529048536,0.010067835345471777,10.159649401820984,0.0003505981790166146,5.237565110579274,16.315037452071355,36602.762155431774,9.150285609872988,1.8943317669498692,45,False,6,False,False,False,False,True,True,True,False,False,True,True,False,True
29.700000000000152,0.1,1.9041531471926407,45,0.06171220816358364,optimal,19,success,0.00035188973541298315,0.0003518897354144457,0.0,1.4625345205743212e-15,0,True,0.030390558032986487,False,False,0.9422176000080071,0.0066356000024825335,1.580000389367342e-05,0.9488816999946721,12.536219805519865,0.0054691708967683356,0.0004364599580855707,2.2922130202568582,-0.019548288176425864,0.00845601494631556,0.4440827752812606,-0.000593282396872041,0.001334190106770878,1.1332470547092566,-0.03551946679890555,0.030390558032986487,1.3496832128191143,0.008718863682999766,0.0065019354829356155,10.159648110264586,0.0003518897354144457,5.224439755520741,16.377855832018223,36591.78869145186,9.147540935911707,1.9041531471926407,45,False,5,False,False,False,False,False,True,True,False,False,True,True,False,True
29.800000000000153,0.1,1.9140757777340933,45,0.06197515955264817,optimal,18,success,0.0003510069734624129,0.0003510069734602439,0.0,2.169000656165876e-15,0,True,0.031590690043994035,False,False,0.9115155999897979,0.005848600005265325,1.479999627918005e-05,0.9173908999655396,12.541602593354757,0.005382787834892405,0.0004293788652718335,2.272986167621289,-0.01922685263556967,0.008387899582480849,0.4434669409419744,-0.0006158343392861664,0.0013867557436699198,1.0974469982606674,-0.035800056448589274,0.031590690043994035,1.3582088362111429,0.008525623392028567,0.006316758859451843,10.15964899302654,0.0003510069734602439,5.2119746937622375,16.440113774280448,36580.81851901741,9.144797085229113,1.9140757777340933,45,False,5,False,False,False,False,False,True,True,False,False,True,True,False,True
29.900000000000155,0.1,1.924092246078494,45,0.0621941250175687,optimal,18,success,0.00035013536292384084,0.00035013536292716196,0.0,3.321128094757597e-15,0,True,0.032881563918809295,False,False,1.0097021999536082,0.008243999967817217,7.010000990703702e-05,1.0181053999694996,12.580188916373142,0.03858632301838598,0.0030766660585172085,2.2981036377084476,0.025117470087158783,0.011050428042615218,0.4428307673127513,-0.0006361736292231487,0.001434545781184598,1.0613612246398538,-0.03608577362081353,0.032881563918809295,1.3440253048831396,-0.014183531328003283,0.010442820684019137,10.159649864637073,0.00035013536292716196,5.200161581380276,16.50181830342473,36569.851637141095,9.142054057578266,1.924092246078494,45,False,6,False,False,False,False,True,True,True,False,False,True,True,False,True
30.000000000000156,0.1,1.934045205669056,45,0.061594748990482937,optimal,19,success,0.0003514819314246508,0.00035148193142653383,0.0,1.883042333172824e-15,0,True,0.03376605916346144,False,False,1.3493496000301093,0.006693399976938963,2.700003096833825e-05,1.356084999977611,12.5860323846312,0.0058434682580573855,0.00046449765555206404,2.2784065831773184,-0.019697054531129025,0.008571003590930272,0.4422181333907367,-0.0006126339220146015,0.001383449315710997,1.0255232387348607,-0.035837985904993194,0.03376605916346144,1.3530004215042908,0.008975116621151026,0.006677788422987612,10.159648518068574,0.00035148193142653383,5.18751863832666,16.564085690941692,36558.88804483586,9.139311852712284,1.934045205669056,45,False,5,False,False,False,False,False,True,True,False,False,True,True,False,True
30.100000000000158,0.1,1.944100901210367,45,0.06185837665600694,optimal,18,success,0.0003505878355742975,0.0003505878355731795,0.0,1.1179750701584279e-15,0,True,0.035214699526659204,False,False,0.9715162999927998,0.006743800011463463,2.169999061152339e-05,0.978312499995809,12.59161452055854,0.005582135927340609,0.00044351831909768117,2.25947515563381,-0.018931427543508413,0.008309064625817517,0.4415826172160767,-0.0006355161746599692,0.0014371101650380257,0.9894097460252063,-0.03611349270965451,0.035214699526659204,1.3613370049056648,0.00833658340137398,0.006161552700852239,10.159649412164427,0.0003505878355731795,5.175541864025605,16.62578921427816,36547.92774111502,9.13657047038438,1.944100901210367,45,False,5,False,False,False,False,False,True,True,False,False,True,True,False,True
30.20000000000016,0.1,1.9542587332124635,45,0.062113483329688454,optimal,18,success,0.0003497272314827928,0.00034972723148030127,0.0,2.4915508024803135e-15,0,True,0.03678662766489836,False,False,0.9322525000316091,0.006651700008660555,1.5599944163113832e-05,0.9389381000073627,12.631259605826866,0.03964508526832594,0.003148530730796813,2.2863187001214875,0.026843544487677434,0.011880433569161108,0.44092454398146147,-0.0006580732346152659,0.0014902607325533723,0.9530126980901553,-0.036397047935050914,0.03678662766489836,1.346615487722037,-0.014721517183627773,0.010814013819192343,10.15965027276852,0.00034972723148030127,5.164208021659434,16.68694710245378,36536.970724992156,9.133829910347831,1.9542587332124635,45,False,7,False,True,False,False,True,True,True,False,False,True,True,False,True
30.30000000000016,0.1,1.9643372254086078,45,0.06143941618757787,optimal,20,success,0.00035116597506442386,0.00035116597506501535,0.0,5.914864951994669e-16,0,True,0.037906230942414576,False,False,1.0131922999862581,0.007360499992500991,2.9099988751113415e-05,1.020595800015144,12.637771687461282,0.006512081634416009,0.0005155528298549063,2.2655436745665307,-0.020775025554956965,0.009086670880071552,0.44029451557734994,-0.0006300284041115544,0.0014288803213867898,0.9168875786652962,-0.03612511942485905,0.037906230942414576,1.3567591287891323,0.010143641067095133,0.007532693006712947,10.159648834024935,0.00035116597506501535,5.151983813941462,16.748714143824596,36526.01699548108,9.131090172355972,1.9643372254086078,45,False,5,False,False,False,False,False,True,True,False,False,True,True,False,True
30.400000000000162,0.1,1.974522284252755,45,0.06171589146243219,optimal,18,success,0.000350214181961312,0.00035021418196024,0.0,1.0720048980450425e-15,0,True,0.03968873080525996,False,False,1.1565254000015557,0.006087200017645955,1.4899997040629387e-05,1.1626414000056684,12.643505508692279,0.005733821230997346,0.00045370508130687523,2.246893686921767,-0.018649987644763874,0.00823201417572857,0.43964060897144236,-0.0006539066059076018,0.0014851572817120974,0.8804974743769627,-0.03639010428833356,0.03968873080525996,1.36490539770833,0.008146268919197737,0.006004211614531787,10.15964978581804,0.00035021418196024,5.140462587613373,16.809890557526273,36515.066551596006,9.128351256162238,1.974522284252755,45,False,5,False,False,False,False,False,True,True,False,False,True,True,False,True
30.500000000000163,0.1,1.984810013755914,45,0.061967109003152485,optimal,18,success,0.0003493642059947175,0.000349364205995073,0.0,3.555098923579969e-16,0,True,0.04164917230166879,False,False,1.0032779999892227,0.007096699962858111,1.6000005416572094e-05,1.010404100001324,12.649146112782233,0.005640604089954232,0.0004461265972539321,2.2285555723833244,-0.018338114538442685,0.008161540817521193,0.43896407491237843,-0.0006765340590639125,0.0015388343234413499,0.8438254833554524,-0.03667199102151032,0.04164917230166879,1.372862445199261,0.007957047490930846,0.005829742855651895,10.159650635794005,0.000349364205995073,5.12957560411636,16.87052882771174,36504.11939235141,9.12561316152012,1.984810013755914,45,False,5,False,False,False,False,False,True,True,False,False,True,True,False,True
30.600000000000165,0.1,1.9951742548634448,45,0.06208193719249234,optimal,18,success,0.00034852547615286917,0.00034852547615216167,0.0,7.074961276554159e-16,0,True,0.04379944824441759,False,False,0.9685974000021815,0.006822999974247068,1.6600009985268116e-05,0.9754505999735557,12.6895275511125,0.0403814383302669,0.003192424055364543,2.2563106983076464,0.027755125924322218,0.012454311783053071,0.43827233512856445,-0.0006917397838140065,0.0015758460050565289,0.8068663927699046,-0.03695909058554779,0.04379944824441759,1.3572285692145951,-0.015633875984665875,0.011387794923909315,10.159651474523848,0.00034852547615216167,5.119314046068803,16.930636106111514,36493.17551676203,9.122875888183192,1.9951742548634448,45,False,5,False,False,False,False,False,True,True,False,False,True,True,False,True
30.700000000000166,0.1,2.0054796663038803,45,0.06151874887049545,optimal,20,success,0.0003500241156075334,0.0003500241156064732,0.0,1.0602413044735748e-15,0,True,0.04544204786553924,False,False,0.9602012000395916,0.007165099959820509,1.8400023691356182e-05,0.9674000000231899,12.695526355337485,0.005998804224984805,0.00047273660905199625,2.2378913752824072,-0.01841932302523902,0.008163469259377486,0.43760311651145856,-0.000669218617105889,0.0015269469767229956,0.7702007315285596,-0.03666566124134499,0.04544204786553924,1.3652254770653125,0.007996907850717348,0.0058920862941641595,10.159649975884394,0.0003500241156064732,5.1081228727793375,16.99138318426802,36482.234923842865,9.1201394359051,2.0054796663038803,45,False,5,False,False,False,False,False,True,True,False,False,True,True,False,True
30.800000000000168,0.1,2.015887930569383,45,0.06176491457928171,optimal,18,success,0.00034918312310815814,0.0003491831231112741,0.0,3.1159428336147155e-15,0,True,0.04796556332923118,False,False,0.9527028999873437,0.006041700020432472,1.479999627918005e-05,0.9587750000064261,12.701420462684386,0.005894107346900768,0.0004642664811154326,2.2197813178094807,-0.0181100574729267,0.008092464930582847,0.4369112761983795,-0.0006918403130790394,0.0015809766589286246,0.7332576195642063,-0.036943111964353306,0.04796556332923118,1.3730343656454727,0.007808888580160142,0.005719852662686989,10.159650816876889,0.0003491831231112741,5.09755803855239,17.05159873135247,36471.29761260932,9.117403804439562,2.015887930569383,45,False,5,False,False,False,False,False,True,True,False,False,True,True,False,True
30.90000000000017,0.1,2.0263993850656057,45,0.06200757575181631,optimal,18,success,0.00034835339193578247,0.00034835339193328707,0.0,2.495399720192637e-15,0,True,0.05076789957860173,False,False,0.9650061000138521,0.007085999997798353,1.6899954061955214e-05,0.9721230000141077,12.74253530729651,0.041114844612124335,0.003237027286272114,2.2489225823161396,0.02914126450665902,0.013127988902715937,0.4361968797902357,-0.0007143964081437802,0.0016351063638362327,0.6960316703689261,-0.037225949195280175,0.05076789957860173,1.3569103491026142,-0.01612401654285851,0.011743345211376776,10.159651646608067,0.00034835339193328707,5.087611245828674,17.11128969095114,36460.363582077036,9.114668993540377,2.0263993850656057,45,False,6,False,False,False,False,True,True,True,False,False,True,True,False,True
31.00000000000017,0.1,2.03681874346802,45,0.0612863494455794,optimal,20,success,0.0003499267169597608,0.0003499267169591036,0.0,6.571891468520885e-16,0,True,0.053033297609788956,False,False,1.0458915999624878,0.008367100032046437,1.7599959392100573e-05,1.054291500011459,12.749586926498665,0.007051619202154996,0.0005533921650675878,2.2283601625174616,-0.02056241979867815,0.009143231501326805,0.43551436775387986,-0.000682512036355839,0.0015646880295981365,0.6591188156484123,-0.03691285472051378,0.053033297609788956,1.3671183144869972,0.010207965384382926,0.007522947548549476,10.159650073283041,0.0003499267169591036,5.076686537536084,17.17165736654529,36449.43283126188,9.11193500296141,2.03681874346802,45,False,5,False,False,False,False,False,True,True,False,False,True,True,False,True
31.100000000000172,0.1,2.0473475015645097,45,0.06155902472582644,optimal,19,success,0.0003489743846149169,0.00034897438461811703,0.0,3.200131132308215e-15,0,True,0.05639626793245073,False,False,1.0414240999962203,0.00685379997594282,1.650000922381878e-05,1.0483071999624372,12.755630774128054,0.006043847629389157,0.0004740426230459012,2.2104848142050795,-0.017875348312382293,0.00802175008019702,0.43480745521125574,-0.0007069125426241341,0.0016231669836059878,0.6219469743217849,-0.03717184132662746,0.05639626793245073,1.3747629857677537,0.007644671280756524,0.005591813963537706,10.159651025615382,0.00034897438461811703,5.06646069698459,17.231439767580156,36438.50535918017,9.109201832456593,2.0473475015645097,45,False,6,False,False,False,False,True,True,True,False,False,True,True,False,True
31.200000000000173,0.1,2.057980027243274,45,0.06179878768606156,optimal,18,success,0.0003481539312176733,0.00034815393121157,0.0,6.10329928957265e-15,0,True,0.06021764785512364,False,False,1.013553500000853,0.006840199988801032,1.650000922381878e-05,1.0204247000510804,12.761570292763258,0.005939518635204297,0.00046563895901183364,2.19291296301933,-0.017571851185749596,0.007949320019223327,0.4340778824681809,-0.0007295727430748564,0.0016779214209204068,0.5844947904375161,-0.037452183884268866,0.06021764785512364,1.3822220714710665,0.007459085703312732,0.005425724856235573,10.159651846068789,0.00034815393121157,5.056845341073094,17.290704110039112,36427.58116484842,9.106469481779952,2.057980027243274,45,False,5,False,False,False,False,False,True,True,False,False,True,True,False,True
31.300000000000175,0.1,2.0687020460532883,45,0.06196447289538144,optimal,18,success,0.0003473447833011803,0.00034734478330022966,0.0,9.506284648352903e-16,0,True,0.06456498578592702,False,False,0.9413610000046901,0.007005899969954044,1.810002140700817e-05,0.9484119000262581,12.803388317119039,0.04181802435578108,0.003276871372130039,2.22313444656429,0.03022148354496018,0.013781433214453477,0.43332977434585657,-0.0007481081223243386,0.0017234421575929454,0.5467568926009695,-0.037737897836546616,0.06456498578592702,1.3652140913945046,-0.017007980076561856,0.01230481007907844,10.1596526552167,0.00034734478330022966,5.047831669519311,17.349457490805626,36416.66024728345,9.103737950685566,2.0687020460532883,45,False,6,False,False,False,False,True,True,True,False,False,True,True,False,True
31.400000000000176,0.1,2.0793395384649838,45,0.061289339868297654,optimal,20,success,0.0003489866779860334,0.0003489866779808892,0.0,5.144159837683349e-15,0,True,0.0684081762179319,False,False,1.0493930999655277,0.007564100029412657,1.6499951016157866e-05,1.0569875999935903,12.810222542896376,0.006834225777337638,0.0005337825900507753,2.203964440404639,-0.019170006159650806,0.008622963037290349,0.4326116315520117,-0.0007181427938448411,0.001657266212387392,0.5093542507435536,-0.037402641857415986,0.0684081762179319,1.3742115081348074,0.00899741674030275,0.006590480421361821,10.15965101332202,0.0003489866779808892,5.0377955981193,17.40892199531535,36405.74260550231,9.101007238927606,2.0793395384649838,45,False,6,False,False,False,False,True,True,True,False,False,True,True,False,True
31.500000000000178,0.1,2.0900849596933972,45,0.06154402015619235,optimal,18,success,0.0003480980780620123,0.00034809807806723825,0.0,5.22596289159738e-15,0,True,0.0739529456208565,False,False,0.9418970999540761,0.0062605999992229044,1.4499993994832039e-05,0.9481861999956891,12.816379204197599,0.006156661301222305,0.0004806053353566714,2.186585138883777,-0.017379301520862242,0.00788547274277777,0.4318696993779845,-0.000741932174027246,0.0017150074568396008,0.4716860035365634,-0.03766824720699012,0.0739529456208565,1.3815374286858149,0.007325920551007482,0.005330999273140146,10.159651901921933,0.00034809807806723825,5.028413393062795,17.467836358747654,36394.82823852249,9.098277346260303,2.0900849596933972,45,False,6,False,False,False,False,True,True,True,False,False,True,True,False,True
31.60000000000018,0.1,2.1009348944797193,45,0.06177717788643008,optimal,18,success,0.0003472968584064142,0.000347296858404178,0.0,2.236166980751353e-15,0,True,0.08045513154014824,False,False,0.9357791999937035,0.007476500002667308,1.6200006939470768e-05,0.9432847999851219,12.822428976961552,0.00604977276395284,0.00047203446992044595,2.1695039981894424,-0.017081140694334696,0.007811788523841515,0.4311050985407997,-0.0007646008371847484,0.0017704433496630852,0.4337364440763824,-0.03794955946018104,0.08045513154014824,1.3886800296136241,0.007142600927809268,0.00517003794432385,10.159652703141596,0.000347296858404178,5.019626394577633,17.52624539403373,36383.91714536168,9.095548272437968,2.1009348944797193,45,False,5,False,False,False,False,False,True,True,False,False,True,True,False,True
31.70000000000018,0.1,2.1118672949760007,45,0.06190096541552443,optimal,18,success,0.00034650697397780136,0.00034650697397609065,0.0,1.7107083978562532e-15,0,True,0.08815554800621307,False,False,0.9282278000027873,0.006639400031417608,1.6700010746717453e-05,0.9348987999837846,12.865241295849854,0.04281231888830159,0.0033388618463181807,2.201266963467618,0.03176296527817574,0.014640657636346137,0.4303241138625263,-0.0007809846782734187,0.0018115876636970614,0.3955001701585627,-0.03823627391781968,0.08815554800621307,1.3708236590633058,-0.017856370550318298,0.01285852044353696,10.159653493026024,0.00034650697397609065,5.0114258331536305,17.58415615613747,36373.00932503789,9.092820017214985,2.1118672949760007,45,False,6,False,False,False,False,True,True,True,False,False,True,True,False,True
31.800000000000182,0.1,2.1227137746655482,45,0.061228224146774826,optimal,20,success,0.0003482405451702443,0.0003482405451684656,0.0,1.7786878740710943e-15,0,True,0.09575907172504258,False,False,0.9430398999829777,0.00726430001668632,1.550000160932541e-05,0.9503312999731861,12.872213193888653,0.006971898038799287,0.0005419173941998526,2.1825784630700378,-0.01868850039758046,0.00848988364779744,0.42957366479712356,-0.0007504490654026995,0.0017439159025200296,0.3576274409970823,-0.03787272916148035,0.09575907172504258,1.3795020823220796,0.00867842325877372,0.00633080936515478,10.159651759454832,0.0003482405451684656,5.0021434780221155,17.642823546721328,36362.10477656935,9.090092580345805,2.1227137746655482,45,False,6,False,False,False,False,True,True,True,False,False,True,True,False,True
31.900000000000183,0.1,2.133668869771628,45,0.06147619568955421,optimal,18,success,0.00034737055941269114,0.0003473705594103649,0.0,2.3262641812848983e-15,0,True,0.10664160678407353,True,False,0.931951999955345,0.0065534000168554485,1.6000005416572094e-05,0.9385343999601901,12.87850942193251,0.00629622804385592,0.0004891332942531735,2.165653689996632,-0.016924773073405733,0.007754485513248935,0.42879941478245015,-0.0007742500146733875,0.0018023684367128175,0.319489476059077,-0.03813796493800531,0.10664160678407353,1.3865331123485054,0.007031030026425737,0.0050967882662348645,10.15965262944059,0.0003473705594103649,4.993500170868709,17.70095312004368,36351.20349897472,9.087365961584965,2.133668869771628,45,False,5,False,False,False,False,False,True,True,False,False,True,True,False,True
32.000000000000185,0.1,2.144729103210756,45,0.06170280159670688,optimal,18,success,0.00034658738529131646,0.0003465873852963597,0.0,5.043220615424948e-15,0,True,0.12025143688135664,True,False,0.9488864000304602,0.006096299970522523,1.4199991710484028e-05,0.9550111999851651,12.884694387592639,0.00618496566012873,0.00048025477619292943,2.1490221352606507,-0.016631554735981602,0.007679692654834147,0.42800250318641814,-0.0007969115960320123,0.0018584717435687792,0.2810704074945012,-0.0384190685645758,0.12025143688135664,1.3933829721816082,0.006849859833102875,0.004940278578346105,10.159653412614704,0.0003465873852963597,4.9854377962199665,17.758589253436444,36340.30549127288,9.084640160687064,2.144729103210756,45,False,5,False,False,False,False,False,True,True,False,False,True,True,False,True
32.100000000000186,0.1,2.1558753697924065,45,0.06183592962161615,optimal,18,success,0.0003458155651888999,0.0003458155651916428,0.0,2.7429230761710777e-15,0,True,0.13770797522367492,True,False,0.9576904000132345,0.006557199987582862,1.5199999324977398e-05,0.9642767999903299,12.928385580486783,0.043691192894143374,0.003390937462685647,2.182268030056999,0.033245894796348374,0.015470243070491243,0.4271883990574709,-0.000814104128947198,0.001902101326245309,0.2423647707831402,-0.038705636711360986,0.13770797522367492,1.3747041046440078,-0.018678867537600355,0.013405408211896695,10.159654184434808,0.0003458155651916428,4.977947612341331,17.815738960256407,36329.410752483,9.081915177406788,2.1558753697924065,45,False,6,False,False,False,False,True,True,True,False,False,True,True,False,True
32.20000000000019,0.1,2.1669237046753658,45,0.06111668967072889,optimal,21,success,0.00034763756608772393,0.0003476375660866893,0.0,1.0346541332029169e-15,0,True,0.15808837096670927,True,False,0.9329189999843948,0.007191999990027398,1.7900019884109497e-05,0.9401454000035301,12.935756637351847,0.007371056865065562,0.0005701451909193464,2.1633122538557203,-0.01895577620127888,0.008686273152608009,0.4264083570590444,-0.0007800419984265228,0.001825990593722985,0.20404971899031366,-0.03831505179282653,0.15808837096670927,1.3837956856726596,0.009091581028651773,0.0066134821289459385,10.159652362433913,0.0003476375660866893,4.969318781148788,17.873688782352012,36318.5192816245,9.079191011498885,2.1669237046753658,45,False,6,False,False,False,False,True,True,True,False,False,True,True,False,True
32.30000000000019,0.1,2.178083327147114,45,0.061367682162608274,optimal,18,success,0.00034674821892590347,0.00034674821892544117,0.0,4.623038063478191e-16,0,True,0.1890443540227864,True,False,0.9894107999862172,0.006694300041999668,1.5400000847876072e-05,0.9961352000245824,12.942180758403087,0.006424121051239379,0.0004966173399312263,2.1468126873965168,-0.016499566459203564,0.007626992557267687,0.42560393171142197,-0.0008044253476224158,0.001886514028877318,0.16547527167525872,-0.03857444731505494,0.1890443540227864,1.3905458896964786,0.006750204023818989,0.004878035170732399,10.159653251781075,0.00034674821892544117,4.961339407294843,17.931094067235485,36307.63107771722,9.076467662718178,2.178083327147114,45,False,5,False,False,False,False,False,True,True,False,False,True,True,False,True
32.40000000000019,0.1,2.189348650410422,45,0.061587973459158715,optimal,18,success,0.00034598226992314324,0.0003459822699198867,0.0,3.2565638553860854e-15,0,True,0.23480859275751403,True,False,0.9300606999895535,0.00671449996298179,1.610000617802143e-05,0.9368062000139616,12.948488784651413,0.006308026248326937,0.00048740056765404603,2.130601691232116,-0.01621099616440088,0.00755119263994116,0.4247768547547516,-0.0008270769566703811,0.0019433019646800992,0.1266202559970239,-0.03885501567823482,0.23480859275751403,1.3971169965319181,0.006571106835439468,0.004725559137695036,10.15965401773008,0.0003459822699198867,4.953927402125006,17.988017196147588,36296.7461397812,9.073745130819571,2.189348650410422,45,False,5,False,False,False,False,False,True,True,False,False,True,True,False,True
32.50000000000019,0.1,2.200190235206745,45,0.05939747488007055,optimal,18,success,0.0003452276860946326,0.0003452276860933523,0.0,1.280280135379508e-15,0,True,0.09648107611851003,False,False,0.9547501999768429,0.006432700029108673,1.6000005416572094e-05,0.9612134000053629,12.904697607338926,-0.043791177312486745,0.0033819527545480782,2.1097249947607177,-0.02087669647139819,0.0097984980286603,0.4240743209218125,-0.0007025338329390688,0.0016538891539763449,0.1144037974400298,-0.01221645855699409,0.09648107611851003,1.4085951761155808,0.011478179583662606,0.008215618027806577,10.159654772313907,0.0003452276860933523,4.9470740483307365,18.044465141618836,36285.86446683682,9.071023415558026,2.200190235206745,45,False,6,True,False,False,False,False,True,True,False,False,True,True,False,True
32.60000000000019,0.1,2.210954623083431,45,0.058805512353829865,optimal,19,success,0.00034422297294871567,0.00034422297295044757,0.0,1.7319045503283448e-15,0,True,0.008850608762943333,False,False,0.9477203999995254,0.007140700006857514,1.680001150816679e-05,0.9548923000111245,12.835197380876533,-0.0695002264623941,0.005385653238621352,2.0910526442346877,-0.018672350526029786,0.008850608762943333,0.4233989346251441,-0.0006753862966684253,0.0015926130476382882,0.1145259620255997,0.00012216458556989218,0.0010678368052767704,1.418031654315523,0.009436478199942139,0.006699212349970336,10.15965577702705,0.00034422297295044757,4.940942291340961,18.100315603332717,36274.98605790471,9.068302516688593,2.210954623083431,45,False,6,True,False,False,False,False,True,True,False,False,True,True,False,True
32.700000000000195,0.1,2.2219074236868908,45,0.059416484324292,optimal,19,success,0.00034332912841761754,0.00034332912841783525,0.0,2.177077962350893e-16,0,True,0.00430761330047715,False,False,0.9348629000014625,0.006859400018583983,1.6099947970360518e-05,0.9417518000118434,12.77990831392442,-0.05528906695211323,0.00430761330047715,2.097350978744108,0.006298334509420345,0.0030120401448455627,0.4226766394551444,-0.0007222951699997273,0.0017059447035198865,0.11452474037974403,-1.2216458556701948e-06,1.0666977461382279e-05,1.4135901787432679,-0.004441475572255136,0.0031321413444744396,10.159656670871582,0.00034332912841783525,4.935457541832559,18.155624984562284,36264.11091200584,9.065582433966393,2.2219074236868908,45,False,6,True,False,False,False,False,True,True,False,False,True,True,False,True
32.800000000000196,0.1,2.232924116016903,45,0.059459624633809494,optimal,16,success,0.00034376029262381155,0.00034376029262439545,0.0,5.838970799920684e-16,0,True,0.018155320415575302,False,False,0.9779863999574445,0.00604350003413856,2.6499968953430653e-05,0.9840698000043631,12.748206868618935,-0.031701445305484535,0.0024805690719192446,2.1354290577871278,0.03807807904301975,0.018155320415575302,0.4219424313758416,-0.0007342080793027853,0.0017370443756939671,0.11452475259620257,1.2216458539215935e-08,1.0667091231735862e-07,1.3926557420448773,-0.020934436698390464,0.014809410119842461,10.159656239707376,0.00034376029262439545,4.929747905797911,18.211048847584088,36253.239028161384,9.06286316714662,2.232924116016903,45,False,7,True,False,False,False,True,True,True,False,False,True,True,False,True
32.9000000000002,0.1,2.243897980437238,45,0.05902534058080327,optimal,21,success,0.00034586671689252496,0.00034586671689318393,0.0,6.589780804366896e-16,0,True,0.007596050429178221,False,False,0.9912641000119038,0.007652900007087737,1.6000005416572094e-05,0.9989456999464892,12.676468141028904,-0.07173872759003067,0.005627358288844776,2.1192082309762443,-0.016220826810883555,0.007596050429178221,0.4212260816282711,-0.0007163497475705245,0.0016977428537696465,0.11452475247403798,-1.2216458400438057e-10,1.066708997269044e-09,1.3994304091438845,0.006774667099007113,0.0048645669525332015,10.159654133283107,0.00034586671689318393,4.922713732118673,18.2674133555229,36242.370405392845,9.060144715984539,2.243897980437238,45,False,6,False,False,False,False,True,True,True,False,False,True,True,False,True
33.0000000000002,0.1,2.2550095976314486,45,0.05939705737735864,optimal,18,success,0.00034510823309365284,0.0003451082330947486,0.0,1.095748925622475e-15,0,True,0.018242788453914346,False,False,0.9372305999859236,0.006042800028808415,1.4099990949034691e-05,0.9433002000441775,12.644738712300096,-0.03172942872880728,0.002503018062745032,2.157868498423738,0.03866026744749368,0.018242788453914346,0.4204772374610572,-0.0007488441672138696,0.0017777725546318831,0.11452475247525962,1.221633905146291e-12,1.0666985771684837e-11,1.3781388100355525,-0.021291599108331997,0.015214475095876576,10.159654891766905,0.0003451082330947486,4.916237536168617,18.32330358578977,36231.505042722114,9.057427080235488,2.2550095976314486,45,False,6,False,True,False,False,False,True,True,False,False,True,True,False,True
33.1000000000002,0.1,2.2661050269421863,45,0.059082814780367136,optimal,21,success,0.00034723234114411453,0.00034723234114686363,0.0,2.749103028554245e-15,0,True,0.007595533659369003,False,False,0.9641930999932811,0.006680799997411668,1.5600002370774746e-05,0.9709021999733523,12.572097592796716,-0.0726411195033802,0.005744770307726404,2.1414783356114686,-0.01639016281226955,0.007595533659369003,0.41973897051924114,-0.0007382669418160817,0.001755783371946399,0.1145247524752474,-1.2212453270876722e-14,1.0663592810222345e-13,1.3849213188061504,0.006782508770597981,0.0049214989964784525,10.159652767658853,0.00034723234114686363,4.908428277656125,18.380140809348198,36220.64293917124,9.054710259654886,2.2661050269421863,45,False,6,False,False,False,False,True,True,True,False,False,True,True,False,True
33.2000000000002,0.1,2.2773125051273864,45,0.05933511321884632,optimal,18,success,0.0003464694740911857,0.0003464694740920038,0.0,8.180847492489374e-16,0,True,0.018329727029816445,False,False,0.945512400008738,0.0067381999688223004,1.610000617802143e-05,0.9522801000275649,12.540343704023948,-0.03175388877276776,0.0025257431020072104,2.1807310489434926,0.03925271333202387,0.018329727029816445,0.4189755316733323,-0.0007634388459088388,0.0018188419458989506,0.11452475247524754,1.3877787807814457e-16,1.2117719102526684e-15,1.3632679428629912,-0.02165337594315924,0.015635094679476227,10.159653530525908,0.0003464694740920038,4.901180577750383,18.436501111901872,36209.784093762704,9.051994253998215,2.2773125051273864,45,False,6,False,True,False,False,False,True,True,False,False,True,True,False,True
33.3000000000002,0.1,2.288531941713868,45,0.05914516601923741,optimal,21,success,0.00034861120789491675,0.00034861120789386746,0.0,1.0492908625314712e-15,0,True,0.007594788922090177,False,False,0.9268108999822289,0.006888300005812198,1.3899989426136017e-05,0.9337260000174865,12.466776405394105,-0.07356729862984375,0.005866449944768057,2.1641688569309183,-0.01656219201257413,0.007594788922090177,0.41821496981138756,-0.0007605618619447159,0.0018152894487826854,0.11452475247524754,0.0,0.0,1.3700592930998665,0.006791350236875221,0.004981669430745027,10.159651388792106,0.00034861120789386746,4.892591145119077,18.49381476710536,36198.92850551913,9.049279063021025,2.288531941713868,45,False,6,False,True,False,False,False,True,True,False,False,True,True,False,True
33.400000000000205,0.1,2.299836231862514,45,0.059273783586920654,optimal,18,success,0.00034784395290855043,0.0003478439529036592,0.0,4.8912154708424804e-15,0,True,0.018416261479256082,False,False,0.946970599994529,0.006177300005219877,1.580000389367342e-05,0.9531763999839313,12.4350019559394,-0.03177444945470431,0.0025487301946761627,2.204024756485421,0.03985589955450254,0.018416261479256082,0.4174369757972241,-0.0007779940141634569,0.0018602729943271222,0.11452475247524757,2.7755575615628914e-17,2.423543820505334e-16,1.3480392753518098,-0.02202001774805681,0.01607231005180425,10.159652156047096,0.0003478439529036592,4.884566874062292,18.550648842355034,36188.076173463596,9.046564686478963,2.299836231862514,45,False,5,False,False,False,False,False,True,True,False,False,True,True,False,True
33.500000000000206,0.1,2.3111821211248484,45,0.05921217523773634,optimal,21,success,0.00035000325890990967,0.00035000325891232364,0.0,2.4139761370389756e-15,0,True,0.018244634334419915,False,False,0.9319215000141412,0.00745829998049885,1.7000013031065464e-05,0.9394107999978587,12.40323259710521,-0.03176935883419031,0.0025548334408597444,2.2442363822315063,0.0402116257460854,0.018244634334419915,0.4166537426929341,-0.0007832331042899937,0.0018762906730870439,0.11452475247524754,-2.7755575615628914e-17,2.423543820505333e-16,1.326270842781085,-0.021768432570724836,0.016148218355910834,10.159649996741088,0.00035000325891232364,4.875192301138012,18.60844255239487,36177.227096619325,9.043851124127725,2.3111821211248484,45,False,6,False,False,False,True,False,True,True,False,False,True,True,False,True
33.60000000000021,0.1,2.322461725164897,45,0.05868577169197191,optimal,21,success,0.00035215586971205605,0.00035215586971304447,0.0,9.884129105464101e-16,0,True,0.007693014941816031,False,False,1.044112999981735,0.00730719999410212,1.580000389367342e-05,1.051450000028126,12.329475980772955,-0.07375661633225528,0.005946563990863908,2.226971438210032,-0.017264944021474132,0.007693014941816031,0.41589530480356307,-0.0007584378893710384,0.0018203073959424212,0.11452475247524752,-2.7755575615628914e-17,2.423543820505334e-16,1.3333419529301258,0.007071110149040844,0.0053315732510663405,10.159647844130287,0.00035215586971304447,4.864474349829478,18.667190001318613,36166.381274009895,9.04113837572309,2.322461725164897,45,False,6,False,False,False,True,False,True,True,False,False,True,True,False,True
33.70000000000021,0.1,2.333912330480049,45,0.05918259684521707,optimal,19,success,0.0003513655623798128,0.0003513655623805789,0.0,7.660972550782574e-16,0,True,0.0178914387933817,False,False,0.9573228000081144,0.006996000010985881,1.650000922381878e-05,0.9643477000063285,12.297019104185162,-0.032456876587792435,0.0026324619666242832,2.266815161391376,0.03984372318134401,0.0178914387933817,0.41509549435830667,-0.0007998104452563721,0.0019231052527369623,0.11452475247524754,2.7755575615628914e-17,2.4235438205053347e-16,1.3111980522469227,-0.022143900683203155,0.016607818147880336,10.15964863443762,0.0003513655623805789,4.854339404673279,18.72544417930216,36155.53870465925,9.038426441020919,2.333912330480049,45,False,6,False,False,False,True,False,True,True,False,False,True,True,False,True
33.80000000000021,0.1,2.3453251665607917,45,0.058780848244316786,optimal,21,success,0.00035348571209393596,0.0003534857120968127,0.0,2.876713624255789e-15,0,True,0.007686689356394386,False,False,0.939947500010021,0.00824809999903664,1.5199999324977398e-05,0.9482234999886714,12.22224008784952,-0.07477901633564166,0.006081068566461883,2.2493908574173958,-0.017424303973980513,0.007686689356394386,0.4143126906952536,-0.0007828036630530282,0.0018858399421153899,0.11452475247524754,0.0,0.0,1.3182708122287308,0.007072759981808093,0.005394120262524736,10.159646514287903,0.0003534857120968127,4.842885889446155,18.78463357188327,36144.69938759148,9.035715319777132,2.3453251665607917,45,False,6,False,False,False,True,False,True,True,False,False,True,True,False,True
33.90000000000021,0.1,2.3568744771072967,45,0.0591231110808184,optimal,19,success,0.000352691833123473,0.00035269183312536256,0.0,1.889547546207737e-15,0,True,0.018005995160001727,False,False,0.9473415999673307,0.007145899988245219,1.650000922381878e-05,0.9545184999587946,12.189785272265176,-0.03245481558434421,0.002655390120883689,2.2898933783090056,0.040502520891609765,0.018005995160001727,0.4134983064619587,-0.00081438423329492,0.00196562705315232,0.11452475247524757,2.7755575615628914e-17,2.423543820505334e-16,1.295735912337331,-0.022534899891399604,0.017094287215007848,10.159647308166875,0.00035269183312536256,4.832018427943694,18.8433274877874,36133.86332183113,9.033005011747727,2.3568744771072967,45,False,6,False,False,False,True,False,True,True,False,False,True,True,False,True
34.00000000000021,0.1,2.3684232715712796,45,0.0588808031711114,optimal,21,success,0.00035483175842532965,0.0003548317584236571,0.0,1.6725444813847634e-15,0,True,0.007680284801983207,False,False,0.9322355999611318,0.007472000026609749,1.5900004655122757e-05,0.9397359999711625,12.11395744744454,-0.07582782482063727,0.006220603819262069,2.272306344997417,-0.01758703331158864,0.007680284801983207,0.4126906955581405,-0.0008076109038181973,0.0019531178028959993,0.11452475247524754,-2.7755575615628914e-17,2.423543820505333e-16,1.3028113913554145,0.007075479018083267,0.005460587262199183,10.159645168241576,0.0003548317584236571,4.819822455692186,18.90296395949302,36123.03050640288,9.030295516688785,2.3684232715712796,45,False,6,False,False,False,True,False,True,True,False,False,True,True,False,True
34.100000000000215,0.1,2.3800723024805914,45,0.05906418926378834,optimal,19,success,0.00035403427126468533,0.0003540342712629041,0.0,1.7812357491764352e-15,0,True,0.018119416604161637,False,False,0.94463879999239,0.006889200012665242,1.550000160932541e-05,0.9515634999843314,12.081509665812241,-0.03244778163229865,0.0026785451222749316,2.313479210314705,0.04117286531728803,0.018119416604161637,0.41186177498833576,-0.0008289205698047063,0.0020085758625685486,0.11452475247524754,0.0,0.0,1.2798800881739005,-0.02293130318151392,0.01760139904645501,10.159645965728737,0.0003540342712629041,4.808215629534392,18.962102710367937,36112.20094033186,9.02758683435644,2.3800723024805914,45,False,6,False,False,False,True,False,True,True,False,False,True,True,False,True
34.200000000000216,0.1,2.391759911638589,45,0.0589859324681977,optimal,21,success,0.00035619385099288037,0.0003561938509903939,0.0,2.4864550522696316e-15,0,True,0.013318393012891415,False,False,0.9483739000279456,0.008652099990285933,1.8799968529492617e-05,0.9570630000089295,12.040792981424179,-0.04071668438806317,0.0033701652785397807,2.3439763636382205,0.03049715332351558,0.013182376218270413,0.41102888228542833,-0.0008328927029074407,0.002022262694640766,0.11452475247524754,0.0,0.0,1.2628341421502265,-0.017045946023674124,0.013318393012891415,10.15964380614901,0.0003561938509903939,4.795270513565536,19.02219123406934,36101.37462264332,9.024878964506918,2.391759911638589,45,False,6,False,False,False,True,False,True,True,False,False,True,True,False,True
34.30000000000022,0.1,2.4034308573894543,45,0.05867780807293682,optimal,20,success,0.000357799657840781,0.00035779965784143997,0.0,6.589780804366896e-16,0,True,0.007732142986969611,False,False,0.9466778999776579,0.0072480000089854,1.6300007700920105e-05,0.9539561999845318,11.964175262311327,-0.07661771911285228,0.006363178839720403,2.325852403236493,-0.0181239604017278,0.007732142986969611,0.41020740585138554,-0.0008214764340427849,0.001998585669880814,0.11452475247524752,-2.7755575615628914e-17,2.423543820505334e-16,1.2700883413506445,0.007254199200417944,0.005744380008657531,10.159642200342159,0.00035779965784143997,4.781350374775382,19.082956184439148,36090.55155236291,9.022171906896508,2.4034308573894543,45,False,6,False,False,False,True,False,True,True,False,False,True,True,False,True
34.40000000000022,0.1,2.4152309245175663,45,0.05897662981810049,optimal,19,success,0.00035698633159617614,0.0003569863315942001,0.0,1.976012669463456e-15,0,True,0.018304770221466274,False,False,0.9671457000076771,0.006525499979034066,1.4999997802078724e-05,0.9736989000230096,11.931310235354161,-0.03286502695716631,0.0027469529856099083,2.3674323033343736,0.041579900097880484,0.01787727374274516,0.4093567120413853,-0.0008506938100002735,0.0020738138752874496,0.11452475247524756,4.163336342344337e-17,3.635315730758002e-16,1.2468396661012577,-0.02324867524938677,0.018304770221466274,10.159643013668406,0.0003569863315942001,4.7680320626125665,19.143213835072185,36079.73172851661,9.019465661281577,2.4152309245175663,45,False,6,False,False,False,True,False,True,True,False,False,True,True,False,True
34.50000000000022,0.1,2.4270469053960353,45,0.05880349598295858,optimal,21,success,0.0003591328931075252,0.00035913289310762764,0.0,1.0245710529988017e-16,0,True,0.007722433751602274,False,False,0.9213866000063717,0.007266199972946197,1.5600002370774746e-05,0.9286814000224695,11.853551284961359,-0.07775895039280145,0.006517218047217536,2.3491499642104707,-0.01828233912390288,0.007722433751602274,0.40850852661545956,-0.0008481854259257416,0.0020719958925212185,0.11452475247524753,-2.7755575615628914e-17,2.4235438205053337e-16,1.254092759225427,0.007253093124169118,0.005817181889030537,10.159640867106893,0.00035913289310762764,4.753389694119317,19.204410166056853,36068.91515013057,9.016760227418564,2.4270469053960353,45,False,6,False,False,False,True,False,True,True,False,False,True,True,False,True
34.60000000000022,0.1,2.4389489371310002,45,0.058919299792827735,optimal,19,success,0.00035831638677268914,0.0003583163867730832,0.0,3.940532795898566e-16,0,True,0.018871914177710458,False,False,0.9335857999976724,0.0076676999451592565,1.7400016076862812e-05,0.9412857999559492,11.820714905488106,-0.03283637947325298,0.0027701723039670486,2.3914490234997228,0.042299059289251845,0.018006112821097906,0.4076433076804718,-0.0008652189349877547,0.0021179947996586355,0.11452475247524756,2.7755575615628914e-17,2.423543820505334e-16,1.2304256283024366,-0.023667130922990363,0.018871914177710458,10.159641683613227,0.0003583163867730832,4.739351893011098,19.265097192075153,36058.10181623136,9.014055605063973,2.4389489371310002,45,False,6,False,False,False,True,False,True,True,False,False,True,True,False,True
34.70000000000022,0.1,2.450902184277591,45,0.05889012225162745,optimal,21,success,0.0003604838048061823,0.00036048380480302455,0.0,3.1577388273640317e-15,0,True,0.019013374674334307,False,False,1.010413600015454,0.008328800031449646,1.5400000847876072e-05,1.0187712999759242,11.787174805880591,-0.03354009960751472,0.0028374002651855488,2.4330847169617327,0.04163569346200997,0.01741023666106793,0.4067709028754032,-0.0008724048050686132,0.0021401180606463958,0.11452475247524753,-2.7755575615628914e-17,2.4235438205053337e-16,1.2070310848226191,-0.023394543479817426,0.019013374674334307,10.159639516195197,0.00036048380480302455,4.723979626344138,19.3267306021164,36047.291725845724,9.011351793974397,2.450902184277591,45,False,6,False,False,False,True,False,True,True,False,False,True,True,False,True
34.800000000000225,0.1,2.462800703709221,45,0.05843004536173297,optimal,21,success,0.0003625926328270312,0.00036259263282723,0.0,1.9878846832521724e-16,0,True,0.007801735435158618,False,False,0.9673208000021987,0.006844499963335693,1.4399993233382702e-05,0.9741934000048786,11.708999062863894,-0.07817574301669626,0.0066322714564048535,2.4141024337086696,-0.018982283253063226,0.007801735435158618,0.40592082081548275,-0.0008500820599204113,0.0020898300589135242,0.11452475247524756,2.7755575615628914e-17,2.423543820505334e-16,1.2145689773337323,0.007537892511113061,0.006244986235976517,10.159637407367173,0.00036259263282723,4.707313729702318,19.38927909085261,36036.48487800074,9.008648793906486,2.462800703709221,45,False,6,False,False,False,True,False,True,True,False,False,True,True,False,True
34.900000000000226,0.1,2.4748569408544245,45,0.0588339288478361,optimal,19,success,0.0003617552359171389,0.00036175523591630565,0.0,8.332635796637344e-16,0,True,0.01962378145726183,False,False,0.955776099988725,0.006806299963500351,1.6400008462369442e-05,0.9626134000136517,11.675509015929087,-0.03349004693480692,0.002860197251276884,2.456505433844737,0.042403000136067195,0.017564706262660736,0.4050338126080751,-0.0008870082074076604,0.0021851754379725767,0.11452475247524756,0.0,0.0,1.190734541157765,-0.023834436175967158,0.01962378145726183,10.159638244764084,0.00036175523591630565,4.691268955086076,19.451305661396265,36025.681271723864,9.005946604616975,2.4748569408544245,45,False,6,False,False,False,True,False,True,True,False,False,True,True,False,True
35.00000000000023,0.1,2.486911216429068,45,0.058588724454455246,optimal,21,success,0.0003638870665115297,0.00036388706650924973,0.0,2.2799687485197673e-15,0,True,0.0077874000065250295,False,False,0.9438394000171684,0.007576200005132705,1.680001150816679e-05,0.9514453000156209,11.596081250833366,-0.079427765095721,0.0068029380978042505,2.4373756434131857,-0.019129790431551275,0.0077874000065250295,0.4041545800094905,-0.000879232598584606,0.0021707634553349803,0.11452475247524753,-2.7755575615628914e-17,2.4235438205053337e-16,1.1982636556428987,0.0075291144851336676,0.006323083966148343,10.159636112933491,0.00036388706650924973,4.6739194075567525,19.51425583744779,36014.8809060427,9.003245225862665,2.486911216429068,45,False,6,False,False,False,True,False,True,True,False,False,True,True,False,True
35.10000000000023,0.1,2.4990715632124294,45,0.058778230619214035,optimal,19,success,0.00036304713841796293,0.00036304713841417424,0.0,3.788690281641971e-15,0,True,0.02026325659384265,False,False,1.00494080001954,0.007344899990130216,3.070000093430281e-05,1.0123389999498613,11.562648177024771,-0.03343307380859499,0.0028831355253044885,2.480559117756012,0.04318347434282645,0.017717201063991248,0.40325300687292004,-0.0009015731365704436,0.002230763131644512,0.11452475247524756,2.7755575615628914e-17,2.423543820505334e-16,1.1739829317215307,-0.024280723921367965,0.02026325659384265,10.159636952861586,0.00036304713841417424,4.657193440069725,19.576682369895494,36004.083779985296,9.000544657400427,2.4990715632124294,45,False,6,False,False,False,True,False,True,True,False,False,True,True,False,True
35.20000000000023,0.1,2.511283750184575,45,0.05874788469886832,optimal,21,success,0.0003652017484767859,0.0003652017484725434,0.0,4.242537311044403e-15,0,True,0.020445648256120098,False,False,1.0020544999861158,0.009021900012157857,7.149996235966682e-05,1.0112041999818757,11.528531577754633,-0.03411659927013877,0.0029505869890540455,2.523072199906054,0.042513082150042035,0.017138507945942703,0.40234437414481883,-0.0009086327281011867,0.002253257167621147,0.11452475247524753,-2.7755575615628914e-17,2.4235438205053337e-16,1.1499800896408636,-0.024002842080667074,0.020445648256120098,10.159634798251528,0.0003652017484725434,4.639151191613899,19.64004105873432,35993.28989257983,8.99784489898722,2.511283750184575,45,False,6,False,False,False,True,False,True,True,False,False,True,True,False,True
35.30000000000023,0.1,2.523431199846632,45,0.058254859923720786,optimal,21,success,0.00036729773018871455,0.00036729773018961964,0.0,9.050919735908991e-16,0,True,0.007858294727489758,False,False,0.993388100003358,0.0073028000188060105,1.6400008462369442e-05,1.0007214999641292,11.448576584283023,-0.07995499347161042,0.006935401350323832,2.503245154940456,-0.019827044965597725,0.007858294727489758,0.4014611417739184,-0.0008832323709004339,0.0021952149145312155,0.11452475247524756,2.7755575615628914e-17,2.423543820505334e-16,1.1577925899074184,0.007812500266554848,0.00679359611260285,10.15963270226981,0.00036729773018961964,4.619833531880767,19.70430060312061,35982.49924285486,8.995145950380056,2.523431199846632,45,False,6,False,False,False,True,False,True,True,False,False,True,True,False,True
35.40000000000023,0.1,2.53574906785652,45,0.05869521028480477,optimal,19,success,0.0003664378618098232,0.00036643786181045357,0.0,6.303551430830723e-16,0,True,0.02113626785248627,False,False,0.9423817999777384,0.007148100004997104,1.869996776804328e-05,0.9495659999665804,11.414505213161723,-0.03407137112130072,0.002976035568305933,2.546587633677247,0.04334247873679066,0.017314516179627492,0.40053772355170986,-0.0009234182222085502,0.002300143466259981,0.11452475247524756,0.0,0.0,1.1333211756095114,-0.024471414297906988,0.02113626785248627,10.15963356213819,0.00036643786181045357,4.60115550121771,19.768024317223514,35971.71182983929,8.992447811336033,2.53574906785652,45,False,6,False,False,False,True,False,True,True,False,False,True,True,False,True
35.500000000000234,0.1,2.5480637194455507,45,0.05844661355724707,optimal,21,success,0.00036855861657916745,0.00036855861658224853,0.0,3.0810857337693065e-15,0,True,0.007839765793416902,False,False,0.9415260000387207,0.007994299987331033,1.869996776804328e-05,0.9495588000281714,11.33318037362389,-0.08132483953783387,0.007124692487245145,2.5266229830568054,-0.019964650620441372,0.007839765793416902,0.39962272575552615,-0.0009149977961837251,0.00228442351963784,0.11452475247524756,0.0,0.0,1.1411171117721322,0.007795936162620833,0.006878840994414581,10.159631441383418,0.00036855861658224853,4.581189948315666,19.83265816110635,35960.92765256219,8.98975048161232,2.5480637194455507,45,False,6,False,False,False,True,False,True,True,False,False,True,True,False,True
35.600000000000236,0.1,2.5604879618307472,45,0.05864105388888667,optimal,19,success,0.0003676967746559823,0.0003676967746581994,0.0,2.217085022515608e-15,0,True,0.021862002375733738,False,False,0.953653700009454,0.006803199998103082,1.5099998563528061e-05,0.9604852000484243,11.299197123328852,-0.03398325029503785,0.0029985625547907335,2.5708099293067854,0.04418694624998007,0.017488539661948695,0.3986846992950956,-0.0009380264604305602,0.0023472800718656044,0.11452475247524756,0.0,0.0,1.1161700067635794,-0.024947105008552774,0.021862002375733738,10.159632303225342,0.0003676967746581994,4.561866187446641,19.89675469272616,35950.14671005306,8.987053960966158,2.5604879618307472,45,False,6,False,False,False,True,False,True,True,False,False,True,True,False,True
35.70000000000024,0.1,2.572965668243355,45,0.0586133970818778,optimal,21,success,0.0003698420637139936,0.00036984206371393213,0.0,6.14742631799281e-17,0,True,0.022095740930469846,False,False,0.9499225000035949,0.007535899989306927,1.680001150816679e-05,0.9574893999961205,11.264479852019589,-0.034717271309263,0.003072543201993006,2.6143152482931904,0.0435053189864049,0.01692280650173778,0.39773945630419516,-0.0009452429909004084,0.0023709036052090003,0.11452475247524753,-2.7755575615628914e-17,2.4235438205053337e-16,1.0915074034597705,-0.024662603303808827,0.022095740930469846,10.159630157936286,0.00036984206371393213,4.541242455392895,19.961770630330992,35939.369001341525,8.984358249154855,2.572965668243355,45,False,6,False,False,False,True,False,True,True,False,False,True,True,False,True
35.80000000000024,0.1,2.585384664165843,45,0.058151130175520434,optimal,21,success,0.0003719283383320336,0.00037192833833366024,0.0,1.6266285193800023e-15,0,True,0.007903243400693002,False,False,1.0765126000042073,0.008454499999061227,1.829996472224593e-05,1.085008900030516,11.182512516705266,-0.08196733531432235,0.007276619638999716,2.5936536785597863,-0.020661569733404245,0.007903243400693002,0.39681823375561803,-0.0009212225485771522,0.0023161457430881383,0.11452475247524756,2.7755575615628914e-17,2.423543820505334e-16,1.0995859024320183,0.008078498972247869,0.007401231495674062,10.159628071661666,0.00037192833833366024,4.519359909813265,20.02767448501637,35928.59452545761,8.981663345935804,2.585384664165843,45,False,6,False,False,False,True,False,True,True,False,False,True,True,False,True
35.90000000000024,0.1,2.597969894265458,45,0.058560269951659125,optimal,19,success,0.0003710473219480241,0.00037104732194670476,0.0,1.3193656236976103e-15,0,True,0.022883066556122426,False,False,0.9503097000415437,0.007223399996291846,1.7200014553964138e-05,0.9575640999828465,11.1479083343407,-0.034604182364566013,0.00309449082331647,2.638055425807801,0.044401747248014864,0.017119381671908653,0.3958582928570245,-0.0009599408985935176,0.0024190947313794575,0.11452475247524756,0.0,0.0,1.0744240050424925,-0.025161897389525813,0.022883066556122426,10.159628952678053,0.00037104732194670476,4.498134887718825,20.093029121648893,35917.82328143168,8.978969251066454,2.597969894265458,45,False,6,False,False,False,True,False,True,True,False,False,True,True,False,True
36.00000000000024,0.1,2.6105684115709247,45,0.05837649695863972,optimal,21,success,0.0003731600706089059,0.0003731600706089466,0.0,4.071179157683069e-17,0,True,0.007880837131268895,False,False,0.9759087000275031,0.006698099954519421,1.4999997802078724e-05,0.9826340000145137,11.06444466413322,-0.08346367020748142,0.007486935459486585,2.6172653406537494,-0.020790085154051494,0.007880837131268895,0.39490247911955556,-0.0009558137374689481,0.002414535086711364,0.11452475247524756,0.0,0.0,1.0824779145064403,0.008053909463947745,0.007496025243431917,10.159626839929391,0.0003731600706089466,4.475638071092008,20.15928162110864,35907.055268294236,8.97627596430435,2.6105684115709247,45,False,6,False,False,False,True,False,True,True,False,False,True,True,False,True
36.10000000000024,0.1,2.623262407912924,45,0.05850757187405051,optimal,19,success,0.0003722775521682899,0.00037227755216839853,0.0,1.0863705768304754e-16,0,True,0.023713107927874424,False,False,0.9252717000199482,0.0071977999759837985,1.650000922381878e-05,0.9325010000029579,11.029963077790013,-0.0344815863432069,0.0031164317225050864,2.6625790130785982,0.04531367242484875,0.017313365871238013,0.39392788518332794,-0.0009745939362276071,0.0024679357252972616,0.11452475247524756,0.0,0.0,1.0568089988902085,-0.025668915616231643,0.023713107927874424,10.159627722447832,0.00037227755216839853,4.453800741610589,20.224983589311172,35896.29048507625,8.973583485407087,2.623262407912924,45,False,6,False,False,False,True,False,True,True,False,False,True,True,False,True
36.200000000000244,0.1,2.6360110291669954,45,0.058480636637685636,optimal,21,success,0.0003744164377356877,0.000374416437740166,0.0,4.478297073451376e-15,0,True,0.024012289663482275,False,False,0.968543499999214,0.00735169998370111,1.5400000847876072e-05,0.9759237999678589,10.99472901176185,-0.03523406602816424,0.003194395645721764,2.707197417499479,0.04461840442088061,0.016757588864674,0.3929460412209218,-0.000981843962406156,0.0024924459509872497,0.11452475247524753,-2.7755575615628914e-17,2.4235438205053337e-16,1.0314325950898822,-0.025376403800326405,0.024012289663482275,10.15962558356226,0.000374416437740166,4.430678380819496,20.29159330423889,35885.5289308088,8.970891814132345,2.6360110291669954,45,False,6,False,False,False,True,False,True,True,False,False,True,True,False,True
36.300000000000246,0.1,2.6487255896841035,45,0.058118140851211864,optimal,21,success,0.0003764956652070593,0.00037649566520769895,0.0,6.396250716578233e-16,0,True,0.008082248036021998,False,False,0.9414980000001378,0.007797799946274608,1.5300000086426735e-05,0.9493250999948941,10.910501804378773,-0.08422720738307647,0.007660689708038515,2.6857084049794957,-0.02148901251998298,0.007937733828008543,0.391981658564472,-0.000964382656449822,0.002454236855150368,0.11452475247524753,0.0,0.0,1.0397688891558365,0.008336294065954273,0.008082248036021998,10.159623504334792,0.00037649566520769895,4.406312634077694,20.359078938188784,35874.770604523364,8.96820095023787,2.6487255896841035,45,False,6,False,False,False,True,False,True,True,False,False,True,True,False,True
36.40000000000025,0.1,2.6615841930203765,45,0.058428920323474756,optimal,19,success,0.00037559455018784183,0.00037559455018687515,0.0,9.666746569880758e-16,0,True,0.02491750850206947,False,False,0.9336304999887943,0.007043099962174892,1.610000617802143e-05,0.9407031000009738,10.875417573354275,-0.035084231024499216,0.0032156386253855587,2.7312933626046583,0.04558495762516253,0.016973159685036824,0.39098506755695056,-0.000996591007521409,0.002542442958099512,0.11452475247524756,2.7755575615628914e-17,2.423543820505334e-16,1.0138604390201087,-0.025908450135727887,0.02491750850206947,10.159624405449813,0.00037559455018687515,4.382621987606747,20.42600226269004,35864.01550525175,8.965510893481486,2.6615841930203765,45,False,6,False,False,False,True,False,True,True,False,False,True,True,False,True
36.50000000000025,0.1,2.6744914122782792,45,0.058377292173490566,optimal,21,success,0.00037770176774275515,0.0003777017677446537,0.0,1.898546424239367e-15,0,True,0.025268626306906707,False,False,0.9267189999809489,0.012533800036180764,2.7999980375170708e-05,0.9393179999897256,10.84021156383866,-0.03520600951561559,0.003237209907403776,2.7771148278202715,0.04582146521561317,0.016776471485258616,0.3899830765082242,-0.0010019910487263435,0.00256273482511041,0.11452475247524753,-2.7755575615628914e-17,2.4235438205053337e-16,0.9882415784591532,-0.0256188605609555,0.025268626306906707,10.159622298232255,0.0003777017677446537,4.357674282721247,20.493811986906113,35853.26363202593,8.96282164362109,2.6744914122782792,45,False,6,False,False,False,True,False,True,True,False,False,True,True,False,True
36.60000000000025,0.1,2.687328555713589,45,0.05788362175483961,optimal,21,success,0.00037979093182582464,0.0003797909318254966,0.0,3.2802536728548937e-16,0,True,0.008716506724847115,False,False,0.963171000010334,0.00759170000674203,1.580000389367342e-05,0.9707933999598026,10.755149496633353,-0.0850620672053077,0.00784690102258356,2.7549271291795536,-0.02218769864071776,0.00798947829540511,0.3890087147594713,-0.0009743617487529268,0.0024984718759517217,0.11452475247524756,2.7755575615628914e-17,2.423543820505334e-16,0.996855592823566,0.008614014364412736,0.008716506724847115,10.159620209068175,0.0003797909318254966,4.331484507868748,20.562496285347123,35842.51498387825,8.960133200414651,2.687328555713589,45,False,6,False,False,False,True,False,True,True,False,False,True,True,False,True
36.70000000000025,0.1,2.7003536956396688,45,0.058351646197504596,optimal,19,success,0.00037887168676282724,0.0003788716867632047,0.0,3.7746498635082837e-16,0,True,0.026248277722322345,False,False,0.958894599985797,0.006906300026457757,1.5300000086426735e-05,0.9658303000032902,10.719469500355787,-0.03567999627756556,0.003317480272006851,2.8008152310683427,0.04588810188878892,0.01665673890345509,0.3879900065828843,-0.0010187081765869954,0.002618728419019802,0.11452475247524753,-2.7755575615628914e-17,2.4235438205053337e-16,0.9706898503740827,-0.02616574244948324,0.026248277722322345,10.159621128313237,0.0003788716867632047,4.305985331869478,20.63060661076011,35831.7695598414,8.957445563620203,2.7003536956396688,45,False,6,False,False,False,True,False,True,True,False,False,True,True,False,True
36.80000000000025,0.1,2.7133932601606,45,0.058172143409144415,optimal,21,success,0.0003809479916137485,0.0003809479916121461,0.0,1.6023966008249513e-15,0,True,0.008830254268989736,False,False,0.9352152000064962,0.007259499980136752,1.5099998563528061e-05,0.9425025000236928,10.632674176738693,-0.08679532361709467,0.008096979390091448,2.778521260513458,-0.022293970554884864,0.007959814809483542,0.38697557505225866,-0.0010144315306256505,0.0026145815959539224,0.11452475247524756,2.7755575615628914e-17,2.423543820505334e-16,0.9792612885692135,0.008571438195130753,0.008830254268989736,10.159619052008388,0.0003809479916121461,4.279256832892352,20.699582203843182,35821.027358948195,8.954758732995861,2.7133932601606,45,False,6,False,False,False,True,False,True,True,False,False,True,True,False,True
36.900000000000254,0.1,2.7265309930130313,45,0.05830125488170744,optimal,19,success,0.00038002810282884193,0.00038002810283366273,0.0,4.820796539739547e-15,0,True,0.027298731140992235,False,False,0.931448699964676,0.00672950001899153,2.0099978428333998e-05,0.9382171999895945,10.597184772120077,-0.035489404618616424,0.0033377684699731776,2.8254499083199653,0.046928647806507504,0.016889792593429827,0.38594207906046507,-0.001033495991793611,0.002670700835974063,0.11452475247524753,-2.7755575615628914e-17,2.4235438205053337e-16,0.9525286979357809,-0.02673259063343257,0.027298731140992235,10.159619971897166,0.00038002810283366273,4.253220589137181,20.767982781658215,35810.288380231934,8.952072708299815,2.7265309930130313,45,False,6,False,False,False,True,False,True,True,False,False,True,True,False,True
37.000000000000256,0.1,2.7397252626939985,45,0.05827543638024079,optimal,21,success,0.00038213370330800824,0.0003821337033098615,0.0,1.853280983538097e-15,0,True,0.027749826132310123,False,False,0.9614553999854252,0.007180100015830249,1.4599994756281376e-05,0.9686633000383154,10.560920925946911,-0.036263846173165956,0.0034220264110683234,2.8716730690806815,0.046223160760716184,0.0163595753811119,0.3849012644332731,-0.001040814627191948,0.0026968156199129686,0.11452475247524756,2.7755575615628914e-17,2.423543820505334e-16,0.9260961921820272,-0.02643250575375367,0.027749826132310123,10.15961786629669,0.0003821337033098615,4.2259402389504315,20.8372597054241,35799.55262272603,8.949387489290315,2.7397252626939985,45,False,6,False,False,False,True,False,True,True,False,False,True,True,False,True
37.10000000000026,0.1,2.7529047934375734,45,0.05798996438134979,optimal,21,success,0.00038417949510307736,0.0003841794951018329,0.0,1.244447253578862e-15,0,True,0.00955164725388528,False,False,0.9632883999729529,0.007254500000271946,1.6200006939470768e-05,0.9705821999814361,10.473113188476598,-0.08780773747031424,0.008314401564600412,2.8486886585151834,-0.022984410565498218,0.008003839578039535,0.38387300446034855,-0.0010282599729245288,0.002671490244228047,0.11452475247524756,0.0,0.0,0.9349419363329163,0.008845744150889075,0.00955164725388528,10.159615820504898,0.0003841794951018329,4.197457704128268,20.90738099115909,35788.82008546426,8.946703075725695,2.7529047934375734,45,False,6,False,False,False,True,False,True,True,False,False,True,True,False,True
37.20000000000026,0.1,2.7662130011281625,45,0.05822594472095303,optimal,19,success,0.00038324213762926253,0.00038324213762663817,0.0,2.6243655686097878e-15,0,True,0.028907396138372767,False,False,0.9642083999933675,0.007538900012150407,1.6300007700920105e-05,0.9717778000049293,10.437071172705943,-0.036042015770654606,0.0034413851089006727,2.8960113380403336,0.047322679525150096,0.016612092509195445,0.3828173074007507,-0.001055697059597859,0.002750120605854964,0.11452475247524753,-2.7755575615628914e-17,2.4235438205053337e-16,0.9079151994129634,-0.0270267369199529,0.028907396138372767,10.159616757862374,0.00038324213762663817,4.169682864036677,20.976915686758,35778.09076748078,8.944019467364361,2.7662130011281625,45,False,6,False,False,False,True,False,True,True,False,False,True,True,False,True
37.30000000000026,0.1,2.7795784820284255,45,0.058200538435103914,optimal,21,success,0.0003853188452412438,0.0003853188452431766,0.0,1.9328072128899088e-15,0,True,0.02943933087260311,False,False,0.9518520000274293,0.008628199982922524,1.6300007700920105e-05,0.9605106000090018,10.40025320167985,-0.0368179710260933,0.00352761521090095,2.942634679946976,0.04662334190664223,0.016099157242316326,0.3817542631032177,-0.0010630442975330372,0.002776897169960484,0.11452475247524756,2.7755575615628914e-17,2.423543820505334e-16,0.8811867834531797,-0.026728415959783664,0.02943933087260311,10.159614681154757,0.0003853188452431766,4.1406908510489675,21.047306243385723,35767.364667809874,8.941336663964787,2.7795784820284255,45,False,6,False,False,False,True,False,True,True,False,False,True,True,False,True
37.40000000000026,0.1,2.7929099101132566,45,0.05784739807612576,optimal,21,success,0.0003873364320711038,0.00038733643206789736,0.0,3.206419504908631e-15,0,True,0.010339878212275508,False,False,0.9500590999959968,0.006754899979569018,1.4999997802078724e-05,0.9568421000149101,10.311308170452742,-0.08894503122710881,0.008552198634235404,2.918972219889592,-0.02366246005738413,0.008041249638847628,0.3807093134726139,-0.001044949630603791,0.002737231071395424,0.11452475247524756,0.0,0.0,0.8902981474763524,0.009111364023172669,0.010339878212275508,10.159612663567932,0.00038733643206789736,4.110523233625629,21.118520966404013,35756.64178548618,8.938654665285512,2.7929099101132566,45,False,6,False,False,False,True,False,True,True,False,False,True,True,False,True
37.50000000000026,0.1,2.8063907350305004,45,0.058151909743222416,optimal,19,success,0.00038638224967414236,0.0003863822496708025,0.0,3.3398847923415964e-15,0,True,0.030720942282302533,False,False,0.9405310000292957,0.006669300026260316,1.5300000086426735e-05,0.9472293999860995,10.27474477612793,-0.03656339432481222,0.0035459510782138537,2.9667553832048723,0.04778316331528039,0.01636985888035884,0.37963129560850095,-0.0010780178641129085,0.0028316036040196718,0.11452475247524753,-2.7755575615628914e-17,2.4235438205053337e-16,0.8629473494736905,-0.02735079800266189,0.030720942282302533,10.15961361775033,0.0003863822496708025,4.08107859081843,21.189137680390544,35745.92211954473,8.93597347108516,2.8063907350305004,45,False,6,False,False,False,True,False,True,True,False,False,True,True,False,True
37.600000000000264,0.1,2.8199295785099787,45,0.05812690660039345,optimal,21,success,0.00038843222291436364,0.0003884322229161796,0.0,1.8159844288045957e-15,0,True,0.031350078241680915,False,False,0.963555299967993,0.007096000015735626,1.6300007700920105e-05,0.9706796999671496,10.237402714670102,-0.037342061457827105,0.003634354163675838,3.0138436594873963,0.047088276282524114,0.01587197803671176,0.3785458973591833,-0.0010853982493176438,0.002859085280569105,0.11452475247524753,0.0,0.0,0.8358938825492391,-0.027053466924451357,0.031350078241680915,10.159611567777084,0.0003884322229161796,4.050442659244393,21.260590598241198,35735.205669020674,8.933293081122432,2.8199295785099787,45,False,6,False,False,False,True,False,True,True,False,False,True,True,False,True
37.700000000000266,0.1,2.8334250446264866,45,0.05774330517376907,optimal,21,success,0.00039042355727947125,0.0003904235572793624,0.0,1.0885389811754465e-16,0,True,0.011208072498703195,False,False,0.9370072999736294,0.007723200018517673,1.639995025470853e-05,0.9447596999816597,10.147193369596291,-0.09020934507381109,0.00881174137504056,2.98951412296564,-0.024329536521755978,0.008072594092652444,0.37748135705000696,-0.0010645403091763587,0.0028121829257768166,0.11452475247524753,0.0,0.0,0.8452626417860735,0.009368759236834365,0.011208072498703195,10.15960957644272,0.0003904235572793624,4.01865681363402,21.33284819400146,35724.492432949526,8.930613495156086,2.8334250446264866,45,False,6,False,False,False,True,False,True,True,False,False,True,True,False,True
37.80000000000027,0.1,2.847080700333331,45,0.058079106422173496,optimal,19,success,0.0003894530438900291,0.0003894530438923738,0.0,2.344695618217152e-15,0,True,0.03277669514142401,False,False,0.9506267000106163,0.006260499998461455,1.4999997802078724e-05,0.9569145000423305,10.110140348292159,-0.03705302130413163,0.003651553681351181,3.037824186799929,0.04831006383428896,0.01615983796937701,0.3763808979246029,-0.0011004591254040893,0.0029152674823575606,0.11452475247524756,2.7755575615628914e-17,2.423543820505334e-16,0.8175577258618166,-0.02770491592425682,0.03277669514142401,10.159610546956108,0.0003894530438923738,3.9876092182640583,21.40449639901598,35713.78241036718,8.927934712944959,2.847080700333331,45,False,6,False,False,False,True,False,True,True,False,False,True,True,False,True
37.90000000000027,0.1,2.8607951292405867,45,0.058054497708998856,optimal,21,success,0.00039147809321182634,0.0003914780932152695,0.0,3.4431550492708407e-15,0,True,0.033524010755192075,False,False,0.9753832999849692,0.011576800025068223,4.060001811012626e-05,0.987040399981197,10.072304760733097,-0.037835587559061246,0.0037423404874347335,3.085442164878828,0.04761797807889914,0.01567502763517738,0.3752730207928709,-0.001107877131732004,0.0029434998902466494,0.11452475247524753,-2.7755575615628914e-17,2.4235438205053337e-16,0.7901499118670348,-0.027407813994781913,0.033524010755192075,10.159608521906785,0.0003914780932152695,3.9553954648389444,21.476961754299765,35703.07560030966,8.925256734247965,2.8607951292405867,45,False,6,False,False,False,True,False,True,True,False,False,True,True,False,True
38.00000000000027,0.1,2.8744670569281667,45,0.057676821535221835,optimal,21,success,0.00039344478553232415,0.00039344478553005047,0.0,2.2736803759193513e-15,0,True,0.012172778004789246,False,False,1.0892749999766238,0.006874400016386062,1.4899997040629387e-05,1.0961769000277855,9.980701125768917,-0.09160363496417921,0.009094605171330417,3.0604552243016974,-0.024986940577130363,0.00809833380173297,0.37418592948132706,-0.001087091311543804,0.0028968011322716854,0.11452475247524756,2.7755575615628914e-17,2.423543820505334e-16,0.799768231334696,0.009618319467661202,0.012172778004789246,10.15960655521447,0.00039344478553005047,3.9220568927509225,21.550212783068602,35692.37200181334,8.922579558824085,2.8744670569281667,45,False,6,False,False,False,True,False,True,True,False,False,True,True,False,True
38.10000000000027,0.1,2.888299830083097,45,0.058007493599352984,optimal,19,success,0.00039245828483073847,0.00039245828483203127,0.0,1.2928026704717155e-15,0,True,0.03512192848900745,False,False,0.924580299993977,0.006304299982730299,1.4299992471933365e-05,0.9309112000046298,9.943190984392484,-0.03751014137643348,0.003758267170187774,3.109358969595395,0.04890374529369773,0.015979238939807093,0.3730629083596381,-0.0011230211216889288,0.003001238243366312,0.11452475247524753,-2.7755575615628914e-17,2.4235438205053337e-16,0.7716788287059788,-0.02808940262871716,0.03512192848900745,10.159607541715168,0.00039245828483203127,3.889472004688679,21.62284295286191,35681.67161391499,8.919903186432368,2.888299830083097,45,False,6,False,False,False,True,False,True,True,False,False,True,True,False,True
38.20000000000027,0.1,2.902192140681529,45,0.05798327093176022,optimal,21,success,0.0003944598831405515,0.0003944598831413515,0.0,7.999785729684294e-16,0,True,0.03601469120132142,False,False,0.9340158000122756,0.008298700035084039,2.4600012693554163e-05,0.9423585999757051,9.904893189849133,-0.038297794543350396,0.003851660357672426,3.157571814713403,0.048212845118008,0.015505718570757913,0.3719324271771223,-0.001130481182515799,0.0030302695796977984,0.11452475247524756,2.7755575615628914e-17,2.423543820505334e-16,0.7438870539835356,-0.027791774722443235,0.03601469120132142,10.159605540116859,0.0003944598831413515,3.8557456327309585,21.696271598565307,35670.97443565147,8.917227616831946,2.902192140681529,45,False,6,False,False,False,True,False,True,True,False,False,True,True,False,True
38.300000000000274,0.1,2.916053311349752,45,0.057647343194156875,optimal,21,success,0.00039640320935275164,0.00039640320935419027,0.0,1.4386278626710158e-15,0,True,0.013255190941125223,False,False,0.9610060999984853,0.008084699977189302,1.6000005416572094e-05,0.9691202999674715,9.811761499202253,-0.09313169064687922,0.009402594138251152,3.131935951835402,-0.025635862878000903,0.008118853467891035,0.3708197453460183,-0.0011126818311040488,0.0029916236117109667,0.11452475247524756,0.0,0.0,0.7537474189227185,0.009860364939182891,0.013255190941125223,10.159603596790646,0.00039640320935419027,3.820919240666485,21.770467172277684,35660.28046606007,8.914552849782012,2.916053311349752,45,False,6,False,False,False,True,False,True,True,False,False,True,True,False,True
38.400000000000276,0.1,2.930065563971128,45,0.05793703225400868,optimal,19,success,0.0003954009113459227,0.00039540091134782074,0.0,1.8980585332617483e-15,0,True,0.037817367370194484,False,False,0.9489698000252247,0.0061852000071667135,1.6000005416572094e-05,0.9551830000127666,9.773827744176023,-0.03793375502623063,0.0038661513561366974,3.1815009290679312,0.04956497723252917,0.015825667572634334,0.36967404165841106,-0.0011457036876072304,0.003089651244267358,0.11452475247524756,0.0,0.0,0.7252426758769821,-0.028504743045736324,0.037817367370194484,10.159604599088652,0.00039540091134782074,3.7868622976232778,21.84403020098408,35649.58970417838,8.911878885041846,2.930065563971128,45,False,6,False,False,False,True,False,True,True,False,False,True,True,False,True
38.50000000000028,0.1,2.944138128209907,45,0.05791318754975407,optimal,21,success,0.0003973801986548879,0.00039738019865787066,0.0,2.9827485967248712e-15,0,True,0.0388915778025622,False,False,0.953584700007923,0.008625200018286705,1.5899946447461843e-05,0.9622384000103921,9.73510004920615,-0.038727694969872856,0.0039623877137541855,3.2303745940962534,0.048873665028322105,0.0153618264202866,0.36852083143262215,-0.0011532102257889097,0.0031195326039541275,0.11452475247524756,0.0,0.0,0.6970368439223741,-0.02820583195460805,0.0388915778025622,10.159602619801342,0.00039738019865787066,3.7516883916787207,21.918373181763602,35638.902149044174,8.909205722370782,2.944138128209907,45,False,6,False,False,False,True,False,True,True,False,False,True,True,False,True
38.60000000000028,0.1,2.958201759099466,45,0.0576545159137865,optimal,21,success,0.0003993011020268666,0.00039930110202313074,0.0,3.735835425733303e-15,0,True,0.014482946930001345,False,False,0.9655530999880284,0.006922899978235364,1.4899997040629387e-05,0.972504300007131,9.640301882158376,-0.09479816704777416,0.009737770189172787,3.2040972048802163,-0.026277389216036916,0.00813447123564579,0.367379419762823,-0.0011414116697991646,0.003097278559157524,0.11452475247524756,0.0,0.0,0.7071319915411575,0.010095147618783374,0.014482946930001345,10.159600698897977,0.00039930110202313074,3.7154392747276006,21.99346437256583,35628.21779969556,8.906533361528238,2.958201759099466,45,False,6,False,False,False,True,False,True,True,False,False,True,True,False,True
38.70000000000028,0.1,2.9723959311901207,45,0.05786768529807628,optimal,19,success,0.00039828303652606747,0.0003982830365263368,0.0,2.693158196453993e-16,0,True,0.04094228677095433,False,False,0.9636608999571763,0.006476900016423315,1.4699995517730713e-05,0.9701654999516904,9.601979275259534,-0.03832260689884144,0.003975249672395255,3.254392151437736,0.05029494655751973,0.015697072635909616,0.36621091355431257,-0.00116850620851044,0.0031806523328520076,0.11452475247524753,-2.7755575615628914e-17,2.4235438205053337e-16,0.6781803907585633,-0.028951600782594122,0.04094228677095433,10.159601716963474,0.0003982830365263368,3.6799758905956153,22.067910972722782,35617.536655171025,8.903861802273708,2.9723959311901207,45,False,6,False,False,False,True,False,True,True,False,False,True,True,False,True
38.80000000000028,0.1,2.9866511993368756,45,0.05784421075126368,optimal,21,success,0.00040024081881919046,0.0004002408188181761,0.0,1.014379552577438e-15,0,True,0.04224633996696847,False,False,0.9255147000076249,0.007079899951349944,1.7900019884109497e-05,0.9327178999665193,9.562855217843454,-0.03912405741608013,0.004074582572458493,3.303993778764683,0.04960162732694741,0.015241441417880214,0.365034849888044,-0.001176063666268527,0.0032114380613457757,0.11452475247524756,2.7755575615628914e-17,2.423543820505334e-16,0.6495297514116455,-0.028650639346917788,0.04224633996696847,10.159599759181182,0.0004002408188181761,3.643420227229319,22.14311891410824,35606.858714509195,8.901191044366744,2.9866511993368756,45,False,6,False,False,False,True,False,True,True,False,False,True,True,False,True
38.90000000000028,0.1,3.0009310256615076,45,0.057698228973336645,optimal,21,success,0.0004021399059828252,0.0004021399059830344,0.0,2.0919680918107808e-16,0,True,0.015892807540518684,False,False,0.9893993000150658,0.007778199971653521,2.1099986042827368e-05,0.9972135000280105,9.46624658835495,-0.09660862948850395,0.010102487937728125,3.277081274915002,-0.026912503849681173,0.00814544628463053,0.3638614475961227,-0.0011734022919212895,0.003214493882655783,0.11452475247524753,-2.7755575615628914e-17,2.4235438205053337e-16,0.6598526027426717,0.010322851331026225,0.015892807540518684,10.159597860094017,0.0004021399059830344,3.6058144950916122,22.219056132668754,35596.18397674906,8.898521087566975,3.0009310256615076,45,False,6,False,False,False,True,False,True,True,False,False,True,True,False,True
39.000000000000284,0.1,3.0153096382162228,45,0.05779941739274629,optimal,19,success,0.00040110593283930506,0.00040110593283948504,0.0,1.7997756063259374e-16,0,True,0.04460212239391974,False,False,0.9823669000179507,0.009236200014129281,2.5799963623285294e-05,0.99165769998217,9.427571418276958,-0.03867517007799214,0.004085586585666276,3.328176551064422,0.05109527614942024,0.01559170245197703,0.36267001998573273,-0.0011914276103899657,0.00327439913808187,0.11452475247524756,2.7755575615628914e-17,2.423543820505334e-16,0.6304217761931965,-0.02943082654947514,0.04460212239391974,10.15959889406716,0.00040110593283948504,3.569011504881883,22.294336199733856,35585.51244092997,8.89585193163411,3.0153096382162228,45,False,6,False,False,False,True,False,True,True,False,False,True,True,False,True
39.100000000000286,0.1,3.029750141874101,45,0.05777630544986986,optimal,21,success,0.0004030426751017651,0.00040304267510116176,0.0,6.033585089881832e-16,0,True,0.04620244813475748,False,False,1.0664929000195116,0.006917100050486624,1.6599951777607203e-05,1.0734401000081562,9.388086026904475,-0.039485391372483934,0.004188288756522677,3.378574892763337,0.05039834169891491,0.015142929146230671,0.36147097950622403,-0.0011990404795086706,0.0033061472231860805,0.11452475247524756,0.0,0.0,0.6012947467756087,-0.029127029417587852,0.04620244813475748,10.159596957324899,0.00040304267510116176,3.5311414164458994,22.370358659068405,35574.84410609139,8.893183576327928,3.029750141874101,45,False,6,False,False,False,True,False,True,True,False,False,True,True,False,True
39.20000000000029,0.1,3.04425281064943,45,0.057753339760805454,optimal,21,success,0.0004049202061866428,0.0004049202061864321,0.0,2.1071469222255779e-16,0,True,0.04796419965437503,False,False,1.0858318000100553,0.009181799949146807,1.8000020645558834e-05,1.0950476999860257,9.34781484126763,-0.04027118563684449,0.004289605519318305,3.4283144806173507,0.04973958785401367,0.014722061648108575,0.3602643185120591,-0.0012066609941649453,0.0033381960449861458,0.11452475247524756,0.0,0.0,0.5724541254901365,-0.028840621285472174,0.04796419965437503,10.159595079793814,0.0004049202061864321,3.4922470790229925,22.447090989708162,35564.1789712732,8.890516021408272,3.04425281064943,45,False,6,False,False,False,True,False,True,True,False,False,True,True,False,True
39.30000000000029,0.1,3.0587090046062224,45,0.057374443529368144,optimal,21,success,0.00040674108964159397,0.0004067410896375634,0.0,4.030575786323487e-15,0,True,0.018987723925024253,False,False,1.0943564999615774,0.007877300027757883,1.610000617802143e-05,1.1022642999887466,9.249871839396471,-0.09794300187115736,0.010477636060865278,3.400184901250543,-0.028129579366807586,0.008205075562887736,0.35908028361865363,-0.0011840348934054673,0.0032865727538483225,0.11452475247524756,0.0,0.0,0.5833237263846844,0.010869600894547901,0.018987723925024253,10.159593258910363,0.0004067410896375634,3.4523704046322354,22.52450163737807,35553.517035515506,8.887849266635065,3.0587090046062224,45,False,6,False,False,False,True,False,True,True,False,False,True,True,False,True
39.40000000000029,0.1,3.073336869821108,45,0.05770966578266944,optimal,19,success,0.00040567474801690587,0.00040567474801633807,0.0,5.677966777306587e-16,0,True,0.05087546608272428,False,False,1.0235762000083923,0.006626999995205551,1.939997309818864e-05,1.0302360999630764,9.210117780843442,-0.03975405855302928,0.0042977956066062774,3.4515378023545757,0.05135290110403261,0.015102973101593885,0.3578580282937698,-0.0012222553248838384,0.0034038497256560153,0.11452475247524756,0.0,0.0,0.5536468599277521,-0.02967686645693235,0.05087546608272428,10.159594325251984,0.00040567474801633807,3.413329337258509,22.601230655505447,35542.85829785884,8.885183311768298,3.073336869821108,45,False,6,False,False,False,True,False,True,True,False,False,True,True,False,True
39.50000000000029,0.1,3.088027707077321,45,0.05768705020667677,optimal,21,success,0.0004075352571528728,0.0004075352571515367,0.0,1.3360623371538871e-15,0,True,0.05307642358299029,False,False,0.9521644000196829,0.007373299973551184,1.8000020645558834e-05,0.9595713000162505,9.16956610433761,-0.0405516765058313,0.004402948742976626,3.502224042403923,0.05068624004934719,0.014685118040651321,0.3566280910961598,-0.0012299371976099858,0.0034369417488667215,0.11452475247524753,-2.7755575615628914e-17,2.4235438205053337e-16,0.5242612646748342,-0.029385595252917864,0.05307642358299029,10.159592464742849,0.0004075352571515367,3.373288453394947,22.67865147595491,35532.202757343824,8.882518156568038,3.088027707077321,45,False,6,False,False,False,True,False,True,True,False,False,True,True,False,True
39.60000000000029,0.1,3.1027409284378753,45,0.05753286685066736,optimal,21,success,0.00040933810831824123,0.0004093381083212222,0.0,2.98095966314027e-15,0,True,0.018558857412763228,False,False,0.9644380999961868,0.0078007000265643,1.610000617802143e-05,0.9722685999586247,9.071384459543014,-0.09818164479459712,0.010707338131097923,3.476170647845203,-0.02605339455872017,0.007439099910020933,0.3554018137949558,-0.0012262773012039932,0.003438532554838325,0.11452475247524756,2.7755575615628914e-17,2.423543820505334e-16,0.5339909547329694,0.009729690058135173,0.018558857412763228,10.159590661891679,0.0004093381083212222,3.3322901003920293,22.756731996881975,35521.550413011464,8.879853800794415,3.1027409284378753,45,False,6,False,False,False,True,False,True,True,False,False,True,True,False,True
39.700000000000294,0.1,3.117558882402054,45,0.05764394786342971,optimal,19,success,0.0004083523788298886,0.0004083523788303012,0.0,4.125931367393587e-16,0,True,0.05657784262487126,False,False,0.9859993000281975,0.007340699958149344,1.6000005416572094e-05,0.9933694000355899,9.03132892187999,-0.040055537663024665,0.004415592552786869,3.528449988090964,0.0522793402457609,0.015039348047590138,0.3541562451026385,-0.0012455686923172674,0.0035046773650848086,0.11452475247524753,-2.7755575615628914e-17,2.4235438205053337e-16,0.5037788985329827,-0.0302120561999867,0.05657784262487126,10.15959164762117,0.0004083523788303012,3.2920858970749927,22.83416213899742,35510.90126390312,8.877190244207638,3.117558882402054,45,False,6,False,False,False,True,False,True,True,False,False,True,True,False,True
39.800000000000296,0.1,3.1324406275831427,45,0.057621678310921944,optimal,21,success,0.0004101899808085634,0.0004101899808084397,0.0,1.2370746788059606e-16,0,True,0.059385255341692644,False,False,1.0011873999610543,0.010008700017351657,2.400000812485814e-05,1.0112410999718122,8.990465494601917,-0.04086342727807174,0.004524630608799206,3.580057307815972,0.05160731972500805,0.014626059572670812,0.3529029295749155,-0.0012533155277230025,0.0035388773883114144,0.11452475247524753,0.0,0.0,0.4738618600078449,-0.02991703852513785,0.059385255341692644,10.159589810019192,0.0004101899808084397,3.2509107627545744,22.91226244801877,35500.2553090603,8.87452748656799,3.1324406275831427,45,False,6,False,False,False,True,False,True,True,False,False,True,True,False,True
39.9000000000003,0.1,3.147386446314383,45,0.057599549396883394,optimal,21,success,0.000411968975250705,0.000411968975251753,0.0,1.0480440300331129e-15,0,True,0.06254900297491421,False,False,0.9755402999580838,0.007798700011335313,1.9400031305849552e-05,0.9833768000244163,8.948818820316552,-0.041646674285365295,0.004632315680469595,3.6310310939662656,0.050973786150293576,0.014238259828692612,0.35164185506771106,-0.0012610745072044178,0.0035734316763066497,0.11452475247524756,2.7755575615628914e-17,2.423543820505334e-16,0.44422227311651585,-0.029639586891329072,0.06254900297491421,10.159588031024748,0.000411968975251753,3.208808136794131,22.991000034814387,35489.61254752487,8.871865527635828,3.147386446314383,45,False,6,False,False,False,True,False,True,True,False,False,True,True,False,True
40.0000000000003,0.1,3.162310641106232,45,0.05730567067334439,optimal,21,success,0.0004136916706836037,0.0004136916706833915,0.0,2.1217836515541322e-16,0,True,0.01722104069360541,False,False,1.0202401999849826,0.008477199997287244,1.650000922381878e-05,1.0287526000174694,8.852858723392027,-0.09596009692452577,0.0107232137393001,3.6090034495162144,-0.022027644450051023,0.0060664984352942234,0.3503968931346291,-0.0012449619330819864,0.0035404259053355876,0.11452475247524756,0.0,0.0,0.45187224295886125,0.007649969842345415,0.01722104069360541,10.159586308329317,0.0004136916706833915,3.1658207238561533,23.07034281159581,35478.97297833897,8.869204367171559,3.162310641106232,45,False,6,False,False,False,True,False,True,True,False,False,True,True,False,True
40.1000000000003,0.1,3.1773855773256114,45,0.05755737219102712,optimal,18,success,0.0004128510880599113,0.00041285108806121684,0.0,1.3055420459984202e-15,0,True,0.06734856690072714,False,False,0.9403271999908611,0.006914999976288527,1.680001150816679e-05,0.947272899968084,8.811643899243222,-0.04121482414880463,0.00465553844657005,3.661504515979045,0.052501066462830925,0.01454724751506366,0.34911997577064197,-0.0012769173639870803,0.003644202871103839,0.11452475247524753,-2.7755575615628914e-17,2.4235438205053337e-16,0.42143929497336474,-0.0304329479854965,0.06734856690072714,10.159587148911939,0.00041285108806121684,3.1235535752332337,23.149090647892383,35468.336600545124,8.866544004935694,3.1773855773256114,45,False,6,False,False,False,True,False,True,True,False,False,True,True,False,True
40.2000000000003,0.1,3.1925254203823132,45,0.05753558274475888,optimal,21,success,0.0004146000338830507,0.0004146000338849376,0.0,1.8868912508851476e-15,0,True,0.07154856753417635,False,False,1.058304199948907,0.007492100005038083,1.6200006939470768e-05,1.0658260000054725,8.769637943140314,-0.04200595610290811,0.00476709642187376,3.7133703212032287,0.05186580522418352,0.014165162161575318,0.34783523027031277,-0.0012847455003292198,0.003679954140387678,0.11452475247524756,2.7755575615628914e-17,2.423543820505334e-16,0.3912859171154073,-0.030153377857957454,0.07154856753417635,10.159585399966115,0.0004146000338849376,3.0803950828108593,23.22844896646401,35457.70341318597,8.863884440688798,3.1925254203823132,45,False,6,False,False,False,True,False,True,True,False,False,True,True,False,True
40.3000000000003,0.1,3.20771016637137,45,0.05745067357112146,optimal,21,success,0.00041629171149750474,0.00041629171149715205,0.0,3.526909667095346e-16,0,True,0.03241236750968661,False,False,0.9526312000234611,0.007081700023263693,1.4199991710484028e-05,0.9597402999643236,8.702225929836025,-0.06741201330428832,0.0076869779278651495,3.731815875645855,0.018445554442626362,0.004967335021046197,0.34654827821530326,-0.0012869520550094886,0.0036998898990460542,0.11452475247524756,0.0,0.0,0.3786034141684979,-0.012682502946909355,0.03241236750968661,10.159583708288503,0.00041629171149715205,3.0363886238256694,23.3083849865599,35447.07341530454,8.861225674191505,3.20771016637137,45,False,6,False,False,False,True,False,True,True,False,False,True,True,False,True
40.400000000000304,0.1,3.2229808226166,45,0.057493138684752344,optimal,18,success,0.0004168222556473729,0.00041682225564798614,0.0,6.132247487578013e-16,0,True,0.07988114968928241,False,False,0.926982200006023,0.0066383000230416656,1.73999578692019e-05,0.9336519000353292,8.659593194844652,-0.042632734991374155,0.004899060922471071,3.783748904061657,0.05193302841580196,0.01391628905239438,0.34524772569998097,-0.0013005525153223021,0.003752875420475458,0.11452475247524753,-2.7755575615628914e-17,2.4235438205053337e-16,0.34836013816843076,-0.030243276000067165,0.07988114968928241,10.159583177744352,0.00041682225564798614,2.9922639574967476,23.388353088523093,35436.44660594416,8.858567705204534,3.2229808226166,45,False,6,False,False,False,True,False,True,True,False,False,True,True,False,True
40.500000000000306,0.1,3.2382662758173915,45,0.05731433880649036,optimal,21,success,0.0004184645293672744,0.00041846452936944445,0.0,2.170030648229737e-15,0,True,0.011949837347504993,False,False,0.9579767000395805,0.007446100004017353,1.5600002370774746e-05,0.9654516999726184,8.566542965972126,-0.0930502288725264,0.010745334888008636,3.7684452795829064,-0.015303624478750714,0.004044566610200553,0.343953442975619,-0.001294282724362007,0.0037488522820472796,0.11452475247524756,2.7755575615628914e-17,2.423543820505334e-16,0.3525229851578979,0.004162846989467114,0.011949837347504993,10.15958153547063,0.00041846452936944445,2.9473364229019086,23.46886523451018,35425.822984148384,8.85591053348866,3.2382662758173915,45,False,6,False,False,False,True,False,True,True,False,False,True,True,False,True
40.60000000000031,0.1,3.253668988077052,45,0.057451924688864,optimal,17,success,0.0004178401598700586,0.0004178401598675663,0.0,2.4923097440010533e-15,0,True,0.08784432719742354,False,False,0.9467207999550737,0.006588199990801513,1.7000013031065464e-05,0.9533528999891132,8.524223550570573,-0.04231941540155273,0.004940080913578929,3.8217651990433934,0.053319919460487156,0.014149049675570355,0.3426368718446707,-0.0013165711309482823,0.0038277597094488365,0.11452475247524756,0.0,0.0,0.32155584070507504,-0.03096714445282286,0.08784432719742354,10.159582159840133,0.0004178401598675663,2.903019652643707,23.54886466820536,35415.20254896115,8.853254158804738,3.253668988077052,45,False,6,False,False,False,True,False,True,True,False,False,True,True,False,True
40.70000000000031,0.1,3.269138026830521,45,0.057430708032061684,optimal,21,success,0.0004194945217368851,0.0004194945217381729,0.0,1.2878153404782822e-15,0,True,0.09546867683492571,False,False,0.9878553000162356,0.007365699973888695,1.680001150816679e-05,0.9952520000515506,8.481121315285119,-0.04310223528545493,0.005056441214821245,3.8744783489593884,0.05271314991599479,0.013792880297614607,0.34131235440850427,-0.0013245174361663813,0.0038656593758736846,0.11452475247524753,-2.7755575615628914e-17,2.4235438205053337e-16,0.2908573300644194,-0.030698510640655662,0.09546867683492571,10.159580505478262,0.0004194945217381729,2.8579046779002613,23.62940493403745,35404.58529942655,8.850598580913696,3.269138026830521,45,False,6,False,False,False,True,False,True,True,False,False,True,True,False,True
40.80000000000031,0.1,3.284673281025269,45,0.057408393565052236,optimal,21,success,0.0004210915061420361,0.0004210915061388931,0.0,3.142993677818229e-15,0,True,0.10468036497278113,True,False,0.9308934999862686,0.0075240000151097775,2.5800021830946207e-05,0.9384690000442788,8.437288673418818,-0.04383264186630038,0.005168260214283565,3.9266228979954794,0.052144549036091094,0.013458469589872953,0.33997998452730493,-0.001332369881199355,0.00390366731233142,0.11452475247524753,0.0,0.0,0.2604102785982673,-0.03044705146615209,0.10468036497278113,10.159578908493861,0.0004210915061388931,2.812036247460699,23.710452300866137,35393.97123458905,8.847943799576534,3.284673281025269,45,False,6,False,False,False,True,False,True,True,False,False,True,True,False,True
40.90000000000031,0.1,3.300177361129614,45,0.05709023665686237,optimal,21,success,0.0004226329343085837,0.00042263293430977456,0.0,1.1908334561494538e-15,0,True,0.010763304508797696,False,False,0.943384199985303,0.008029300021007657,2.629996743053198e-05,0.9514550000312738,8.346475566198182,-0.0908131072206365,0.010763304508797696,3.9154314669248693,-0.011191431070610103,0.0028501415494529077,0.33866687816008223,-0.00131310636722271,0.003862304920827626,0.11452475247524757,4.163336342344337e-17,3.6353157307580015e-16,0.26246468079259816,0.0020544021943308365,0.00788909794724403,10.15957736706569,0.00042263293430977456,2.7654587178631513,23.791973537046992,35383.360353493365,8.845289814554317,3.300177361129614,45,False,6,False,False,False,True,False,True,True,False,False,True,True,False,True
41.00000000000031,0.1,3.3158471524301167,45,0.057369294261008896,optimal,16,success,0.0004221179885979688,0.00042211798859526084,0.0,2.70795755610842e-15,0,True,0.1186495956310081,True,False,0.9443556999904104,0.006120599980931729,1.7900019884109497e-05,0.9505078999791294,8.302867922328463,-0.04360764386971774,0.0052246775928179,3.968906624404082,0.05347515747921245,0.013657538876861294,0.3373181300827162,-0.0013487480773660286,0.003982521363451721,0.11452475247524754,-2.7755575615628914e-17,2.423543820505333e-16,0.23132335254913478,-0.03114132824346339,0.1186495956310081,10.159577882011405,0.00042211798859526084,2.7194509221609504,23.87301300160664,35372.75265518459,8.84263662560819,3.3158471524301167,45,False,6,False,False,False,True,False,True,True,False,False,True,True,False,True
41.100000000000314,0.1,3.3315844315119043,45,0.05734853840618854,optimal,21,success,0.00042366261407534466,0.0004236626140770028,0.0,1.6581245924907062e-15,0,True,0.13354806224137844,True,False,0.9091611000476405,0.007333699963055551,1.5400000847876072e-05,0.9165251000085846,8.258500910526463,-0.04436701180200103,0.005343576727589171,4.021822252031805,0.05291562762772391,0.013332545367118333,0.33596133749539686,-0.001356792587319361,0.004022293693453869,0.11452475247524754,0.0,0.0,0.2004305670650186,-0.030892785484116177,0.13354806224137844,10.159576337385923,0.0004236626140770028,2.6727469905924948,23.95451702609303,35362.14813870796,8.839984232499368,3.3315844315119043,45,False,6,False,False,False,True,False,True,True,False,False,True,True,False,True
41.200000000000315,0.1,3.347347080584182,45,0.057201197703819345,optimal,21,success,0.0004251506296899999,0.00042515062968817574,0.0,1.8241701552068612e-15,0,True,0.010778548332252967,False,False,0.9085112999891862,0.0075721999746747315,2.4300010409206152e-05,0.9161298000253737,8.169486259310398,-0.08901465121606461,0.010778548332252967,4.015364418608404,-0.006457833423401428,0.0016056983672361356,0.3346082620140483,-0.0013530754813485652,0.004027473790394421,0.11452475247524754,0.0,0.0,0.20003698059039343,-0.00039358647462518076,0.0019637048399783422,10.159574849370312,0.00042515062968817574,2.6253925350309264,24.03645130072469,35351.546803109086,8.837332634989133,3.347347080584182,45,False,6,False,False,False,True,False,True,True,False,False,True,True,False,True
41.30000000000032,0.1,3.363220463705993,45,0.05730870413685447,optimal,15,success,0.0004247587107094514,0.0004247587107109041,0.0,1.4527224909133274e-15,0,True,0.15765101096165512,True,False,0.9429541999706998,0.005670999991707504,1.6300007700920105e-05,0.9486552000162192,8.125289033393523,-0.04419722591687516,0.005410037365140992,4.069509289664054,0.05414487105564996,0.013484422685205453,0.3332351202331852,-0.0013731417808631333,0.004103729455447466,0.11452475247524754,0.0,0.0,0.16850094837060092,-0.03153603221979251,0.15765101096165512,10.15957524128929,0.0004247587107109041,2.578554317133555,24.117944093076986,35340.948647433885,8.834681832838841,3.363220463705993,45,False,6,False,False,False,True,False,True,True,False,False,True,True,False,True
41.40000000000032,0.1,3.3791622161087993,45,0.057288274389179786,optimal,21,success,0.00042623981682739405,0.0004262398168322079,0.0,4.81385764583564e-15,0,True,0.18571469784075934,True,False,0.9795347999897785,0.007407400000374764,1.5199999324977398e-05,0.9869728999910876,8.080335815626503,-0.04495321776701931,0.005532506915417952,4.123110266367681,0.05360097670362787,0.013171361185921446,0.3318538500062681,-0.0013812702269170637,0.004145031970071172,0.11452475247524757,2.7755575615628914e-17,2.423543820505334e-16,0.13720784565807337,-0.03129310271252754,0.18571469784075934,10.159573760183168,0.0004262398168322079,2.531087242580506,24.19985131918836,35330.35367072847,8.83203182580992,3.3791622161087993,45,False,6,False,False,False,True,False,True,True,False,False,True,True,False,True
41.50000000000032,0.1,3.395172351087796,45,0.05726712159880101,optimal,21,success,0.00042766332794753474,0.0004276633279491904,0.0,1.6556309274939895e-15,0,True,0.2264223304299276,True,False,0.9518681999761611,0.00674580002669245,1.5600002370774746e-05,0.9586451000068337,8.034670197467037,-0.045665618159465536,0.005651450533918792,4.17620456820077,0.05309430183308902,0.01287724518700861,0.33046450802480737,-0.001389341981460742,0.004186607994556941,0.11452475247524754,-2.7755575615628914e-17,2.423543820505333e-16,0.10614092549090257,-0.031066920167170796,0.2264223304299276,10.159572336672051,0.0004276633279491904,2.483038794331388,24.28213731885253,35319.761872039315,8.82938261366387,3.395172351087796,45,False,6,False,False,False,True,False,True,True,False,False,True,True,False,True
41.60000000000032,0.1,3.411164985182945,45,0.05699344959434263,optimal,21,success,0.0004290306080028185,0.00042903060800014714,0.0,2.6713657327870344e-15,0,True,0.024207672562160016,False,False,0.960396500013303,0.007037899980787188,1.4899997040629387e-05,0.9674634999828413,7.94790793718744,-0.0867622602795963,0.01079848433691136,4.174018548956182,-0.0021860192445884302,0.0005234463994493044,0.3290910118711305,-0.0013734961536768905,0.004156259205826076,0.11452475247524754,0.0,0.0,0.10357150072117417,-0.002569424769728393,0.024207672562160016,10.159570969392,0.00042903060800014714,2.43445644471967,24.36476661262019,35309.17325041314,8.826734196162262,3.411164985182945,45,False,6,False,False,False,True,False,True,True,False,False,True,True,False,True
41.70000000000032,0.1,3.4273136753730036,45,0.0572289847173355,optimal,13,success,0.00042871635738616585,0.00042871635738173097,0.0,4.434874776443332e-15,0,True,0.30590102455681284,True,True,0.9668519999831915,0.006140100012999028,1.580000389367342e-05,0.9730226999963634,7.902334760666197,-0.045573176521243125,0.005733983946644744,4.22829314711789,0.05427459816170854,0.01300296046247357,0.32768496882020703,-0.0014060430509234352,0.004272505173960907,0.11452475247524754,0.0,0.0,0.07188887253568031,-0.03168262818549386,0.30590102455681284,10.159571283642618,0.00042871635738173097,2.386381254519858,24.44696160206131,35298.587804897026,8.824086573066731,3.4273136753730036,45,False,6,False,False,False,True,False,True,True,False,False,True,True,False,True
41.800000000000324,0.1,3.4435319333097323,45,0.0572090015745513,optimal,21,success,0.00043006700898493965,0.0004300670089865122,0.0,1.5725268309729756e-15,0,True,0.3146339951934134,True,True,0.9658240000135265,0.007042499957606196,1.550000160932541e-05,0.9728962000226602,7.856034222339383,-0.04630053832681446,0.0058590960430169306,4.282079619764048,0.05378647264615699,0.012720611077502796,0.3262706839707628,-0.001414284849444242,0.00431598939230022,0.11452475247524757,2.7755575615628914e-17,2.423543820505334e-16,0.04042547301633897,-0.031463399519341344,0.3146339951934134,10.159569932991014,0.0004300670089865122,2.3378036377363878,24.529476776370405,35288.00553453823,8.821439744139001,3.4435319333097323,45,False,6,False,False,False,True,False,True,True,False,False,True,True,False,True
41.900000000000325,0.1,3.4597847332682012,45,0.05708701852467498,optimal,20,success,0.00043136010970783997,0.0004313601097098996,0.0,2.0596046569620885e-15,0,True,0.050004988901609024,False,False,0.96332809998421,0.01037999999243766,1.8400023691356182e-05,0.9737439000164159,7.771068907451404,-0.08496531488797851,0.010815293376188655,4.284620368272972,0.0025407485089245577,0.000593344527550975,0.32485794614237257,-0.001412737828390221,0.004329956376089299,0.11452475247524754,-2.7755575615628914e-17,2.423543820505333e-16,0.035424974126178066,-0.005000498890160902,0.050004988901609024,10.15956863989029,0.0004313601097098996,2.2887731094930372,24.612275029606792,35277.42643838435,8.818793709140854,3.4597847332682012,45,False,6,False,False,False,True,False,True,True,False,False,True,True,False,True
42.00000000000033,0.1,3.476143263765244,45,0.057170503604533025,optimal,13,success,0.00043113635024271654,0.00043113635024027985,0.0,2.436690172552547e-15,0,True,0.3203185756367148,True,True,0.9594362000352703,0.005199299950618297,1.5300000086426735e-05,0.9646629000199027,7.724802511911469,-0.046266395539934946,0.005953672022592893,4.339496333861576,0.05487596558860407,0.012807661092906406,0.3234269302439862,-0.0014310158983863418,0.004405051239716892,0.11452475247524754,0.0,0.0,0.0033931165625065846,-0.03203185756367148,0.3203185756367148,10.15956886364976,0.00043113635024027985,2.2402276553410463,24.694655885735365,35266.85051548331,8.816148467834147,3.476143263765244,45,False,6,False,False,False,True,False,True,True,False,False,True,True,False,True
42.10000000000033,0.1,3.4925722721942902,45,0.057150838003807804,optimal,21,success,0.0004324023369500943,0.0004324023369512986,0.0,1.204277563088274e-15,0,True,0.033931165625065846,False,False,0.9719600999960676,0.007354400004260242,1.6600009985268116e-05,0.9793467000126839,7.67781771195863,-0.046984799952839454,0.006082330244739586,4.393908845595863,0.05441251173428666,0.012538900265844158,0.32198757758311697,-0.0014393526608692502,0.00445031791194207,0.11452475247524754,0.0,0.0,0.0,-0.0033931165625065846,0.033931165625065846,10.159567597663049,0.0004324023369512986,2.191270829069889,24.777289212578726,35256.277764883234,8.813504019980806,3.4925722721942902,45,False,6,False,False,False,True,False,True,True,False,False,True,True,False,True
42.20000000000033,0.1,3.5090720693440955,45,0.05713129341693248,optimal,20,success,0.0004336094255811764,0.0004336094255847911,0.0,3.6146758329580475e-15,0,True,0.012286272659969157,False,False,0.9655993999913335,0.006746699975337833,1.6400008462369442e-05,0.9723758999607526,7.630136775746487,-0.0476809362121428,0.006210219882907232,4.447893607715904,0.053984762120041094,0.012286272659969157,0.3205398592698227,-0.001447718313294267,0.00449619306484132,0.11452475247524754,0.0,0.0,0.0,-0.0,0.0,10.159566390574415,0.0004336094255847911,2.141954887006399,24.860135910861214,35245.70818563259,8.810860365342835,3.5090720693440955,45,False,6,False,False,False,True,False,True,True,False,False,True,True,False,True
42.30000000000033,0.1,3.525574884145673,45,0.05691875849541918,optimal,20,success,0.0004347584883747748,0.0004347584883745981,0.0,1.7672495411513722e-16,0,True,0.010837583192772705,False,False,0.9728722000145353,0.006315500009804964,1.4499993994832039e-05,0.9792147000553086,7.547444533667099,-0.08269224207938705,0.010837583192772705,4.455018487830782,0.007124880114877982,0.0016018548875625586,0.3191026592132946,-0.0014372000565281058,0.004483685928489491,0.11452475247524754,0.0,0.0,0.0,-0.0,0.0,10.159565241511626,0.0004347584883745981,2.0923325653316063,24.943156664920068,35235.1417767801,8.8082175036823,3.525574884145673,45,False,6,False,False,False,True,False,True,True,False,False,True,True,False,True
42.40000000000033,0.1,3.5422172408018473,45,0.05709359618928975,optimal,15,success,0.00043457780834385746,0.00043457780834366133,0.0,1.9613217300262775e-16,0,True,0.012352310020188884,False,False,1.1189241000101902,0.005837299977429211,1.780001912266016e-05,1.124794200004544,7.499741081208563,-0.04770345245853657,0.006320477380886263,4.51004825733814,0.0550297695073589,0.012352310020188884,0.3176379204418809,-0.0014647387714137583,0.004590180398448819,0.11452475247524754,0.0,0.0,0.0,-0.0,0.0,10.159565422191656,0.00043457780834366133,2.0432255018936707,25.02573806868022,35224.57853737483,8.805575434761346,3.5422172408018473,45,False,6,False,False,False,True,False,True,True,False,False,True,True,False,True
42.500000000000334,0.1,3.558931312170425,45,0.05707436299675277,optimal,20,success,0.00043568885059677053,0.0004356888505956391,0.0,1.1314191770972482e-15,0,True,0.012113003606675625,False,False,1.0580167999723926,0.00801839999621734,1.750001683831215e-05,1.066067199979443,7.451352413011737,-0.04838866819682613,0.006452045167008409,4.564678488145558,0.054630230807418016,0.012113003606675625,0.31616471390424433,-0.001473206537636539,0.004638005863994742,0.11452475247524754,0.0,0.0,0.0,-0.0,0.0,10.159564311149405,0.0004356888505956391,1.9938660525001837,25.108453680396785,35214.018466466056,8.802934158342193,3.558931312170425,45,False,6,False,False,False,True,False,True,True,False,False,True,True,False,True
42.600000000000335,0.1,3.5757011659536664,45,0.057009806652378495,optimal,20,success,0.0004367402372380153,0.0004367402372338347,0.0,4.1805751568868565e-15,0,True,0.009077403135525006,False,False,0.9818560999701731,0.006905200018081814,1.479999627918005e-05,0.9887891999678686,7.392580706681194,-0.058771706330542565,0.007887387828807284,4.606113914966515,0.04143542682095604,0.009077403135525006,0.31468752111750736,-0.001477192786736992,0.004672225336266918,0.11452475247524754,0.0,0.0,0.0,-0.0,0.0,10.159563259762766,0.0004367402372338347,1.944310071260729,25.191261795511828,35203.46156310338,8.800293674187117,3.5757011659536664,45,False,6,False,False,False,True,False,True,True,False,False,True,True,False,True
42.70000000000034,0.1,3.59255264386609,45,0.05701705436994086,optimal,19,success,0.0004373948312954482,0.00043739483129634493,0.0,8.967436168627607e-16,0,True,0.012021590952849657,False,False,0.9590932999853976,0.007262200000695884,1.9099970813840628e-05,0.9663909999653697,7.343904132897264,-0.04867657378392989,0.0065845170604546055,4.661486732334471,0.055372817367956365,0.012021590952849657,0.31319917310870277,-0.0014883480088045775,0.0047296060661039495,0.11452475247524752,-2.7755575615628914e-17,2.423543820505334e-16,0.0,-0.0,0.0,10.159562605168704,0.00043739483129634493,1.894817025543126,25.273968821942738,35192.90782633667,8.797653982058478,3.59255264386609,45,False,6,False,False,False,True,False,True,True,False,False,True,True,False,True
42.80000000000034,0.1,3.6094060447462946,45,0.05680235578347745,optimal,20,success,0.000438373685480816,0.00043837368547983147,0.0,9.845097827254623e-16,0,True,0.010867825978778634,False,False,0.95413520000875,0.007313399983104318,1.4999997802078724e-05,0.9614765999722295,7.264091860776103,-0.07981227212116067,0.010867825978778634,4.674980310490038,0.013493578155566364,0.0028946941030568553,0.31172188966829467,-0.001477283440408114,0.004716753961209821,0.11452475247524754,2.7755575615628914e-17,2.4235438205053347e-16,0.0,-0.0,0.0,10.15956162631452,0.00043837368547983147,1.845212348840149,25.35670530292807,35182.35725521609,8.795015081718702,3.6094060447462946,45,False,6,False,False,False,True,False,True,True,False,False,True,True,False,True
42.90000000000034,0.1,3.626410091739754,45,0.05699975227118501,optimal,16,success,0.00043822613796617646,0.00043822613796429266,0.0,1.883801274693564e-15,0,True,0.011845335256531364,False,False,0.9455495000001974,0.006413899944163859,1.6200006939470768e-05,0.9519927999936044,7.214634206526306,-0.04945765424979761,0.006808511676022982,4.730357019585475,0.05537670909543759,0.011845335256531364,0.3102142186950688,-0.0015076709732258376,0.004836589996391207,0.11452475247524754,0.0,0.0,0.0,-0.0,0.0,10.159561773862036,0.00043822613796429266,1.7961929961612062,25.438951087076937,35171.80984879213,8.79237697293029,3.626410091739754,45,False,6,False,False,False,True,False,True,True,False,False,True,True,False,True
43.00000000000034,0.1,3.6434874296519673,45,0.05698104553230316,optimal,20,success,0.0004391263568178214,0.0004391263568201964,0.0,2.3749990689381217e-15,0,True,0.011639582633786519,False,False,0.9316504999878816,0.007381499977782369,2.1200045011937618e-05,0.9390668999985792,7.164533235513111,-0.0501009710131948,0.006944353598395027,4.785416401002252,0.055059381416777256,0.011639582633786519,0.30869789968339345,-0.0015163190116753572,0.004887973923483671,0.11452475247524754,0.0,0.0,0.0,-0.0,0.0,10.15956087364318,0.0004391263568201964,1.7471499374316557,25.52116121366976,35161.265606115485,8.789739655455813,3.6434874296519673,45,False,6,False,False,False,True,False,True,True,False,False,True,True,False,True
43.10000000000034,0.1,3.6606200110386493,45,0.056912269422061006,optimal,20,success,0.00043996554159994497,0.0004399655416005288,0.0,5.838428698834441e-16,0,True,0.009163202062829424,False,False,0.9528560999897309,0.006997199961915612,1.550000160932541e-05,0.9598832000046968,7.0988831697902475,-0.0656500657228637,0.009163202062829424,4.820394887123942,0.034978486121689044,0.007309392368522662,0.3071779991364469,-0.0015199005469465816,0.004923585643133371,0.11452475247524757,2.7755575615628914e-17,2.423543820505334e-16,0.0,-0.0,0.0,10.1595600344584,0.0004399655416005288,1.6981448890506732,25.603289711866278,35150.72452623717,8.787103129057911,3.6606200110386493,45,False,7,False,False,False,True,True,True,True,False,False,True,True,False,True
43.200000000000344,0.1,3.6778449694740196,45,0.056944395358962265,optimal,19,success,0.0004402569226098435,0.00044025692261051574,0.0,6.72259557049637e-16,0,True,0.011473303788359757,False,False,0.9819424000452273,0.007659599999897182,1.639995025470853e-05,0.9896334999939427,7.048127940928916,-0.050755228861331186,0.007149748438926748,4.875700742043771,0.055305854919829124,0.011473303788359757,0.3056442015181159,-0.0015337976183310048,0.004993188387979895,0.11452475247524754,-2.7755575615628914e-17,2.423543820505333e-16,0.0,-0.0,0.0,10.15955974307739,0.00044025692261051574,1.6495299459767452,25.685073970197468,35140.18660820852,8.784467393499298,3.6778449694740196,45,False,7,False,False,False,True,True,True,True,False,False,True,True,False,True
43.300000000000345,0.1,3.6951379724366675,45,0.05690919485242618,optimal,20,success,0.0004410068765774629,0.0004410068765778874,0.0,4.2451936063669926e-16,0,True,0.011458938196002992,False,False,0.9501078000175767,0.007404399977531284,1.5600002370774746e-05,0.9575422999914736,6.997341581136374,-0.050786359792541994,0.007205652368712329,4.931571095509056,0.05587035346528549,0.011458938196002992,0.3041033648014902,-0.0015408367166256983,0.00504127580033404,0.11452475247524754,0.0,0.0,0.0,-0.0,0.0,10.159558993123422,0.0004410068765778874,1.6010571684233241,25.766699386527215,35129.65185108109,8.781832448542751,3.6951379724366675,45,False,7,False,False,False,True,True,True,True,False,False,True,True,False,True
43.40000000000035,0.1,3.7124519509436995,45,0.05674667527659226,optimal,20,success,0.0004417153915340829,0.00044171539153481376,0.0,7.308606844724785e-16,0,True,0.010907776897954144,False,False,0.9683278999873437,0.0076496999827213585,2.0000035874545574e-05,0.9760139000136405,6.921016140290561,-0.07632544084581326,0.010907776897954144,4.953367688975177,0.021796593466121415,0.004419807206261413,0.30256860094537724,-0.0015347638561129585,0.005046849307684601,0.11452475247524754,0.0,0.0,0.0,-0.0,0.0,10.159558284608465,0.00044171539153481376,1.5527804252332302,25.848125955123294,35119.120253906774,8.779198293951136,3.7124519509436995,45,False,7,False,False,False,True,True,True,True,False,False,True,True,False,True
43.50000000000035,0.1,3.729900618056035,45,0.05689027809646687,optimal,17,success,0.00044156569561662186,0.0004415656956187064,0.0,2.084541306929255e-15,0,True,0.0112890530504896,False,False,0.9613353000022471,0.005669599981047213,1.4299992471933365e-05,0.9670317000127397,6.869426364841867,-0.05158977544869484,0.00745407529804272,5.0092865195946,0.05591883061942185,0.0112890530504896,0.301008226721494,-0.0015603742238832082,0.005157092371805305,0.11452475247524754,0.0,0.0,0.0,-0.0,0.0,10.159558434304381,0.0004415656956187064,1.505236258979043,25.928953489016287,35108.59181573773,8.776564929487375,3.729900618056035,45,False,7,False,False,False,True,True,True,True,False,False,True,True,False,True
43.60000000000035,0.1,3.747424514948639,45,0.0568721866823855,optimal,20,success,0.00044218502271308076,0.0004421850227149804,0.0,1.8996306264118523e-15,0,True,0.011121213353780633,False,False,0.955223599972669,0.007626900041941553,1.7199956346303225e-05,0.9628804000094533,6.817248100868154,-0.05217826397371315,0.007595723602303186,5.064995863729228,0.055709344134628774,0.011121213353780633,0.29943896138037673,-0.001569265341117264,0.0052133636286599465,0.11452475247524752,-2.7755575615628914e-17,2.423543820505334e-16,0.0,-0.0,0.0,10.159557814977285,0.0004421850227149804,1.4579969562060286,26.00950164911369,35098.06653562639,8.773932354914457,3.747424514948639,45,False,7,False,False,False,True,True,True,True,False,False,True,True,False,True
43.70000000000035,0.1,3.7650239721425285,45,0.05685420318315501,optimal,20,success,0.0004427433366013115,0.00044274333660254683,0.0,1.2353399553299838e-15,0,True,0.010963755989451153,False,False,0.944073999999091,0.00753689999692142,1.7200014553964138e-05,0.9516424000030383,6.764499880804353,-0.05274822006380103,0.00773746521812573,5.120527242466735,0.055531378737506645,0.010963755989451153,0.2978607623915217,-0.0015781989888550563,0.005270519846781973,0.11452475247524756,4.163336342344337e-17,3.635315730758002e-16,0.0,-0.0,0.0,10.159557256663398,0.00044274333660254683,1.411131808903794,26.08971895664252,35087.54441262548,8.77130056999546,3.7650239721425285,45,False,7,False,False,False,True,True,True,True,False,False,True,True,False,True
43.80000000000035,0.1,3.7826722759585203,45,0.05676482836390389,optimal,20,success,0.0004432416687179443,0.00044324166871767545,0.0,2.688279286677808e-16,0,True,0.01093692986548827,False,False,0.9614960000035353,0.007893599977251142,4.360004095360637e-05,0.9694471000111662,6.690517020032892,-0.07398286077146096,0.01093692986548827,5.148315702962702,0.02778846049596652,0.005426874847087008,0.29628109968782673,-0.0015796627036949568,0.005303359499290398,0.11452475247524756,0.0,0.0,0.0,-0.0,0.0,10.159556758331282,0.00044324166871767545,1.3647110347130815,26.169553329295013,35077.02544578801,8.768669574493519,3.7826722759585203,45,False,7,False,False,False,True,True,True,True,False,False,True,True,False,True
43.900000000000354,0.1,3.80042394703447,45,0.056819143475916725,optimal,18,success,0.00044307131078278987,0.00044307131078014095,0.0,2.6489227478165844e-15,0,True,0.010949867926730254,False,False,1.0505279999924824,0.0076086000190116465,1.6700010746717453e-05,1.0581672000116669,6.637493970133211,-0.053023049899680326,0.007925105001738663,5.204689079955255,0.05637337699255301,0.010949867926730254,0.29468480036270833,-0.0015962993251184133,0.005387786554054026,0.11452475247524756,0.0,0.0,0.0,-0.0,0.0,10.15955692868922,0.00044307131078014095,1.3191601848557493,26.248687525165234,35066.50963416728,8.766039368171844,3.80042394703447,45,False,7,False,False,False,True,True,True,True,False,False,True,True,False,True
44.000000000000355,0.1,3.818252170029454,45,0.05680145280656969,optimal,20,success,0.00044349599452679053,0.00044349599452608857,0.0,7.019666965757398e-16,0,True,0.010805898705222295,False,False,1.0205310999881476,0.011648699990473688,1.799996243789792e-05,1.0322124999947846,6.583921939747192,-0.05357203038601875,0.008071123021290457,5.260930422945428,0.05624134299017311,0.010805898705222295,0.29307943022818345,-0.001605370134524899,0.005447753438755421,0.11452475247524753,-2.7755575615628914e-17,2.4235438205053337e-16,0.0,-0.0,0.0,10.159556504005474,0.00044349599452608857,1.274164332781128,26.327357050009365,35055.996976816874,8.76340995079372,3.818252170029454,45,False,7,False,False,False,True,True,True,True,False,False,True,True,False,True
44.10000000000036,0.1,3.836157280984096,45,0.056783866808014276,optimal,20,success,0.00044386317422543287,0.00044386317422429045,0.0,1.142423829147976e-15,0,True,0.010671036853017311,False,False,0.9876795999589376,0.006383600004483014,1.4499993994832039e-05,0.994090199994389,6.5298184713867595,-0.054103468360432526,0.008217513642409614,5.317070005369839,0.05613958242441061,0.010671036853017311,0.2914649428808481,-0.0016144873473353423,0.005508702354438002,0.11452475247524753,0.0,0.0,0.0,-0.0,0.0,10.159556136825776,0.00044386317422429045,1.2297960456345862,26.40550808327044,35045.487472790635,8.760781322122499,3.836157280984096,45,False,7,False,False,False,True,True,True,True,False,False,True,True,False,True
44.20000000000036,0.1,3.854139617261092,45,0.056766384417003365,optimal,20,success,0.0004441749391339436,0.0004441749391350669,0.0,1.1232876608036069e-15,0,True,0.010544775122650339,False,False,0.9459009999991395,0.006994099996518344,1.5199999324977398e-05,0.9529240000410937,6.47520055225487,-0.05461791913188891,0.00836438552943257,5.373137312887853,0.05606730751801418,0.010544775122650339,0.28984129083672344,-0.0016236520441246676,0.0055706598127254784,0.11452475247524756,2.7755575615628914e-17,2.423543820505334e-16,0.0,-0.0,0.0,10.159555825060865,0.0004441749391350669,1.1861280262647762,26.4830867754955,35034.981121142715,8.758153481921601,3.854139617261092,45,False,7,False,False,False,True,True,True,True,False,False,True,True,False,True
44.30000000000036,0.1,3.8721993763095672,45,0.05674863982502974,optimal,20,success,0.0004444337383794119,0.00044443373837665945,0.0,2.75246405528895e-15,0,True,0.010426671738152357,False,False,1.0219752000411972,0.008161400037351996,1.580000389367342e-05,1.0301673999638297,6.4200945821860715,-0.0551059700687986,0.008510310935405538,5.429161251853353,0.05602393896549968,0.010426671738152357,0.2882084648049303,-0.001632826031793145,0.00563351766437228,0.11452475247524753,-2.7755575615628914e-17,2.4235438205053337e-16,0.0,-0.0,0.0,10.159555566261623,0.00044443373837665945,1.1432326808930453,26.56003952189642,35024.477920927544,8.75552642995452,3.8721993763095672,45,False,7,False,False,False,True,True,True,True,False,False,True,True,False,True
44.40000000000036,0.1,3.8903284778238882,45,0.05670935761175051,optimal,20,success,0.0004446424331170691,0.00044464243311814755,0.0,1.0784559009713313e-15,0,True,0.01053442910954198,False,False,0.9679603999829851,0.007237299985717982,1.6200006939470768e-05,0.9752276000217535,6.365310999786348,-0.05478358239972343,0.00853314257265496,5.4863543661852745,0.057193114331921334,0.01053442910954198,0.28656875419812433,-0.00163971060680598,0.005689321470539716,0.11452475247524753,0.0,0.0,0.0,-0.0,0.0,10.159555357566882,0.00044464243311814755,1.101181741106225,26.636313243685503,35013.97787119983,8.752900165984823,3.8903284778238882,45,False,7,False,False,False,True,True,True,True,False,False,True,True,False,True
44.50000000000036,0.1,3.908518419910844,45,0.05664785784421223,optimal,20,success,0.00044482780444018413,0.0004448278044399956,0.0,1.8854275779522922e-16,0,True,0.010991788830923369,False,False,0.9559531999984756,0.007287199958227575,2.0200037397444248e-05,0.9632916999980807,6.295344845433543,-0.06996615435280525,0.010991788830923369,5.5238447588593065,0.03749039267403222,0.006833388835599354,0.2849245442210054,-0.0016442099771189684,0.005737575897692653,0.11452475247524753,0.0,0.0,0.0,-0.0,0.0,10.15955517219556,0.0004448278044399956,1.0600325005413151,26.71186565572334,35003.48097101458,8.750274689776147,3.908518419910844,45,False,7,False,False,False,True,True,True,True,False,False,True,True,False,True
44.600000000000364,0.1,3.9268130451216563,45,0.05669785455330156,optimal,19,success,0.0004445851828269829,0.0004445851828283054,0.0,1.3225098099978183e-15,0,True,0.01027637752257393,False,False,1.0210753999999724,0.006588499993085861,1.5700003132224083e-05,1.0276920000324026,6.239351848936595,-0.05599299649694767,0.008894349375882614,5.580609872977436,0.05676511411812959,0.01027637752257393,0.28326365156898314,-0.0016608926520222363,0.005829236847822923,0.11452475247524756,2.7755575615628914e-17,2.423543820505334e-16,0.0,-0.0,0.0,10.159555414817172,0.0004445851828283054,1.0200717739050573,26.786483204061202,34992.98721942708,8.747650001092202,3.9268130451216563,45,False,7,False,False,False,True,True,True,True,False,False,True,True,False,True
44.700000000000365,0.1,3.945186597695534,45,0.05668086070230796,optimal,20,success,0.00044469097698014893,0.0004446909769821872,0.0,2.038245874164124e-15,0,True,0.010178336812807642,False,False,0.970093599986285,0.007283999992068857,1.7700018361210823e-05,0.977409599989187,6.182902518392016,-0.05644933054457916,0.009047306821493023,5.63741119988548,0.05680132690804402,0.010178336812807642,0.28159334118425833,-0.0016703103847248418,0.0058966633222196935,0.11452475247524753,-2.7755575615628914e-17,2.4235438205053337e-16,0.0,-0.0,0.0,10.159555309023018,0.0004446909769821872,0.9811414753531311,26.860284427933188,34982.49661549287,8.745026099696762,3.945186597695534,45,False,7,False,False,False,True,True,True,True,False,False,True,True,False,True
44.80000000000037,0.1,3.9636394234473697,45,0.05666396551669841,optimal,20,success,0.00044476163036471584,0.00044476163036399896,0.0,7.168744764474155e-16,0,True,0.010086852617388785,False,False,0.9573531999485567,0.0075281000463292,1.7099955584853888e-05,0.9649132000049576,6.126011997527258,-0.056890520864757745,0.009201264405435464,5.6942749358023415,0.056863735916861696,0.010086852617388785,0.27991356033379217,-0.001679780850466146,0.005965271918013839,0.11452475247524756,2.7755575615628914e-17,2.423543820505334e-16,0.0,-0.0,0.0,10.159555238369636,0.00044476163036399896,0.9433061298823909,26.93322166639625,34972.009158267814,8.742402985353678,3.9636394234473697,45,False,7,False,False,False,True,True,True,True,False,False,True,True,False,True
44.90000000000037,0.1,3.9821718696116233,45,0.056647168138231924,optimal,20,success,0.00044480250511921084,0.0004448025051200233,0.0,8.124468979520127e-16,0,True,0.010001545980530577,False,False,1.027457999996841,0.008334600017406046,2.300000051036477e-05,1.0358301000087522,6.068695054782982,-0.05731694274427667,0.009356322313343891,5.751226488398552,0.05695155259620992,0.010001545980530577,0.2782242555602834,-0.0016893047735087596,0.006035094446636641,0.11452475247524752,-4.163336342344337e-17,3.6353157307580005e-16,0.0,-0.0,0.0,10.15955519749488,0.0004448025051200233,0.9066267944976937,27.005249886960428,34961.52484680804,8.739780657826868,3.9821718696116233,45,False,7,False,False,False,True,True,True,True,False,False,True,True,False,True
45.00000000000037,0.1,4.000784284857312,45,0.05663046773960338,optimal,20,success,0.0004448194532649154,0.000444819453266021,0.0,1.1056151653920931e-15,0,True,0.009922054036802224,False,False,1.0159432000364177,0.007764400041196495,1.8499966245144606e-05,1.0237413000431843,6.010966112091647,-0.05772894269133482,0.009512579256365226,5.808290468394331,0.05706397999577873,0.009922054036802224,0.27652537277183226,-0.0016988827884511742,0.00610616347963621,0.11452475247524754,2.7755575615628914e-17,2.4235438205053347e-16,0.0,-0.0,0.0,10.159555180546734,0.000444819453266021,0.8711602558633741,27.07632725368639,34951.043680169954,8.737159116880324,4.000784284857312,45,False,7,False,False,False,True,True,True,True,False,False,True,True,False,True
45.10000000000037,0.1,4.019477019302842,45,0.05661386352324249,optimal,20,success,0.00044481876785533014,0.0004448187678569582,0.0,1.6280379822042335e-15,0,True,0.009848028636328585,False,False,1.0489076999947429,0.007600100012496114,1.92999723367393e-05,1.0565433999872766,5.9528392727056785,-0.05812683938596819,0.009670132604647422,5.865490679255193,0.057200210860861744,0.009848028636328585,0.27481685734182354,-0.0017085154300086965,0.006178512347286242,0.11452475247524757,2.7755575615628914e-17,2.423543820505334e-16,0.0,-0.0,0.0,10.159555181232143,0.0004448187678569582,0.8369582716347446,27.1464156898684,34940.565657410254,8.734538362278107,4.019477019302842,45,False,7,False,False,False,True,True,True,True,False,False,True,True,False,True
45.20000000000037,0.1,4.03825042453069,45,0.05659735472022116,optimal,20,success,0.00044480710816629306,0.00044480710816685587,0.0,5.628093477372254e-16,0,True,0.009829078503499674,False,False,0.9875108000123873,0.006761500029824674,1.4599994756281376e-05,0.9942995999590494,5.894328348175539,-0.058510924530140014,0.009829078503499674,5.922850106660266,0.05735942740507287,0.009779135377017842,0.27309865421877094,-0.0017182031230526104,0.006252175138279344,0.11452475247524754,-2.7755575615628914e-17,2.423543820505333e-16,0.0,-0.0,0.0,10.159555192891833,0.00044480710816685587,0.8040668062440189,27.21548144450178,34930.090777585916,8.731918393784346,4.03825042453069,45,False,7,False,False,False,True,True,True,True,False,False,True,True,False,True
45.300000000000374,0.1,4.0571048536019765,45,0.05658094058923617,optimal,20,success,0.0004447913982715911,0.00044479139827124925,0.0,3.4184894498467955e-16,0,True,0.009989511976411625,False,False,1.0204952000058256,0.008052200020756572,1.7899961676448584e-05,1.028580900048837,5.835446884548537,-0.05888146362700209,0.009989511976411625,5.980390909626741,0.05754080296647515,0.009715053045453627,0.2713707080454566,-0.001727946173314369,0.006327186702026604,0.11452475247524754,0.0,0.0,0.0,-0.0,0.0,10.159555208601729,0.00044479139827124925,0.7725252861064842,27.283495643955536,34919.61903975421,8.729299211163248,4.0571048536019765,45,False,7,False,False,False,True,True,True,True,False,False,True,True,False,True
45.400000000000375,0.1,4.0760406610709286,45,0.056564620415641705,optimal,20,success,0.0004447787001947316,0.0004447787001939929,0.0,7.387211502229984e-16,0,True,0.010151527019699097,False,False,0.9674612999660894,0.007042400015052408,1.550000160932541e-05,0.9745330999721773,5.776208187828024,-0.059238696720513385,0.010151527019699097,6.038134415292643,0.057743505665902674,0.009655473452906219,0.26963296328625386,-0.0017377447592027218,0.006403582655323421,0.11452475247524752,-2.7755575615628914e-17,2.423543820505334e-16,0.0,-0.0,0.0,10.159555221299806,0.0004447787001939929,0.7423659025662496,27.35043480779003,34909.15044297266,8.726680814179083,4.0760406610709286,45,False,7,False,False,False,True,True,True,True,False,False,True,True,False,True
45.50000000000038,0.1,4.095058202999243,45,0.056548393510501165,optimal,20,success,0.0004447760650104532,0.0004447760650112542,0.0,8.010085650322907e-16,0,True,0.010315216693908233,False,False,0.9635990000097081,0.007579199969768524,1.550000160932541e-05,0.9712070000241511,5.7166253487014504,-0.059582839126573056,0.010315216693908233,6.0961011193972015,0.057966704104558404,0.00960010164029265,0.2678853643610541,-0.0017475989251997657,0.006481399395312212,0.11452475247524754,2.7755575615628914e-17,2.4235438205053347e-16,0.0,-0.0,0.0,10.159555223934989,0.0004447760650112542,0.7136129930397591,27.416281306084965,34898.68498629911,8.724063202596197,4.095058202999243,45,False,7,False,False,False,True,True,True,True,False,False,True,True,False,True
45.60000000000038,0.1,4.114157836970323,45,0.05653225920963484,optimal,20,success,0.0004447903676019766,0.0004447903676059184,0.0,3.941779628396924e-15,0,True,0.010480673217448992,False,False,0.9396601999760605,0.007982700015418231,1.9099970813840628e-05,0.9476816999958828,5.656711266515125,-0.059914082186325296,0.010480673217448992,6.15431069439629,0.05820957499908931,0.00954865640497204,0.26612785578376147,-0.0017575085772926317,0.0065606741207551505,0.11452475247524754,0.0,0.0,0.0,-0.0,0.0,10.159555209632394,0.0004447903676059184,0.6862825312823466,27.481023735312863,34888.22266879166,8.721446376179005,4.114157836970323,45,False,7,False,False,False,True,True,True,True,False,False,True,True,False,True
45.70000000000038,0.1,4.133339922103387,45,0.05651621687263783,optimal,20,success,0.00044482813299512135,0.0004448281329949566,0.0,1.647445201091724e-16,0,True,0.01064798806796241,False,False,0.9592886999598704,0.007516100013162941,1.680001150816679e-05,0.9668356999754906,5.596478672445364,-0.06023259406976159,0.01064798806796241,6.212782006917171,0.058471312520880565,0.009500871084412539,0.26436038230290737,-0.0017674734808541133,0.0066414448635931204,0.11452475247524757,2.7755575615628914e-17,2.423543820505334e-16,0.0,-0.0,0.0,10.159555171867005,0.0004448281329949566,0.660381756124963,27.544657190985106,34877.76348950871,8.718830334691996,4.133339922103387,45,False,7,False,False,False,True,True,True,True,False,False,True,True,False,True
45.80000000000038,0.1,4.152604819067403,45,0.05650026588184828,optimal,20,success,0.0004448953639716599,0.00044489536397129825,0.0,3.6163563463254e-16,0,True,0.010817252096738698,False,False,0.9666992000420578,0.00675149995367974,1.5400000847876072e-05,0.9734795999829657,5.5359401517915,-0.06053852065386302,0.010817252096738698,6.271533145869676,0.05875113895250591,0.009456494511974462,0.2625828890416002,-0.0017774932613071532,0.0067237505325986385,0.11452475247524754,-2.7755575615628914e-17,2.423543820505333e-16,0.0,-0.0,0.0,10.159555104636029,0.00044489536397129825,0.6359089641880235,27.607183418171072,34867.30744750893,8.71621507789972,4.152604819067403,45,False,7,False,False,False,True,True,True,True,False,False,True,True,False,True
45.90000000000038,0.1,4.171952890094825,45,0.0564844056412511,optimal,20,success,0.00044499738069144444,0.0004449973806917029,0.0,2.5847379792054426e-16,0,True,0.010988555660983416,False,False,0.9940455000032671,0.006727500003762543,1.4999997802078724e-05,1.0008001999813132,5.475108165297667,-0.06083198649383388,0.010988555660983416,6.330581462009727,0.0590483161400511,0.009415292045285498,0.2607953216338041,-0.0017875674077960971,0.0068076309706261865,0.11452475247524752,-2.7755575615628914e-17,2.423543820505334e-16,0.0,-0.0,0.0,10.159555002619308,0.0004449973806917029,0.612853485983541,27.668610825539204,34856.85454185127,8.713600605566805,4.171952890094825,45,False,7,False,False,False,True,True,True,True,False,False,True,True,False,True
46.000000000000384,0.1,4.19138445452889,45,0.05646852948582386,optimal,20,success,0.0004451386830654539,0.000445138683062396,0.0,3.0578838072781167e-15,0,True,0.011143248427368132,False,False,0.9336355999694206,0.007425000017974526,2.239999594166875e-05,0.9410972999758087,5.414097674845043,-0.06101049045262364,0.011143248427368132,6.390147762078939,0.059566300069211986,0.009409293668626433,0.25899763870757464,-0.001797682926229473,0.006893079657133154,0.11452475247524756,4.163336342344337e-17,3.635315730758002e-16,0.0,-0.0,0.0,10.159554861316938,0.000445138683062396,0.5911958567362113,27.728954354589625,34846.40477159498,8.710986917457955,4.19138445452889,45,False,7,False,False,False,True,True,True,True,False,False,True,True,False,True
46.100000000000385,0.1,4.210899535846783,45,0.05645193243006359,optimal,20,success,0.0004453257722473738,0.0004453257722474291,0.0,5.5294310796760726e-17,0,True,0.01115546534848314,False,False,0.9567169999936596,0.007214599987491965,1.71000137925148e-05,0.9639627999858931,5.353700895840006,-0.06039677900503701,0.01115546534848314,6.451802471214606,0.06165470913566628,0.009648401168677802,0.2571898822055904,-0.0018077565019842326,0.006979818468635958,0.11452475247524756,0.0,0.0,0.0,-0.0,0.0,10.159554674227753,0.0004453257722474291,0.5709066978006119,27.788236311378068,34835.958135799556,8.708374013337933,4.210899535846783,45,False,7,False,False,False,True,True,True,True,False,False,True,True,False,True
46.20000000000039,0.1,4.230498475082502,45,0.056435375815898456,optimal,20,success,0.00044558284900882687,0.00044558284901086154,0.0,2.034668006994922e-15,0,True,0.011167826543029044,False,False,0.9716762999887578,0.008695999975316226,4.240003181621432e-05,0.9804518999881111,5.293911692872006,-0.05978920296800039,0.011167826543029044,6.515547260663958,0.06374478944935175,0.009880152055763612,0.2553720065124781,-0.001817875693112341,0.007068223981140836,0.11452475247524753,-2.7755575615628914e-17,2.4235438205053337e-16,0.0,-0.0,0.0,10.15955441715099,0.00044558284901086154,0.551938024488374,27.846492849647543,34825.51463352482,8.705761892971582,4.230498475082502,45,False,7,False,False,False,True,True,True,True,False,False,True,True,False,True
46.30000000000039,0.1,4.25018161475188,45,0.0564188598172671,optimal,20,success,0.00044590940666776655,0.00044590940666644485,0.0,1.3216966583684542e-15,0,True,0.011180334010566017,False,False,0.9783761000144295,0.006632599979639053,1.550000160932541e-05,0.9850381000433117,5.234723991923255,-0.059187700948750005,0.011180334010566017,6.5813835183835785,0.06583625771962114,0.010104486251997839,0.25354396711702326,-0.0018280393954548326,0.0071583390067677995,0.11452475247524753,0.0,0.0,0.0,-0.0,0.0,10.159554090593334,0.00044590940666644485,0.5342369973278265,27.90376371086917,34815.07426383085,8.7031505561238,4.25018161475188,45,False,7,False,False,False,True,True,True,True,False,False,True,True,False,True
46.40000000000039,0.1,4.2699492988813335,45,0.05640238465659459,optimal,20,success,0.0004463041669782856,0.00044630416698332454,0.0,5.0389380168436304e-15,0,True,0.01119298978478898,False,False,0.9940792000270449,0.007899099960923195,1.780001912266016e-05,1.002010500000324,5.176131779755469,-0.05859221216778679,0.01119298978478898,6.649312385076845,0.06792886669326684,0.010321365789354655,0.2517057206433979,-0.0018382464736253503,0.007250207900931467,0.11452475247524753,0.0,0.0,0.0,-0.0,0.0,10.159553695833017,0.00044630416698332454,0.5177466525466435,27.960091680915582,34804.63702577801,8.700540002559576,4.2699492988813335,45,False,7,False,False,False,True,True,True,True,False,False,True,True,False,True
46.50000000000039,0.1,4.289801873035612,45,0.0563859506009874,optimal,20,success,0.0004467651445269025,0.0004467651445274612,0.0,5.586893794817804e-16,0,True,0.011205795934250706,False,False,0.9378483999753371,0.00659459998132661,1.5199999324977398e-05,0.944471099996008,5.118129103302739,-0.058002676452729704,0.011205795934250706,6.719334794853203,0.0700224097763573,0.010530774570542013,0.24985722486852852,-0.0018484957748694025,0.00734387669117876,0.11452475247524756,2.7755575615628914e-17,2.423543820505334e-16,0.0,-0.0,0.0,10.159553234855473,0.0004467651445274612,0.502406704723309,28.015521991798124,34794.202918426934,8.69793023204396,4.289801873035612,45,False,7,False,False,False,True,True,True,True,False,False,True,True,False,True
46.60000000000039,0.1,4.309739684344448,45,0.05636955795831552,optimal,20,success,0.000447289735783863,0.00044728973578145315,0.0,2.4098561687835307e-15,0,True,0.0112187545631034,False,False,1.035530099994503,0.00857410003663972,4.199997056275606e-05,1.044179400021676,5.06071006907051,-0.05741903423222992,0.0112187545631034,6.791451518447105,0.07211672359390221,0.010732717716215203,0.2479984387252991,-0.001858786143229442,0.007439393214294724,0.11452475247524753,-2.7755575615628914e-17,2.4235438205053337e-16,0.0,-0.0,0.0,10.159552710264219,0.00044728973578145315,0.48815439507143144,28.070101689862902,34783.77194083857,8.695321244342074,4.309739684344448,45,False,7,False,False,False,True,True,True,True,False,False,True,True,False,True
46.700000000000394,0.1,4.329763081528062,45,0.05635320707325864,optimal,20,success,0.0004478748257210683,0.0004478748257223941,0.0,1.325816626623899e-15,0,True,0.011231867811859362,False,False,0.9948840999859385,0.007092900050338358,1.5199999324977398e-05,1.0020055000204593,5.003868842540564,-0.056841226529945624,0.011231867811859362,6.865663206968174,0.07421168852106848,0.010927220538863141,0.24612932229178924,-0.0018691164335098557,0.007536807260227245,0.11452475247524753,0.0,0.0,0.0,-0.0,0.0,10.159552125174278,0.0004478748257223941,0.47492535419033755,28.12387899363447,34773.34409207413,8.692713039219102,4.329763081528062,45,False,7,False,False,False,True,True,True,True,False,False,True,True,False,True
46.800000000000395,0.1,4.349872414921464,45,0.05633689832338023,optimal,20,success,0.0004485169042482778,0.0004485169042460768,0.0,2.2009846202541983e-15,0,True,0.011245137858171297,False,False,1.0963095999904908,0.006550499994773418,1.5099998563528061e-05,1.102888100023847,4.9475996475819874,-0.056269194958576685,0.011245137858171297,6.9419704343056425,0.07630722733746885,0.01111432720148904,0.2442498367672137,-0.0018794855245755386,0.007636170721452628,0.11452475247524756,2.7755575615628914e-17,2.423543820505334e-16,0.0,-0.0,0.0,10.159551483095754,0.0004485169042460768,0.4626544495651068,28.17690266339977,34762.91937119508,8.690105616440311,4.349872414921464,45,False,7,False,False,False,True,True,True,True,False,False,True,True,False,True
46.9000000000004,0.1,4.370068036497564,45,0.056320632115300334,optimal,20,success,0.00044921218487100126,0.0004492121848702624,0.0,7.388837805488713e-16,0,True,0.011294099134015086,False,False,0.9597992000053637,0.006432100024539977,1.4999997802078724e-05,0.9662572999950498,4.891896765868029,-0.05570288171395848,0.011258566917632844,7.020373736576092,0.07840330227044968,0.011294099134015086,0.24235994443562794,-0.0018898923315857495,0.007737537746594043,0.11452475247524753,-2.7755575615628914e-17,2.4235438205053337e-16,0.0,-0.0,0.0,10.15955078781513,0.0004492121848702624,0.4512765912586314,28.229221402259967,34752.49777726322,8.68749897577103,4.370068036497564,45,False,7,False,False,False,True,True,True,True,False,False,True,True,False,True
47.0000000000004,0.1,4.390350299889107,45,0.05630440888100634,optimal,20,success,0.0004499567188181106,0.00044995671881764565,0.0,4.649601016704086e-16,0,True,0.011466613282998611,False,False,0.9622220000019297,0.006691699963994324,1.4199991710484028e-05,0.9689405999961309,4.836754536298814,-0.055142229569214454,0.011272157244599968,7.10087364731553,0.080499910739438,0.011466613282998611,0.2404596086187817,-0.0019003358168462442,0.007840964897361509,0.11452475247524753,0.0,0.0,0.0,-0.0,0.0,10.159550043281182,0.00044995671881764565,0.4407274736808636,28.280883305060588,34742.079309340596,8.684893116976664,4.390350299889107,45,False,7,False,False,False,True,True,True,True,False,False,True,True,False,True
47.1000000000004,0.1,4.410719560409451,45,0.05628822907436207,optimal,20,success,0.00045074649922552666,0.00045074649922405285,0.0,1.4738102231681705e-15,0,True,0.01163196027387371,False,False,0.9412070999969728,0.006618599989451468,1.479999627918005e-05,0.9478537000250071,4.7821673544298475,-0.05458718186896675,0.011285911133033847,7.183470727490901,0.08259708017537097,0.01163196027387371,0.23854879361972173,-0.0019108149990599921,0.00794651130822286,0.11452475247524753,0.0,0.0,0.0,-0.0,0.0,10.159549253500776,0.00045074649922405285,0.43094423654931885,28.331935367712457,34731.66396648955,8.682288039822684,4.410719560409451,45,False,7,False,False,False,True,True,True,True,False,False,True,True,False,True
47.2000000000004,0.1,4.431176175072253,45,0.05627209316781728,optimal,21,success,0.00045157755155917766,0.00045157755156033375,0.0,1.1560847765212934e-15,0,True,0.011790242556534027,False,False,0.9318022999796085,0.007579500030260533,1.6900012269616127e-05,0.9394124000100419,4.728129671906243,-0.05403768252360457,0.011299830917365961,7.268165589765781,0.08469486227487967,0.011790242556534027,0.23662746465887666,-0.0019213289608450788,0.008054238848543208,0.11452475247524756,2.7755575615628914e-17,2.423543820505334e-16,0.0,-0.0,0.0,10.15954842244844,0.00045157755156033375,0.42186603366903425,28.38242306530903,34721.25174777269,8.679683744074634,4.431176175072253,45,False,7,False,False,False,True,True,True,True,False,False,True,True,False,True
47.3000000000004,0.1,4.451720502610128,45,0.056256001649362807,optimal,21,success,0.00045244600811298377,0.00045244600811678026,0.0,3.7964965372838666e-15,0,True,0.011941572595982037,False,False,1.0100593999959528,0.008774399990215898,1.8300022929906845e-05,1.0188683000160381,4.674635995902635,-0.05349367600360752,0.011313918973385611,7.354958916795588,0.08679332702980667,0.011941572595982037,0.23469558780439284,-0.0019318768544838126,0.008164212287313377,0.11452475247524753,-2.7755575615628914e-17,2.4235438205053337e-16,0.0,-0.0,0.0,10.159547553991883,0.00045244600811678026,0.4134345035234922,28.432390003454245,34710.84265225291,8.677080229498129,4.451720502610128,45,False,7,False,False,False,True,True,True,True,False,False,True,True,False,True
47.400000000000404,0.1,4.472352903492326,45,0.05623995501971503,optimal,21,success,0.00045334816585943075,0.00045334816585729243,0.0,2.138317734684536e-15,0,True,0.012086071157495288,False,False,0.9382599999662489,0.007292299997061491,1.5600002370774746e-05,0.9455809000064619,4.621680888568706,-0.0529551073339292,0.011328177719151795,7.4438514736244334,0.08889255682884593,0.012086071157495288,0.23275312989845545,-0.0019424579059373944,0.008276499460894583,0.11452475247524756,2.7755575615628914e-17,2.423543820505334e-16,0.0,-0.0,0.0,10.159546651834143,0.00045334816585729243,0.4055941405026908,28.481877643621434,34700.43667899341,8.674477495858843,4.472352903492326,45,False,7,False,False,False,True,True,True,True,False,False,True,True,False,True
47.500000000000405,0.1,4.493073739941529,45,0.05622395378973979,optimal,21,success,0.0004542805282288186,0.000454280528233042,0.0,4.223401142700034e-15,0,True,0.012223865723393883,False,False,0.9314514999859966,0.007761899963952601,1.6600009985268116e-05,0.9392489999881946,4.569258966480274,-0.05242192208843247,0.01134260961592852,7.534844114502906,0.09099264087847277,0.012223865723393883,0.2308000584812277,-0.0019530714172277504,0.008391171444525057,0.11452475247524756,0.0,0.0,0.0,-0.0,0.0,10.159545719471767,0.000454280528233042,0.39829256970123006,28.530925100310277,34690.03382705763,8.67187554292254,4.493073739941529,45,False,7,False,False,False,True,True,True,True,False,False,True,True,False,True
47.600000000000406,0.1,4.513883375949797,45,0.05620799847810226,optimal,21,success,0.00045523983221578535,0.0004552398322186235,0.0,2.8381702370239292e-15,0,True,0.012355089064256029,False,False,0.9732887999853119,0.007909099978860468,1.5600002370774746e-05,0.9812266000080854,4.517364900095892,-0.05189406638438197,0.01135721716914554,7.627937784622875,0.09309367011996876,0.012355089064256029,0.2288363417138949,-0.0019637167673328014,0.008508302728582376,0.11452475247524753,-2.7755575615628914e-17,2.4235438205053337e-16,0.0,-0.0,0.0,10.159544760167782,0.0004552398322186235,0.39148073143629447,28.579569005383735,34679.634095509326,8.669274370455039,4.513883375949797,45,False,7,False,False,False,True,True,True,True,False,False,True,True,False,True
47.70000000000041,0.1,4.534782177293764,45,0.05619208960912806,optimal,21,success,0.000456223062815426,0.00045622306281778435,0.0,2.3583565655904692e-15,0,True,0.012479877976749747,False,False,0.9565514999558218,0.007584500010125339,1.9400031305849552e-05,0.9641731000156142,4.465993413218901,-0.05137148687699066,0.011372002929384823,7.723133517389208,0.09519573276633228,0.012479877976749747,0.22686194830212214,-0.001974393411772741,0.008627971400806816,0.11452475247524756,2.7755575615628914e-17,2.423543820505334e-16,0.0,-0.0,0.0,10.159543776937182,0.00045622306281778435,0.38511298394708304,28.627843433252075,34669.23748341254,8.666673978222242,4.534782177293764,45,False,7,False,False,False,True,True,True,True,False,False,True,True,False,True
47.80000000000041,0.1,4.555770511549115,45,0.05617622771085985,optimal,21,success,0.0004572274570444251,0.0004572274570442403,0.0,1.8480226030015423e-16,0,True,0.012598372190177138,False,False,0.9337138999835588,0.007517600024584681,1.6000005416572094e-05,0.9412628000136465,4.415139282464881,-0.05085413075402044,0.011386969493393613,7.8204324279157085,0.09729891052650114,0.012598372190177138,0.2248768474210401,-0.0019851008810820403,0.008750259335860032,0.11452475247524753,-2.7755575615628914e-17,2.4235438205053337e-16,0.0,-0.0,0.0,10.159542772542956,0.0004572274570442403,0.37914713419593743,28.67577987949349,34658.843989831534,8.664074365990107,4.555770511549115,45,False,7,False,False,False,True,True,True,True,False,False,True,True,False,True
47.90000000000041,0.1,4.5768487481044176,45,0.05616041331328977,optimal,21,success,0.00045825049983186676,0.00045825049983072574,0.0,1.1410143663237449e-15,0,True,0.012710713436725158,False,False,0.9375745999859646,0.007875400013290346,1.6000005416572094e-05,0.945479099988006,4.364797336734444,-0.05034194573043623,0.011402119505124958,7.919835703458218,0.09940327554250934,0.012710713436725158,0.2228810086426742,-0.0019958387783659106,0.008875252393720522,0.11452475247524756,2.7755575615628914e-17,2.423543820505334e-16,0.0,-0.0,0.0,10.15954174950017,0.00045825049983072574,0.37354440739547345,28.723407284983868,34648.45361383093,8.661475533524673,4.5768487481044176,45,False,7,False,False,False,True,True,True,True,False,False,True,True,False,True
48.00000000000041,0.1,4.598017258174344,45,0.05614464694674622,optimal,21,success,0.00045928991392026123,0.0004592899139179707,0.0,2.290539719701501e-15,0,True,0.012817044673846393,False,False,0.9473640999640338,0.0072286000358872116,2.1599989850074053e-05,0.9546282999799587,4.314962456691331,-0.049834880043112914,0.011417455656806566,8.021344591478966,0.10150888802074766,0.012817044673846393,0.2208744018665395,-0.002006606776134704,0.00900304062851637,0.11452475247524756,0.0,0.0,0.0,-0.0,0.0,10.159540710086082,0.0004592899139179707,0.3682693659689064,28.77075209755289,34638.06635447557,8.658877480592041,4.598017258174344,45,False,7,False,False,False,True,True,True,True,False,False,True,True,False,True
48.10000000000041,0.1,4.619276414812329,45,0.056128929140421356,optimal,21,success,0.00046034364566552316,0.00046034364566516217,0.0,3.609851133290487e-16,0,True,0.01291750944474549,False,False,0.9239945999579504,0.007428899989463389,1.5900004655122757e-05,0.9314549000118859,4.265629574245737,-0.04933288244559465,0.011432980690038865,8.124960385998953,0.10361579451998769,0.01291750944474549,0.21885699725394148,-0.002017404612598042,0.009133718509476859,0.11452475247524753,-2.7755575615628914e-17,2.4235438205053337e-16,0.0,-0.0,0.0,10.159539656354335,0.00046034364566516217,0.3632897882546773,28.81783836348419,34627.68221083061,8.656280206958389,4.619276414812329,45,False,7,False,False,False,True,True,True,True,False,False,True,True,False,True
48.200000000000415,0.1,4.640626592922695,45,0.056113260421016574,optimal,21,success,0.0004614098483197107,0.00046140984832199194,0.0,2.28126979112675e-15,0,True,0.01301225135959768,False,False,0.940720499958843,0.008217900001909584,1.6900012269616127e-05,0.9489689000183716,4.216793672042831,-0.04883590220290604,0.011448697396923259,8.230684412828346,0.10572402682939218,0.01301225135959768,0.21682876516635938,-0.002028232087582103,0.009267385155745007,0.11452475247524753,0.0,0.0,0.0,-0.0,0.0,10.159538590151678,0.00046140984832199194,0.358576516528596,28.86468784173116,34617.30118196148,8.65368371238996,4.640626592922695,45,False,7,False,False,False,True,True,True,True,False,False,True,True,False,True
48.300000000000416,0.1,4.662068169272284,45,0.05609764131149675,optimal,21,success,0.0004624868640637356,0.0004624868640643598,0.0,6.241751906999049e-16,0,True,0.013101413682318555,False,False,0.9433913999819197,0.007624600024428219,1.6000005416572094e-05,0.951045099995099,4.168449782956417,-0.04834388908641441,0.011464608621221476,8.338518014209422,0.10783360138107535,0.013101413682318555,0.2147896761081445,-0.0020390890582148847,0.009404144586860591,0.11452475247524756,2.7755575615628914e-17,2.423543820505334e-16,0.0,-0.0,0.0,10.159537513135936,0.0004624868640643598,0.35410328295973625,28.91132013443625,34606.92326693388,8.651087996653073,4.662068169272284,45,False,7,False,False,False,True,True,True,True,False,False,True,True,False,True
48.40000000000042,0.1,4.683601522501603,45,0.05608207232993212,optimal,21,success,0.00046357320575796937,0.00046357320576007055,0.0,2.1011838102769076e-15,0,True,0.01318513900351231,False,False,0.9644850000040606,0.008736699994187802,2.039998071268201e-05,0.9732582999859005,4.120592989587673,-0.04785679336874305,0.011480717259547088,8.448462533310064,0.10994451910064267,0.01318513900351231,0.21273970067364295,-0.002049975434501548,0.009544105990780512,0.11452475247524753,-2.7755575615628914e-17,2.4235438205053337e-16,0.0,-0.0,0.0,10.15953642679424,0.00046357320576007055,0.34984652104283015,28.95775282814323,34596.5484648138,8.648493059514111,4.683601522501603,45,False,7,False,False,False,True,True,True,True,False,False,True,True,False,True
48.50000000000042,0.1,4.705227033135527,45,0.05606655398842693,optimal,21,success,0.0004646675391132639,0.00046466753911289516,0.0,3.6873715886232006e-16,0,True,0.013263568986654303,False,False,1.0185766000067815,0.00741389999166131,1.680001150816679e-05,1.0260210999986157,4.073218423768939,-0.047374565818734504,0.01149702626259019,8.560519298951785,0.1120567656417222,0.013263568986654303,0.2106788094987496,-0.002060891174893359,0.009687384011388194,0.11452475247524756,2.7755575615628914e-17,2.423543820505334e-16,0.0,-0.0,0.0,10.159535332460887,0.00046466753911289516,0.3457851689411948,29.0040016409196,34586.1767746675,8.64589890073953,4.705227033135527,45,False,7,False,False,False,True,True,True,True,False,False,True,True,False,True
48.60000000000042,0.1,4.726945083593553,45,0.05605108679211812,optimal,21,success,0.00046576866576222056,0.00046576866576053533,0.0,1.6852296468028438e-15,0,True,0.013336844171404577,False,False,0.9543306000414304,0.0079680000199005,3.430002834647894e-05,0.9623480000300333,4.026321266072475,-0.04689715769646359,0.011513538636376334,8.674689610868207,0.11417031191642152,0.013336844171404577,0.2086069732168179,-0.002071836281931692,0.009834099057522862,0.11452475247524753,-2.7755575615628914e-17,2.4235438205053337e-16,0.0,-0.0,0.0,10.15953423133424,0.00046576866576053533,0.3419004700902493,29.050080571414426,34575.80819556155,8.64330552009585,4.726945083593553,45,False,7,False,False,False,True,True,True,True,False,False,True,True,False,True
48.70000000000042,0.1,4.748756058199646,45,0.0560356712382377,optimal,21,success,0.00046687550753126463,0.00046687550753254925,0.0,1.28461694406945e-15,0,True,0.013405103823071068,False,False,1.0261310000205413,0.00844509998569265,1.8600025214254856e-05,1.0346157000167295,3.979896745324176,-0.04642452074829963,0.011530257443560881,8.790974725734811,0.11628511486660427,0.013405103823071068,0.2065241624187863,-0.0020828107980315983,0.009984377635673792,0.11452475247524756,2.7755575615628914e-17,2.423543820505334e-16,0.0,-0.0,0.0,10.159533124492468,0.00046687550753254925,0.33817577539418414,29.09600204663524,34565.44272656275,8.64071291734968,4.748756058199646,45,False,7,False,False,False,True,True,True,True,False,False,True,True,False,True
48.80000000000042,0.1,4.770626160368807,45,0.05594865537539953,optimal,21,success,0.00046798709207616495,0.0004679870920778484,0.0,1.6834407132182427e-15,0,True,0.013682349533590009,False,False,0.9800213000271469,0.007634099980350584,1.6300007700920105e-05,0.9876858000061475,3.9339401381221584,-0.045956607202017226,0.011547185804759844,8.911255914673271,0.12028118893845925,0.013682349533590009,0.20443984484360783,-0.002084317575178468,0.010092366678877618,0.1154993059371445,0.0009745534618969404,0.008509544363412376,0.0,-0.0,0.0,10.159532012907922,0.0004679870920778484,0.3345963504232283,29.14177706591667,34555.08036673823,8.638121092267674,4.770626160368807,45,False,7,False,False,False,True,True,True,True,False,False,True,True,False,True
48.900000000000425,0.1,4.792472119836308,45,0.055688116609292966,optimal,21,success,0.0004691180951358873,0.0004691180951361673,0.0,2.799952110443815e-16,0,True,0.02116348054013008,False,False,0.9666148999822326,0.007486000016797334,1.650000922381878e-05,0.9741318000014871,3.888446768360203,-0.045493369761955324,0.011564326899918537,9.018401223812562,0.10714530913929088,0.012023592427961298,0.20237714958687483,-0.0020626952567329923,0.010089497271487908,0.11794367325074379,0.0024443673135992883,0.02116348054013008,0.0,-0.0,0.0,10.159530881904864,0.0004691180951361673,0.3311426899785049,29.18742016437564,34544.72111515537,8.635530044616571,4.792472119836308,45,False,6,False,False,False,False,True,True,True,False,False,True,True,False,True
49.000000000000426,0.1,4.8143437551470445,45,0.05553365732063322,optimal,21,success,0.0004701277367951632,0.0004701277367917811,0.0,3.382114466959907e-15,0,True,0.030545110956774195,False,False,1.1189590999856591,0.007357600028626621,1.7599959392100573e-05,1.1263491999707185,3.843412006755979,-0.04503476160422394,0.011581683969719238,9.12658892713636,0.10818770332379873,0.01199632846652857,0.20032202005307742,-0.002055129533797423,0.01015494851070236,0.12154627583683728,0.0036026025860934896,0.030545110956774195,0.0,-0.0,0.0,10.159529872263208,0.0004701277367917811,0.32785617845189313,29.232900672892487,34534.364970881834,8.632939774163178,4.8143437551470445,45,False,6,False,False,False,False,True,True,True,False,False,True,True,False,True
49.10000000000043,0.1,4.836240731208805,45,0.05537966310743939,optimal,21,success,0.00047113530233263627,0.0004711353023285625,0.0,4.073781242897034e-15,0,True,0.03888613136398969,False,False,1.0636963000288233,0.007191499986220151,1.550000160932541e-05,1.07091589999618,3.7988312703840217,-0.04458073637195738,0.011599260317028988,9.239130504893218,0.11254157775685704,0.012331176374366308,0.198274461070776,-0.0020475589823014053,0.010221337533232159,0.12627274028583224,0.00472646444899498,0.03888613136398969,0.0,-0.0,0.0,10.159528864697672,0.0004711353023285625,0.32472068636086565,29.27823063305185,34524.01193298558,8.630350280674373,4.836240731208805,45,False,6,False,False,False,False,True,True,True,False,False,True,True,False,True
49.20000000000043,0.1,4.8581513627236355,45,0.05520277003585298,optimal,21,success,0.00047216627076638635,0.000472166270764518,0.0,1.8683513937356455e-15,0,True,0.04651856172132118,False,False,1.1467982000322081,0.008189199957996607,1.8600025214254856e-05,1.1550217000185512,3.7547000222134064,-0.04413124817061532,0.01161705930838937,9.353624666304768,0.11449416141154886,0.012392309141094023,0.1962376316787443,-0.0020368293920317135,0.010272777346269761,0.13214676654853907,0.005874026262706847,0.04651856172132118,0.0,-0.0,0.0,10.159527833729236,0.000472166270764518,0.3217112001633523,29.323428663315926,34513.66200053482,8.6277615639171,4.8581513627236355,45,False,6,False,False,False,False,True,True,True,False,False,True,True,False,True
49.30000000000043,0.1,4.8800723838562705,45,0.05502065002563182,optimal,21,success,0.00047320037578278695,0.0004732003757812464,0.0,1.5405428668846533e-15,0,True,0.052977790594285756,False,False,1.17144400003599,0.01253859995631501,3.950000973418355e-05,1.1840502999839373,3.7110137706500774,-0.04368625156332905,0.011635084375549097,9.46913358635118,0.11550892004641243,0.012349107877133288,0.19421232356569335,-0.002025308113050947,0.010320691784369514,0.13914761027445954,0.007000843725920469,0.052977790594285756,0.0,-0.0,0.0,10.159526799624219,0.0004732003757812464,0.31881441468287086,29.368504682497427,34503.31517259807,8.625173623658373,4.8800723838562705,45,False,6,False,False,False,False,True,True,True,False,False,True,True,False,True
49.40000000000043,0.1,4.9020037623671335,45,0.05484000109897316,optimal,21,success,0.00047422988270221574,0.0004742298827036251,0.0,1.4093544040139072e-15,0,True,0.05814952984830273,False,False,1.2745165000087582,0.00805860001128167,1.7000013031065464e-05,1.2826119000092149,3.6677680690837837,-0.04324570156629356,0.011653339017041154,9.58529716592018,0.11616357956900003,0.01226760384249287,0.19219842311763272,-0.0020139004480606297,0.010369581142359472,0.14723897839143424,0.008091368116974682,0.05814952984830273,0.0,-0.0,0.0,10.159525770117297,0.0004742298827036251,0.31602172308038035,29.413465119689775,34492.97144824411,8.62258645966528,4.9020037623671335,45,False,6,False,False,False,False,True,True,True,False,False,True,True,False,True
49.50000000000043,0.1,4.923946670759955,45,0.054663251700049764,optimal,21,success,0.00047525191161031924,0.00047525191160957547,0.0,7.43762690325056e-16,0,True,0.06208307585432839,False,False,1.0008624999900348,0.00877249997574836,1.6000005416572094e-05,1.0096648000180721,3.624958515439579,-0.042809553644204926,0.011671826799806032,9.701982629550555,0.11668546363037581,0.012173379876551184,0.1901954832255547,-0.002002939892077999,0.010421208767421178,0.15638002705562348,0.00914104866418923,0.06208307585432839,0.0,-0.0,0.0,10.15952474808839,0.00047525191160957547,0.31332650266704093,29.458314928791545,34482.63082654201,8.620000071704972,4.923946670759955,45,False,6,False,False,False,False,True,True,True,False,False,True,True,False,True
49.600000000000435,0.1,4.945902697293637,45,0.054491181035438215,optimal,21,success,0.00047626545625104754,0.00047626545625334415,0.0,2.2966112518674198e-15,0,True,0.06490246410535011,False,False,0.9853060000459664,0.007928199949674308,1.7200014553964138e-05,0.993267499958165,3.5825807517338366,-0.042377763705742394,0.011690551360862533,9.819146292454983,0.11716366290442798,0.012076259809780302,0.18820294548409844,-0.0019925377414562783,0.010476262147052714,0.16652947614839475,0.010149449092771282,0.06490246410535011,0.0,-0.0,0.0,10.159523734543747,0.00047626545625334415,0.31072306991752674,29.503058364124556,34472.29330656111,8.617414459544678,4.945902697293637,45,False,6,False,False,False,False,True,True,True,False,False,True,True,False,True
49.700000000000436,0.1,4.967873541594824,45,0.05432393820859978,optimal,21,success,0.00047727023101717145,0.00047727023101806765,0.0,8.96201515776518e-16,0,True,0.06676066719418194,False,False,0.9684796999790706,0.007410499965772033,1.7200014553964138e-05,0.9759206000017002,3.5406304636347423,-0.04195028809909451,0.011709516409027801,9.939165868397266,0.12001957594228346,0.012223015358728927,0.18622022575483935,-0.001982719729259104,0.010535009025279188,0.1776470950835592,0.011117618935164442,0.06676066719418194,0.0,-0.0,0.0,10.159522729768982,0.00047727023101806765,0.3082062779504523,29.547699279241197,34461.95888737103,8.614829622951692,4.967873541594824,45,False,6,False,False,False,False,True,True,True,False,False,True,True,False,True
49.80000000000044,0.1,4.989853140119365,45,0.054145887757388246,optimal,21,success,0.000478282995848618,0.0004782829958465129,0.0,2.1050869380978554e-15,0,True,0.06801036056682305,False,False,0.9302789000212215,0.010755499999504536,1.550000160932541e-05,0.9410629000049084,3.499103380027213,-0.041527083607529124,0.011728725726688299,10.064869611745836,0.12570374334856954,0.012647313166214402,0.18424890271908384,-0.0019713230357554993,0.010585977048222272,0.18972893807384075,0.01208184299028156,0.06801036056682305,0.0,-0.0,0.0,10.159521717004154,0.0004782829958465129,0.3057646369260545,29.59224623041966,34451.627568041695,8.612245561693378,4.989853140119365,45,False,6,False,False,False,False,True,True,True,False,False,True,True,False,True
49.90000000000044,0.1,5.011826460423542,45,0.053939331261062,optimal,21,success,0.0004793224771685947,0.0004793224771688642,0.0,2.695326600798964e-16,0,True,0.06894419839707984,False,False,0.9578489999985322,0.007623900019098073,2.239999594166875e-05,0.9655293999821879,3.4579952725822065,-0.04110810744500651,0.01174818317162347,10.196047620482004,0.13117800873616753,0.013033254656680406,0.18229303374459835,-0.001955868974485505,0.010615362944481312,0.2028096476220709,0.013080709548230152,0.06894419839707984,0.0,-0.0,0.0,10.159520677522831,0.0004793224771688642,0.30338081998263294,29.636712097673453,34441.29934764326,8.609662275537167,5.011826460423542,45,False,6,False,False,False,False,True,True,True,False,False,True,True,False,True
50.00000000000044,0.1,5.033779508081813,45,0.05370683595251686,optimal,21,success,0.0004803855075080712,0.00048038550750995057,0.0,1.8793560457863734e-15,0,True,0.0695546854478948,False,False,1.0123332999646664,0.007525700028054416,2.5999965146183968e-05,1.0198998000123538,3.417301955330371,-0.04069331725183545,0.011767892678883948,10.332478071201535,0.1364304507195322,0.01338071925492661,0.18035635186937016,-0.0019366818752281773,0.01062400375618064,0.21691600886822243,0.014106361246151528,0.0695546854478948,0.0,-0.0,0.0,10.15951961449249,0.00048038550750995057,0.301041639384528,29.68110668327438,34430.974225246195,8.607079764250571,5.033779508081813,45,False,6,False,False,False,False,True,True,True,False,False,True,True,False,True
50.10000000000044,0.1,5.055699361251711,45,0.05345098085000835,optimal,21,success,0.0004814690013711233,0.0004814690013663636,0.0,4.759701747319989e-15,0,True,0.06984883505677163,False,False,1.2880233000032604,0.008953500015195459,2.989999484270811e-05,1.297033300041221,3.3770192842399998,-0.0402826710903714,0.011787858262726165,10.473929916805492,0.14145184560395704,0.013690021370401805,0.1784422590933719,-0.0019140927759982544,0.010612838173753967,0.2320673393928321,0.01515133052460968,0.06984883505677163,0.0,-0.0,0.0,10.159518530998634,0.0004814690013663636,0.2987373761857881,29.725437212308627,34420.65219992124,8.604498027601153,5.055699361251711,45,False,6,False,False,False,False,True,True,True,False,False,True,True,False,True
50.20000000000044,0.1,5.077574188473301,45,0.053174322875110015,optimal,21,success,0.0004825699713536852,0.00048256997135176505,0.0,1.9201762575804526e-15,0,True,0.06984443697901176,False,False,0.9698595000081696,0.007791200012434274,1.610000617802143e-05,0.9776813000207767,3.337143156799243,-0.039876127440756685,0.01180808401860543,10.613788198441487,0.13985828163599429,0.013352990018731243,0.17655382438744793,-0.001888434705923979,0.01058288947651035,0.2482759520539417,0.016208612661109595,0.06984443697901176,0.0,-0.0,0.0,10.159517430028648,0.00048256997135176505,0.2964611836391376,29.76970877635669,34410.33327073941,8.601917065356567,5.077574188473301,45,False,6,False,False,False,False,True,True,True,False,False,True,True,False,True
50.300000000000445,0.1,5.099412883070517,45,0.05291786550389253,optimal,21,success,0.0004836449598175613,0.00048364495981800815,0.0,4.468539253899007e-16,0,True,0.06924542315258625,False,False,0.960414299974218,0.007243999978527427,1.5600002370774746e-05,0.9676880000042729,3.297669511602541,-0.03947364519670204,0.011828574125229446,10.750557540877079,0.1367693424355917,0.01288600637948237,0.17468832959427363,-0.0018654947931743115,0.01056615340758905,0.2654679254125281,0.01719197335858641,0.06924542315258625,0.0,-0.0,0.0,10.159516355040182,0.00048364495981800815,0.29422448832079023,29.813912914161254,34400.01743677199,8.599336877284523,5.099412883070517,45,False,6,False,False,False,False,True,True,True,False,False,True,True,False,True
50.400000000000446,0.1,5.12122864965239,45,0.052689687615137384,optimal,21,success,0.0004846856122463208,0.0004846856122462384,0.0,8.239936510889834e-17,0,True,0.06813600676298037,False,False,0.9538075000164099,0.008761000004597008,2.099998528137803e-05,0.962603600055445,3.2585943279412324,-0.039075183661308924,0.011849332846674462,10.885325619794267,0.1347680789171889,0.012535915314601805,0.17284188263587844,-0.0018464469583951999,0.01056995028050075,0.2835558497737905,0.018087924361262386,0.06813600676298037,0.0,-0.0,0.0,10.159515314387754,0.0004846856122462384,0.29203958900412136,29.85804052396568,34389.70469709057,8.596757463152803,5.12122864965239,45,False,6,False,False,False,False,True,True,True,False,False,True,True,False,True
50.50000000000045,0.1,5.143031067194155,45,0.05248226551744281,optimal,21,success,0.000485699962453335,0.0004856999624536229,0.0,2.879098869035257e-16,0,True,0.06670723507773352,False,False,0.9850458999862894,0.007223399996291846,1.6000005416572094e-05,0.9922988999751396,3.2199136253983,-0.03868070254293263,0.011870364534566335,11.018845361480102,0.13351974168583441,0.012266031017302535,0.17101163398139552,-0.0018302486544829162,0.010589150190747772,0.30247107650231725,0.018915226728526732,0.06670723507773352,0.0,-0.0,0.0,10.159514300037547,0.0004856999624536229,0.28991295998745426,29.90208682574483,34379.395050767,8.594178822729262,5.143031067194155,45,False,6,False,False,False,False,True,True,True,False,False,True,True,False,True
50.60000000000045,0.1,5.164827230805961,45,0.052290445729275076,optimal,21,success,0.0004866934723883673,0.0004866934723910532,0.0,2.68589404189834e-15,0,True,0.06508658126751976,False,False,0.9616895000217482,0.009967199992388487,3.250001464039087e-05,0.9717189999646507,3.1816234634472145,-0.038290161951085186,0.011891673630328744,11.151639980797444,0.13279461931734368,0.012051591156871095,0.16919545006562567,-0.001816183915769846,0.01062023602421944,0.3221578848041595,0.01968680830184226,0.06508658126751976,0.0,-0.0,0.0,10.159513306527609,0.0004866934723910532,0.28784732553831255,29.94604981979247,34369.08849687342,8.591600955781821,5.164827230805961,45,False,6,False,False,False,False,True,True,True,False,False,True,True,False,True
50.70000000000045,0.1,5.186622522246965,45,0.05211066888038938,optimal,21,success,0.00048766988701361976,0.000487669887013098,0.0,5.21772295508649e-16,0,True,0.06335939201031918,False,False,0.982445599976927,0.007849199988413602,1.6600009985268116e-05,0.990326399973128,3.1437199410548367,-0.03790352239237793,0.011913264667501023,11.284074583955869,0.1324346031584241,0.011875796150742825,0.16739169277135849,-0.0018037572942671753,0.010660790781120614,0.3425696125166815,0.02041172771252199,0.06335939201031918,0.0,-0.0,0.0,10.159512330112987,0.000487669887013098,0.2858430410678961,29.989929261733153,34358.78503448223,8.589023862078466,5.186622522246965,45,False,6,False,False,False,False,True,True,True,False,False,True,True,False,True
50.80000000000045,0.1,5.208421132899232,45,0.05194045417909588,optimal,21,success,0.0004886317998289384,0.0004886317998273881,0.0,1.5503006864370228e-15,0,True,0.06158296853340803,False,False,0.9967132000019774,0.008639600011520088,1.7000013031065464e-05,1.0053896000026725,3.1061991962883333,-0.037520744766503134,0.011935142274128117,11.41640517145098,0.13233058749511223,0.011727198939580295,0.16559906966127644,-0.0017926231100820473,0.010709152171192893,0.3636660661847981,0.021096453668116577,0.06158296853340803,0.0,-0.0,0.0,10.159511368200173,0.0004886317998273881,0.2838990083199584,30.033725983445237,34348.48466266612,8.58644754138727,5.208421132899232,45,False,6,False,False,False,False,True,True,True,False,False,True,True,False,True
50.90000000000045,0.1,5.230226420402923,45,0.0517780543087331,optimal,21,success,0.0004895810290390612,0.0004895810290381775,0.0,8.837331907929347e-16,0,True,0.05979580887570623,False,False,0.9570625000051223,0.008341800014022738,2.19999928958714e-05,0.9654409000067972,3.069057405926079,-0.03714179036225442,0.011957311175225329,11.54881227293423,0.13240710148324836,0.011597967967566443,0.16381653176829955,-0.001782537892976891,0.010764178184231178,0.3854117727729642,0.021745706588166117,0.05979580887570623,0.0,-0.0,0.0,10.159510418970962,0.0004895810290381775,0.28201327825463335,30.0774414457917,34338.18738049806,8.583871993476354,5.230226420402923,45,False,6,False,False,False,False,True,True,True,False,False,True,True,False,True
51.000000000000455,0.1,5.252041152873295,45,0.05162222307576214,optimal,21,success,0.0004905188687912582,0.0004905188687960305,0.0,4.772224282412196e-15,0,True,0.05802369874357631,False,False,0.9640113999485038,0.010282000002916902,1.6700010746717453e-05,0.9743250999599695,3.0322907850724934,-0.03676662085358537,0.011979776195320514,11.681424086442624,0.13261181350839302,0.011482723103845212,0.16204320353837737,-0.0017733282299221696,0.010825087131195935,0.40777478936857037,0.02236301659560616,0.05802369874357631,0.0,-0.0,0.0,10.159509481131204,0.0004905188687960305,0.2801834445286777,30.121077446762897,34327.89318705129,8.581297218113926,5.252041152873295,45,False,6,False,False,False,False,True,True,True,False,False,True,True,False,True
51.100000000000456,0.1,5.273867676807363,45,0.05147205827197369,optimal,20,success,0.0004914462575136201,0.0004914462575129619,0.0,6.582191389159497e-16,0,True,0.05628375363840665,False,False,1.0409665000042878,0.0075100999674759805,2.8399983420968056e-05,1.0485186000005342,2.995895586776788,-0.036395198295705394,0.012002542261076485,11.814332427018488,0.1329083405758651,0.011377751513200994,0.16027833460575358,-0.0017648689326237974,0.010891348073144062,0.43072588515334415,0.02295109578477378,0.05628375363840665,0.0,-0.0,0.0,10.159508553742487,0.0004914462575129619,0.27840689675809027,30.164635933670635,34317.60208139934,8.57872321506826,5.273867676807363,45,False,6,False,False,False,False,True,True,True,False,False,True,True,False,True
51.20000000000046,0.1,5.295708033008983,45,0.05132689501592381,optimal,20,success,0.0004923638909804125,0.0004923638909755113,0.0,4.901244340937971e-15,0,True,0.05458712549903532,False,False,1.0526639000163414,0.007675400003790855,1.7099955584853888e-05,1.0603707000263967,2.9598681016555726,-0.03602748512121552,0.012025614403997513,11.947603737397756,0.13327131037926848,0.011280477437259767,0.15852126644545744,-0.0017570681602961519,0.010962605548766899,0.45423797310189284,0.02351208794854867,0.05458712549903532,0.0,-0.0,0.0,10.159507636109025,0.0004923638909755113,0.27668098015200704,30.20811888481174,34307.31406261601,8.576149984107682,5.295708033008983,45,False,6,False,False,False,False,True,True,True,False,False,True,True,False,True
51.30000000000046,0.1,5.317564036999371,45,0.05118623312697275,optimal,20,success,0.0004932722984925584,0.0004932722984936078,0.0,1.0493992827487197e-15,0,True,0.05294083366102271,False,False,0.9497257000184618,0.007293200003914535,2.6399968191981316e-05,0.9570589000359178,2.9242046575192964,-0.03566344413627616,0.012048997763220656,12.081286701507874,0.1336829641101177,0.011189102605710832,0.15677140919421773,-0.0017498572512397149,0.011038627753089456,0.47828571007840026,0.024047736976507417,0.05294083366102271,0.0,-0.0,0.0,10.159506727701507,0.0004932722984936078,0.27500309302603027,30.251528237213982,34297.02912977537,8.573577525000609,5.317564036999371,45,False,6,False,False,False,False,True,True,True,False,False,True,True,False,True
51.40000000000046,0.1,5.339437335097658,45,0.051049687524122235,optimal,20,success,0.0004941718942584906,0.0004941718942532702,0.0,5.220325040300455e-15,0,True,0.051349016924056266,False,False,0.9547001999453641,0.007201000000350177,1.5900004655122757e-05,0.961930499994196,2.88890161900248,-0.035303038516816265,0.012072697588398292,12.21541751726733,0.13413081575945507,0.011102361782600035,0.15502822544082467,-0.00174318375339304,0.011119270805517098,0.5028452110997503,0.024559501021350044,0.051349016924056266,0.0,-0.0,0.0,10.159505828105747,0.0004941718942532702,0.27337074332475914,30.29486584478512,34286.74728195179,8.571005837515516,5.339437335097658,45,False,6,False,False,False,False,True,True,True,False,False,True,True,False,True
51.50000000000046,0.1,5.361329443789161,45,0.05091695424626387,optimal,20,success,0.0004950630121837331,0.0004950630121847155,0.0,9.823955884891156e-16,0,True,0.04981379916683709,False,False,0.9486208000453189,0.006613599951379001,1.4400051441043615e-05,0.95526149997022,2.853955387197704,-0.03494623180477616,0.012096719242672886,12.350023554485862,0.13460603721853281,0.011019356237988423,0.15329121880668573,-0.0017370066341389602,0.011204454086988098,0.5278938414574791,0.025048630357728766,0.04981379916683709,0.0,-0.0,0.0,10.159504936987815,0.0004950630121847155,0.2717815784644754,30.33813345624438,34276.4685182199,8.56843492142096,5.361329443789161,45,False,6,False,False,False,False,True,True,True,False,False,True,True,False,True
51.60000000000046,0.1,5.383241777581682,45,0.05078778709665584,optimal,20,success,0.0004959459294805218,0.0004959459294830992,0.0,2.5774738246497897e-15,0,True,0.048335894152615355,False,False,0.9491245000390336,0.007996599946636707,1.6200006939470768e-05,0.9571848000050522,2.819362399293318,-0.03459298790438636,0.012121068205748367,12.485125897263009,0.13510234277714694,0.010939440089413766,0.15155992582851638,-0.0017312929781693343,0.01129414321085576,0.5534100623019853,0.02551622084450622,0.048335894152615355,0.0011192809669009,0.0011192809669009,0.011192809669008999,10.159504054070517,0.0004959459294830992,0.27023339806801344,30.38133270573503,34266.192837654606,8.565864776485556,5.383241777581682,45,False,5,False,False,False,False,False,True,True,False,False,True,True,False,True
51.700000000000465,0.1,5.405175668907265,45,0.050661981528905733,optimal,20,success,0.0004968208827509041,0.000496820882746718,0.0,4.186104587966533e-15,0,True,0.04691503227695504,False,False,0.9310229000402614,0.007226799963973463,1.479999627918005e-05,0.9382784999907017,2.785119128214836,-0.034243271078481775,0.012145750077061736,12.620741114908585,0.1356152176455754,0.010862142581622264,0.14983391012495995,-0.001726015703556435,0.011388338270298103,0.5793733132372747,0.02596325093528934,0.04691503227695504,0.004841579973915381,0.003722299007014481,0.03722299007014481,10.159503179117253,0.000496820882746718,0.26872415599327726,30.424465111369376,34255.9202393311,8.56329540247798,5.405175668907265,45,False,5,False,False,False,False,False,True,True,False,False,True,True,False,True
51.800000000000466,0.1,5.427132382507717,45,0.05053936347946793,optimal,20,success,0.0004976880789926113,0.0004976880789904214,0.0,2.189871547986222e-15,0,True,0.06240179492943948,False,False,0.9458787000039592,0.007383099989965558,1.610000617802143e-05,0.9532907000393607,2.7512220822699853,-0.0338970459448505,0.012170770579058613,12.756882498635138,0.13614138372655227,0.010787114836365009,0.14811275814902294,-0.0017211519759370115,0.011487065741670816,0.605763920790221,0.026390607552946324,0.0455502643114292,0.011081759466859329,0.006240179492943948,0.06240179492943948,10.15950231192101,0.0004976880789904214,0.26725195590492307,30.46753207855418,34245.65072232484,8.560726799167,5.427132382507717,45,False,5,False,False,False,False,False,True,True,False,False,True,True,False,True
51.90000000000047,0.1,5.449113125978476,45,0.05041978158662637,optimal,20,success,0.0004985477031740904,0.0004985477031738128,0.0,2.7755575615628914e-16,0,True,0.08677415588030431,False,False,0.9831536000128835,0.00801260001026094,1.7599959392100573e-05,0.9912001000484452,2.7176678047973684,-0.033554277472617064,0.01219613556057678,12.89356092782936,0.13667842919422243,0.010714093291119182,0.14639607604669147,-0.001716682102331479,0.01159037292793,0.6325630251849365,0.026799104394715417,0.0442401791769901,0.01975917505488976,0.00867741558803043,0.08677415588030431,10.159501452296826,0.0004985477031738128,0.2658150431839185,30.510534906024365,34235.38428571159,8.558158966321441,5.449113125978476,45,False,5,False,False,False,False,False,True,True,False,False,True,True,False,True
52.00000000000047,0.1,5.471119057623332,45,0.050303101733474485,optimal,20,success,0.0004993999234866891,0.0004993999234876867,0.0,9.975744189039126e-16,0,True,0.11037877351904947,True,False,0.9484530999907292,0.007142000016756356,1.5300000086426735e-05,0.9556291000335477,2.684452873818709,-0.0332149309786596,0.012221851000341866,13.03078547907218,0.13722455124282026,0.010642874533336703,0.14468348729149266,-0.001712588755198802,0.01169832417265467,0.6597525202525002,0.027189495067563713,0.04298306095209181,0.030797052406794707,0.011037877351904948,0.11037877351904947,10.159500600076512,0.0004993999234876867,0.2644117949886431,30.553474793240504,34225.12092856735,8.55559190371019,5.471119057623332,45,False,5,False,False,False,False,False,True,True,False,False,True,True,False,True
52.10000000000047,0.1,5.493151292415018,45,0.050189203190297,optimal,20,success,0.0005002448950202301,0.000500244895022206,0.0,1.975958459354832e-15,0,True,0.13324967946913144,True,False,1.0288089000387117,0.007408699952065945,1.5199999324977398e-05,1.036247399984859,2.6515739016946482,-0.032878972124060414,0.012247923010579495,13.168563856220302,0.13777837714812094,0.010573297931225788,0.1429746308670527,-0.0017088564244399605,0.011810998313837579,0.6873150029248373,0.027562482672337102,0.041777002476304906,0.04412202035370785,0.013324967946913145,0.13324967946913144,10.159499755104978,0.000500244895022206,0.2630407096222532,30.59635284829429,34214.86064996842,8.553025611102212,5.493151292415018,45,False,5,False,False,False,False,False,True,True,False,False,True,True,False,True
52.20000000000047,0.1,5.515210906611557,45,0.05007797586109092,optimal,20,success,0.0005010827623653282,0.0005010827623621594,0.0,3.168797689523384e-15,0,True,0.15541733996615908,True,False,0.9793308000080287,0.0075866999686695635,1.7300015315413475e-05,0.9869501999928616,2.619027534784059,-0.03254636691058965,0.012274357840748444,13.306902695763617,0.1383388395433137,0.010505233604343875,0.1412691598398847,-0.001705471027167997,0.01192848701077506,0.7152337298567908,0.02791872693195352,0.04061998765216337,0.05966375435032376,0.01554173399661591,0.15541733996615908,10.159498917237638,0.0005010827623621594,0.2617003959208356,30.63917009579299,34204.60344899138,8.550460088266547,5.515210906611557,45,False,5,False,False,False,False,False,True,True,False,False,True,True,False,True
52.30000000000047,0.1,5.53729894140988,45,0.049969318295282,optimal,20,success,0.0005019136614821895,0.0005019136614841102,0.0,1.920664148558071e-15,0,True,0.17690944120360644,True,False,0.9778136000386439,0.007957099995110184,1.769996015354991e-05,0.9858060000115074,2.586810453106837,-0.03221708167722169,0.012301161881399623,13.445807785049341,0.13890508928572537,0.010438574059006773,0.13956674021284632,-0.0017024196270383875,0.01205089369093665,0.7434925794636577,0.028258849606866837,0.03950995098137364,0.07735469847068441,0.017690944120360645,0.17690944120360644,10.159498086338516,0.0005019136614841102,0.26038956308512823,30.681927484409854,34194.34932471308,8.5478953349723,5.53729894140988,45,False,5,False,False,False,False,False,True,True,False,False,True,True,False,True
52.400000000000475,0.1,5.559416405902368,45,0.04986313623216543,optimal,20,success,0.0005027377210655921,0.0005027377210620187,0.0,3.5733135200777255e-15,0,True,0.19775145310367467,True,False,0.9405891000060365,0.007730500015895814,1.7900019884109497e-05,0.9483745999750681,2.5549193700101536,-0.03189108309668357,0.012328341668165682,13.585284219485509,0.13947643443616667,0.010373228344916045,0.1378670499828851,-0.001699690229961229,0.012178332942140196,0.7720760181678037,0.028583438704146036,0.03844482042411993,0.09712984378105188,0.01977514531036747,0.19775145310367467,10.159497262278938,0.0005027377210620187,0.25910701118733276,30.724625893929417,34184.09827621067,8.545331350988633,5.559416405902368,45,False,5,False,False,False,False,False,True,True,False,False,True,True,False,True
52.500000000000476,0.1,5.581564279522099,45,0.04975934151816291,optimal,20,success,0.0005035550635616654,0.0005035550635614783,0.0,1.8713329497099807e-16,0,True,0.21796703840447107,True,False,1.009717599954456,0.007640000025276095,1.5300000086426735e-05,1.017387299973052,2.5233510318381183,-0.03156833817203533,0.012355903885886574,13.72533651684935,0.14005229736384026,0.010309117947121183,0.1361697783495875,-0.0016972716332976068,0.012310930229582103,0.8009690699945355,0.028893051826731908,0.03742254797046716,0.11892654762149898,0.02179670384044711,0.21796703840447107,10.159496444936439,0.0005035550635614783,0.2578516224611051,30.767266141708074,34173.850302561535,8.542768136084794,5.581564279522099,45,False,5,False,False,False,False,False,True,True,False,False,True,True,False,True
52.60000000000048,0.1,5.603743514107417,45,0.04965785128686833,optimal,20,success,0.0005043658059419553,0.0005043658059413758,0.0,5.795060611935021e-16,0,True,0.19976233304219382,True,False,0.9460705000092275,0.006600300024729222,1.4299992471933365e-05,0.9527007999713533,2.4921022176048364,-0.031248814233281665,0.01238385537287639,13.86596963581431,0.1406331189649602,0.010246241962251176,0.13447462503684748,-0.001695153312739998,0.012448821855228739,0.8301572888955187,0.029188218900983054,0.03644113111781231,0.1426835922350232,0.0237570446135242,0.19976233304219382,10.159495634194059,0.0005043658059413758,0.2566223534049489,30.809848988527996,34163.60540284336,8.540205690030096,5.603743514107417,45,False,5,False,False,False,False,False,True,True,False,False,True,True,False,True
52.70000000000048,0.1,5.6259550332925805,45,0.04955858308525813,optimal,20,success,0.0005051700642497984,0.0005051700642493273,0.0,4.710858439449517e-16,0,True,0.16835493184193112,True,False,0.9992043999955058,0.006904900015797466,1.550000160932541e-05,1.0061395000084303,2.461169738670822,-0.030932478934014455,0.012412203125337175,14.008020298192065,0.14205066237775496,0.01024455311158719,0.13278130036420727,-0.0016933246726402182,0.012592150170905694,0.8596267400075426,0.02946945111202387,0.035498635627510364,0.1667050786807124,0.024021486445689223,0.16835493184193112,10.15949482993575,0.0005051700642493273,0.2554182262655018,30.85237514490576,34153.3635761341,8.537644012593915,5.6259550332925805,45,False,5,False,False,False,False,False,True,True,False,False,True,True,False,True
52.80000000000048,0.1,5.648197623492312,45,0.04945772198581071,optimal,20,success,0.0005059714060506996,0.0005059714060511311,0.0,4.3151246464923076e-16,0,True,0.1425639548906295,True,False,1.083195200015325,0.007375999994110316,1.6200006939470768e-05,1.0906036000233144,2.430550438422736,-0.03061930024808584,0.01244095430192559,14.151588107826202,0.14356780963413615,0.010248972130106468,0.13109011150908187,-0.0016911888551254094,0.01273664929087627,0.8893697922571813,0.029743052249638705,0.03459996166403308,0.19047121399778832,0.023766135317075925,0.1425639548906295,10.159494028593949,0.0005059714060511311,0.25423708569579906,30.894846191308144,34143.12482151199,8.535083103545702,5.648197623492312,45,False,5,False,False,False,False,False,True,True,False,False,True,True,False,True
52.90000000000048,0.1,5.670469838552763,45,0.049354886750171176,optimal,20,success,0.0005067702220570951,0.000506770222056474,0.0,6.210310043996969e-16,0,True,0.12345034872211447,True,False,0.9657243000110611,0.007411399972625077,1.550000160932541e-05,0.9731655000359751,2.400241191956425,-0.030309246466311363,0.012470116228478692,14.296494245772392,0.14490613794618973,0.010239567237407992,0.12940142762750761,-0.0016886838815742505,0.01288185555824521,0.9193795573585231,0.030009765101341748,0.033742730372231654,0.21398495178733978,0.02351373778955146,0.12345034872211447,10.159493229777944,0.000506770222056474,0.2530770261694277,30.93726352107654,34132.889138055565,8.532522962654976,5.670469838552763,45,False,5,False,False,False,False,False,True,True,False,False,True,True,False,True
53.00000000000048,0.1,5.692770701831198,45,0.049250936967203285,optimal,20,success,0.0005075657582111955,0.0005075657582107596,0.0,4.3595769355642133e-16,0,True,0.10871854226188823,True,False,0.9798836000263691,0.007383699994534254,1.5400000847876072e-05,0.98729799996363,2.3702389057632223,-0.030002286193202676,0.012499696402905226,14.443596629372756,0.14710238360036373,0.010289402497669195,0.1277154840989894,-0.0016859435285182362,0.013028786153514162,0.9496479666303315,0.030268409271808377,0.0329226477025145,0.2372490838116398,0.023264132024300017,0.10871854226188823,10.15949243424179,0.0005075657582107596,0.25193675616753064,30.979628071266248,34122.65652484359,8.52996358969132,5.692770701831198,45,False,5,False,False,False,False,False,True,True,False,False,True,True,False,True
53.100000000000485,0.1,5.715097118767436,45,0.04914218816836646,optimal,20,success,0.0005083613918499266,0.0005083613918515084,0.0,1.581850969656351e-15,0,True,0.09701992838140512,False,False,0.9333952000015415,0.007703999988734722,1.5199999324977398e-05,0.9411293999874033,2.340540517419493,-0.02969838834372947,0.012529702500249242,14.593526815612213,0.14993018623945634,0.01038039140019707,0.12603310311357327,-0.001682380985416134,0.013172881873212479,0.9801726982999683,0.03052473166963686,0.03214320752767872,0.26026697293159906,0.023017889119959275,0.09701992838140512,10.159491638608149,0.0005083613918515084,0.25081399744161686,31.02194150738145,34112.426980955126,8.527404984424393,5.715097118767436,45,False,5,False,False,False,False,False,True,True,False,False,True,True,False,True
53.200000000000486,0.1,5.737444485447142,45,0.04902608838315909,optimal,20,success,0.0005091594579762783,0.0005091594579784697,0.0,2.1913894310277016e-15,0,True,0.0875078493396444,False,False,0.9560702000162564,0.0071696999948471785,2.519995905458927e-05,0.963279000017792,2.3111429952793827,-0.02939752214011021,0.012560142377933174,14.746171497724891,0.15264468211267845,0.010459752741152233,0.12435551923172306,-0.0016775838818502181,0.013310660774086335,1.0109552392390486,0.03078254093908038,0.03140522174558652,0.28304237598698273,0.022775403055383676,0.0875078493396444,10.159490840542022,0.0005091594579784697,0.24970610691923395,31.064205762532687,34102.20050546953,8.52484714662392,5.737444485447142,45,False,5,False,False,False,False,False,True,True,False,False,True,True,False,True
53.30000000000049,0.1,5.7598085523110045,45,0.04890337108624448,optimal,20,success,0.0005099593137860794,0.0005099593137867231,0.0,6.43690829804644e-16,0,True,0.07962248538313482,False,False,0.9368981999577954,0.007500600011553615,1.5700003132224083e-05,0.9444280000170693,2.2820433381707517,-0.029099657108631105,0.012591024081187755,14.901420169301511,0.1552486715766206,0.010528066325593263,0.12268385752218175,-0.0016716617095412995,0.013442601662306108,1.0419958472864066,0.031040608047358045,0.030704235798532955,0.30557891343181404,0.022536537444831282,0.07962248538313482,10.159490040686213,0.0005099593137867231,0.24861123542297564,31.10642218013208,34091.97709746642,8.522290076059694,5.7598085523110045,45,False,5,False,False,False,False,False,True,True,False,False,True,True,False,True
53.40000000000049,0.1,5.782185411453574,45,0.048774733809045505,optimal,20,success,0.0005107603349920743,0.0005107603349934209,0.0,1.3465790982269965e-15,0,True,0.0729800381265284,False,False,1.0154479999910109,0.007016999996267259,1.4599994756281376e-05,1.0224926000228152,2.2532385750942585,-0.028804763076493003,0.012622355848676575,15.059165292853432,0.15774512355192113,0.010585912064736799,0.12101913807695842,-0.0016647194452233229,0.013569180810298002,1.0732936555887038,0.031297808302297225,0.030036404064184914,0.327880074184731,0.02230116075291691,0.0729800381265284,10.159489239665007,0.0005107603349934209,0.24752814466817624,31.148591649767678,34081.75675602567,8.519733772501583,5.782185411453574,45,False,5,False,False,False,False,False,True,True,False,False,True,True,False,True
53.50000000000049,0.1,5.804571483237643,45,0.04864083771095069,optimal,20,success,0.0005115619201452725,0.0005115619201419008,0.0,3.3716519159954217e-15,0,True,0.06730859292895076,False,False,0.9168942000251263,0.007340199954342097,1.5099998563528061e-05,0.9242624000180513,2.224725764925573,-0.028512810168685676,0.012654146118323452,15.21930243847793,0.16013714562449738,0.010633865988607816,0.11936228067675787,-0.0016568574002005449,0.013690870936024325,1.1048467732605896,0.03155311767188565,0.029398401367218274,0.3499492206275452,0.022069146442814234,0.06730859292895076,10.159488438079858,0.0005115619201419008,0.2464560606427488,31.190714715831614,34071.539480227475,8.517178235719514,5.804571483237643,45,False,5,False,False,False,False,False,True,True,False,False,True,True,False,True
53.60000000000049,0.1,5.8269635024034985,45,0.048502307486699786,optimal,20,success,0.0005123634939823828,0.0005123634939803168,0.0,2.0660556598883772e-15,0,True,0.06241012062675766,False,False,0.923066999996081,0.00711480004247278,1.5000056009739637e-05,0.9302092000143602,2.1965019961206838,-0.02822376880488912,0.012686403533351147,15.381730393998675,0.16242795552074382,0.010672496730867785,0.11771410955535713,-0.001648171121400747,0.013808140327547189,1.136652381904327,0.031805608643737396,0.02878734808617277,0.37178959370015013,0.021840373072604925,0.06241012062675766,10.15948763650602,0.0005123634939803168,0.2453945569566643,31.2327916639214,34061.32526915225,8.514623465483494,5.8269635024034985,45,False,5,False,False,False,False,False,True,True,False,False,True,True,False,True
53.70000000000049,0.1,5.849358503836703,45,0.0483597315704741,optimal,20,success,0.0005131645099028824,0.0005131645099041293,0.0,1.2469409185755786e-15,0,True,0.05813698046124379,False,False,0.9104838999919593,0.007041600008960813,1.5099998563528061e-05,0.917553500039503,2.1685643864242823,-0.027937609696401335,0.012719136948540401,15.546351248230597,0.16462085423192233,0.010702362479071319,0.11607535821632736,-0.0016387513390297755,0.013921452111559523,1.168706827640656,0.032054445736328915,0.02820074654893651,0.39340431804478954,0.021614724344639395,0.05813698046124379,10.159486835490096,0.0005131645099041293,0.24434346247347058,31.274822589234784,34051.11412188074,8.51206946156359,5.849358503836703,45,False,5,False,False,False,False,False,True,True,False,False,True,True,False,True
53.800000000000495,0.1,5.871751532894249,45,0.04820978769415457,optimal,20,success,0.0005139644516871864,0.0005139644516898301,0.0,2.643718577388654e-15,0,True,0.05437848899416435,False,False,0.913246700016316,0.006853699975181371,1.4200049918144941e-05,0.9201263999566436,2.14091008258119,-0.027654303843092233,0.012752355436718692,15.710606127042576,0.1642548788119795,0.010565493869866997,0.1144473068982197,-0.0016280513181076528,0.014025813429526407,1.2010057084037125,0.032298880763056356,0.02763642686015636,0.41479705042384485,0.02139273237905532,0.05437848899416435,10.15948603554831,0.0005139644516898301,0.24330278857572268,31.31680745040687,34040.906037493936,8.509516223729944,5.871751532894249,45,False,5,False,False,False,False,False,True,True,False,False,True,True,False,True
53.900000000000496,0.1,5.894145866018033,45,0.048066556943077425,optimal,20,success,0.0005147542993767777,0.0005147542993775289,0.0,7.51243685315206e-16,0,True,0.05104191291775842,False,False,0.9303125000442378,0.009691599989309907,1.669995253905654e-05,0.9400341000291519,2.113536260050807,-0.027373822530383125,0.012786068295488548,15.874409725148587,0.16380359810601058,0.010426306711620528,0.1128289357508731,-0.0016183711473466032,0.014140753428002051,1.2335302560194017,0.032524547615689306,0.027081093277165617,0.4359690853501218,0.021172034926276936,0.05104191291775842,10.159485245700623,0.0005147542993775289,0.24227562559913307,31.358743927646707,34030.70101507311,8.506963751752764,5.894145866018033,45,False,5,False,False,False,False,False,True,True,False,False,True,True,False,True
54.0000000000005,0.1,5.916545002120708,45,0.04793031789183381,optimal,20,success,0.0005155338726878306,0.000515533872688323,0.0,4.923362065256676e-16,0,True,0.04805972685997534,False,False,0.9324185999576002,0.007391099992673844,1.580000389367342e-05,0.939839500002563,2.086440122724556,-0.027096137326251202,0.012820285054205714,16.037780098640436,0.16337037349184946,0.010291429811908821,0.11121917227842155,-0.0016097634724515537,0.014267292886692826,1.2662620552137998,0.03273179919439806,0.02653505986956775,0.4569216405114419,0.02095255516132013,0.04805972685997534,10.159484466127312,0.000515533872688323,0.24126429992960186,31.400630265987964,34020.49905369981,8.504412045402331,5.916545002120708,45,False,5,False,False,False,False,False,True,True,False,False,True,True,False,True
54.1000000000005,0.1,5.938952329892552,45,0.04780078359571351,optimal,20,success,0.0005163033754838417,0.0005163033754840285,0.0,1.8680803431925241e-16,0,True,0.04537826443027555,False,False,0.9175912000355311,0.006498200003989041,1.5900004655122757e-05,0.9241203999845311,2.0596189026462968,-0.026821220078258955,0.012855015481218195,16.200734941445674,0.16295484280523892,0.010160685693592533,0.10961698432233527,-0.0016021879560862897,0.014405681352091323,1.2991835928761903,0.03292153766239067,0.025998992488827356,0.47765595153848545,0.02073431102704352,0.04537826443027555,10.159483696624516,0.0005163033754840285,0.2402704123448144,31.442465245881632,34010.300152455864,8.501861104448981,5.938952329892552,45,False,5,False,False,False,False,False,True,True,False,False,True,True,False,True
54.2000000000005,0.1,5.961371132577731,45,0.047677680405008686,optimal,20,success,0.0005170630272572561,0.0005170630272601784,0.0,2.92225011550018e-15,0,True,0.042954178433185206,False,False,0.9460510999779217,0.008086200046818703,1.5600002370774746e-05,0.9541662000119686,2.033069859735689,-0.02654904291060751,0.012890269591377334,16.363291590656438,0.16255664921076426,0.010033905856635076,0.10802137837270585,-0.0015956059496294132,0.014556192724089534,1.3322782068225105,0.0330946139463201,0.025473392773575423,0.4981732705105424,0.02051731897205697,0.042954178433185206,10.15948293697274,0.0005170630272601784,0.23929500182498242,31.48424806177806,34000.10431042336,8.499310928663142,5.961371132577731,45,False,5,False,False,False,False,False,True,True,False,False,True,True,False,True
54.3000000000005,0.1,5.983804592471196,45,0.04756074717405583,optimal,20,success,0.0005178130582322208,0.000517813058232619,0.0,3.982274579539258e-16,0,True,0.040752074116954765,False,False,0.9034815999912098,0.0070121000171639025,1.550000160932541e-05,0.9105218999902718,2.0067902815144754,-0.026279578221213837,0.012926057653833074,16.525467030989955,0.1621754403335183,0.009910930171660675,0.10643139797055225,-0.0015899804021536007,0.014719127140441551,1.3655300381111952,0.033251831288684586,0.02495862434617943,0.5184748645534738,0.02030159404293138,0.040752074116954765,10.159482186941768,0.000517813058232619,0.2383386753629215,31.52597822593933,33989.91152668468,8.496761517815292,5.983804592471196,45,False,5,False,False,False,False,False,True,True,False,False,True,True,False,True
54.4000000000005,0.1,6.006255795157502,45,0.047449734530083186,optimal,20,success,0.0005185537054304675,0.0005185537054348544,0.0,4.386898830310848e-15,0,True,0.03874276525801626,False,False,0.9210155999753624,0.0071230000467039645,2.6799971237778664e-05,0.9281781000318006,1.9807774828356643,-0.026012798678811042,0.012962390200125856,16.68727789866931,0.16181086767935685,0.009791606335597985,0.1048461221948238,-0.00158527577572845,0.01489481305288378,1.3989239866127872,0.033393948501592025,0.024454935131110425,0.5385620145230509,0.02008714996957701,0.03874276525801626,10.159481446294565,0.0005185537054348544,0.23740171047493627,31.567655492481176,33979.72180032247,8.494212871675984,6.006255795157502,45,False,5,False,False,False,False,False,True,True,False,False,True,True,False,True
54.500000000000504,0.1,6.028727733510513,45,0.04734440419581281,optimal,20,success,0.0005192852095180507,0.0005192852095206035,0.0,2.5528624353343687e-15,0,True,0.03690196989127345,False,False,0.9432816000189632,0.00841840001521632,1.5900004655122757e-05,0.9517291999654844,1.955028805615593,-0.02574867722007137,0.012999278032588385,16.84874048493032,0.16146258626101004,0.0096757893792783,0.10326466422839947,-0.001581457966424317,0.015083609515721248,1.4324456695650412,0.033521682952253995,0.023962476355430865,0.558436013767564,0.019873999244513198,0.03690196989127345,10.15948071479048,0.0005192852095206035,0.23648413588228048,31.609279797588943,33969.53513041966,8.49166499001584,6.028727733510513,45,False,5,False,False,False,False,False,True,True,False,False,True,True,False,True
54.600000000000506,0.1,6.051223311470992,45,0.04724452836067028,optimal,20,success,0.0005200078122904347,0.0005200078122893359,0.0,1.0988389018140587e-15,0,True,0.03520932159079997,False,False,0.9593387999921106,0.006954499986022711,1.5900004655122757e-05,0.966321500018239,1.9295416185688414,-0.025487187046751424,0.013036732233071167,17.00987073931581,0.16113025438549022,0.009563341220051832,0.10168616999790468,-0.001578494230494787,0.015285908711265391,1.466081382871818,0.033635713306776754,0.02348131871346308,0.5780981669641906,0.019662153196626564,0.03520932159079997,10.15947999218771,0.0005200078122893359,0.23558579477814023,31.650851212634528,33959.35151605944,8.489117872605553,6.051223311470992,45,False,5,False,False,False,False,False,True,True,False,False,True,True,False,True
54.70000000000051,0.1,6.073745347617427,45,0.047149889096056996,optimal,20,success,0.0005207217546819482,0.0005207217546807641,0.0,1.1840571925714194e-15,0,True,0.033647610685387803,False,False,0.915515000000596,0.007230999995954335,1.5199999324977398e-05,0.922774099977687,1.9043133169459825,-0.025228301622858995,0.013074764172006332,17.17068427287636,0.16081353356055045,0.009454130253256636,0.10010981688263149,-0.0015763531152731929,0.015502138740260104,1.4998180649275117,0.033736682055693745,0.023011466109479545,0.597549789024138,0.019451622059947403,0.033647610685387803,10.15947927824532,0.0005207217546807641,0.2347063942370077,31.69236990755773,33949.17095632531,8.486571519215875,6.073745347617427,45,False,5,False,False,False,False,False,True,True,False,False,True,True,False,True
54.80000000000051,0.1,6.096296578543928,45,0.04706027781072422,optimal,20,success,0.000521427275206701,0.0005214272752063209,0.0,3.8012128167341785e-16,0,True,0.03220219535065396,False,False,0.9192951000295579,0.007248199952300638,1.610000617802143e-05,0.9265744000440463,1.8793413222741415,-0.024971994671841042,0.013113385517825161,17.33119636135981,0.16051208848344983,0.009348030977251294,0.09853481248825133,-0.0015750043943801558,0.015732766709849116,1.533643262769469,0.03382519784195728,0.02255286733300689,0.6167922040620354,0.019242415037897354,0.03220219535065396,10.159478572724794,0.0005214272752063209,0.23384554362606302,31.733836122392475,33938.99345030099,8.484025929617644,6.096296578543928,45,False,5,False,False,False,False,False,True,True,False,False,True,True,False,True
54.90000000000051,0.1,6.11887966205784,45,0.04697549474278073,optimal,20,success,0.0005221246087543261,0.0005221246087554476,0.0,1.1214987272190058e-15,0,True,0.030860539802618277,False,False,0.9442013999796472,0.0071650000172667205,1.6300007700920105e-05,0.9513962999917567,1.8546230821003493,-0.024718240173792216,0.013152608246745367,17.491421948444618,0.16022558708480789,0.00924492364774272,0.09696039348136093,-0.001574419006890402,0.01574419006890402,1.567545100379214,0.03390183760974515,0.022105425970133926,0.6358267444254365,0.019034540363401097,0.030860539802618277,10.159477875391245,0.0005221246087554476,0.23300278431242263,31.77525014523796,33928.81899707053,8.481481103581752,6.11887966205784,45,False,5,False,False,False,False,False,True,True,False,False,True,True,False,True
55.00000000000051,0.1,6.141497180208583,45,0.04689534848525658,optimal,20,success,0.0005228139856767809,0.000522813985675441,0.0,1.3398570447575864e-15,0,True,0.029611848699794656,False,False,0.9218422000412829,0.007445900002494454,1.5099998563528061e-05,0.9293181999819353,1.830156069737666,-0.024467012362683428,0.01319244465294516,17.651375649057,0.15995370061238406,0.009144693958206614,0.09538582448121466,-0.0015745690001462732,0.015745690001462732,1.601512248969615,0.03396714859040095,0.02166900881013488,0.6546547497806455,0.01882800535520903,0.029611848699794656,10.159477186014325,0.000522813985675441,0.2321776125019329,31.816612295314286,33918.647595718205,8.478937040879162,6.141497180208583,45,False,5,False,False,False,False,False,True,True,False,False,True,True,False,True
55.10000000000051,0.1,6.164151642158269,45,0.04681965554248011,optimal,20,success,0.0005234956311130116,0.000523495631112425,0.0,5.865533753146579e-16,0,True,0.0284467751543479,False,False,0.9440469000255689,0.007251299975905567,1.6400008462369442e-05,0.9513283999986015,1.805937784014056,-0.024218285723609873,0.013232907359141953,17.81107175279627,0.15969610373926763,0.009047232743460374,0.09381039700527613,-0.0015754274759385229,0.015754274759385227,1.6355338991097028,0.034021650140087914,0.021243452968890405,0.6732775662513815,0.01862281647073591,0.0284467751543479,10.159476504368888,0.000523495631112425,0.2313694966749043,31.857922910016992,33908.4792453286,8.47639374128091,6.164151642158269,45,False,5,False,False,False,False,False,True,True,False,False,True,True,False,True
55.200000000000514,0.1,6.186845486903812,45,0.046748239914823436,optimal,20,success,0.0005241697645070142,0.0005241697645086418,0.0,1.6276043013352393e-15,0,True,0.027357185622921422,False,False,0.9173514999565668,0.006924800050910562,1.4699995517730713e-05,0.9243035999825224,1.7819657490239982,-0.02397203499005786,0.013274009327594465,17.97052422747378,0.15945247467751117,0.008952435703509967,0.09223342846547085,-0.0015769685398052775,0.015769685398052773,1.6695997345518978,0.03406583544219488,0.020828571918159875,0.6916965456070693,0.018418979355687818,0.027357185622921422,10.159475830235492,0.0005241697645086418,0.23057789078561453,31.899182335105817,33898.31394498656,8.473851204558105,6.186845486903812,45,False,5,False,False,False,False,False,True,True,False,False,True,True,False,True
55.300000000000516,0.1,6.209581085859473,45,0.04668093270963413,optimal,20,success,0.0005248365992821724,0.0005248365992809312,0.0,1.2411946470614055e-15,0,True,0.02633596915642893,False,False,0.9164233999908902,0.007286400010343641,1.5099998563528061e-05,0.9237377000390552,1.7582375138828081,-0.02372823514118999,0.01331576387154815,18.129746722774385,0.15922249530060295,0.008860203146282159,0.09065426121224372,-0.0015791672532271253,0.01579167253227125,1.7036999076380521,0.03410017308615439,0.02042416058200111,0.7099130444977855,0.018216498890716214,0.02633596915642893,10.15947516340072,0.0005248365992809312,0.22980224415227155,31.940390917341286,33888.15169377722,8.471309430481908,6.209581085859473,45,False,5,False,False,False,False,False,True,True,False,False,True,True,False,True
55.40000000000052,0.1,6.232360745308125,45,0.046617571776360285,optimal,20,success,0.0005254963426409881,0.0005254963426430947,0.0,2.106604821139335e-15,0,True,0.02537688154196878,False,False,0.9098693000269122,0.007075999979861081,1.5700003132224083e-05,0.9169743999955244,1.7347506524836602,-0.0234868613991479,0.013358184667144675,18.288752574032227,0.15900585125784222,0.008770439746855417,0.0890722616237306,-0.0015819995885131242,0.015819995885131242,1.7378250161712567,0.03412510853320469,0.020029999637972924,0.7279284237331042,0.018015379235318714,0.02537688154196878,10.159474503657357,0.0005254963426430947,0.2290420087714245,31.981548999025463,33877.99249078597,8.468768418823569,6.232360745308125,45,False,5,False,False,False,False,False,True,True,False,False,True,True,False,True
55.50000000000052,0.1,6.255186708728898,45,0.04655800136409666,optimal,20,success,0.0005261491954645902,0.0005261491954637876,0.0,8.026348682910189e-16,0,True,0.024474417110701658,False,False,0.9150326000526547,0.007136100030038506,1.5300000086426735e-05,0.9221975999535061,1.7115027632572881,-0.02324788922637206,0.013401285765817594,18.447554806117388,0.1588022320851618,0.00868305432217621,0.08748681923753397,-0.0015854423861966236,0.015854423861966234,1.7719660816497942,0.0341410654785374,0.01964585914049986,0.7457440476022837,0.01781562386917957,0.024474417110701658,10.159473850804536,0.0005261491954637876,0.2282966446365993,32.02265691401727,33867.83633509847,8.466228169354391,6.255186708728898,45,False,5,False,False,False,False,False,True,True,False,False,True,True,False,True
55.60000000000052,0.1,6.2780611590083275,45,0.0465020717999115,optimal,20,success,0.000526795352290866,0.0005267953522949398,0.0,4.073781242897034e-15,0,True,0.0236237026467369,False,False,1.0207910999888554,0.007354600005783141,1.4699995517730713e-05,1.0281734999734908,1.6884914689343502,-0.023011294322937956,0.013445081607197321,18.606533554763452,0.15897874864606423,0.008617876478314912,0.08589734592276357,-0.0015894733147703965,0.015894733147703965,1.8061145287681857,0.03414844711839153,0.01927150156655229,0.7633612832334141,0.017617235631130358,0.0236237026467369,10.159473204647705,0.0005267953522949398,0.2275656235178287,32.063714984884385,33857.68322580069,8.46368868184576,6.2780611590083275,45,False,5,False,False,False,False,False,True,True,False,False,True,True,False,True
55.70000000000052,0.1,6.300985453164794,45,0.046448421318576204,optimal,20,success,0.0005274359698809138,0.000527435969884138,0.0,3.224200420537393e-15,0,True,0.022820693336542214,False,False,0.9042098000063561,0.006721700017806143,1.4599994756281376e-05,0.9109597000060603,1.6657144163104423,-0.022777052623907897,0.013489587032549873,18.76595831040137,0.1594247556379188,0.008568213695941474,0.08430348850281838,-0.0015938574199451869,0.01593857419945187,1.840263654737021,0.03414912596883536,0.018907508590900877,0.7807817169830732,0.017420433749659087,0.022820693336542214,10.159472564030116,0.000527435969884138,0.22684811292457788,32.104723756227614,33847.53316197884,8.461149956069114,6.300985453164794,45,False,5,False,False,False,False,False,True,True,False,False,True,True,False,True
55.80000000000052,0.1,6.323960365865669,45,0.04639609768172695,optimal,20,success,0.0005280718840365583,0.0005280718840374732,0.0,9.148497931432686e-16,0,True,0.02206169313031385,False,False,0.9502804999938235,0.01216860004933551,2.6899971999228e-05,0.962497899949085,1.6431692760137444,-0.022545140296697852,0.013534817298775226,18.925823657260278,0.15986534685890788,0.008518901311333493,0.08270505892173194,-0.001598429581086443,0.01598429581086443,1.874408072708931,0.03414441797190991,0.018554090270716805,0.7980070836249133,0.017225366641840118,0.02206169313031385,10.159471928115963,0.0005280718840374732,0.22614316916521152,32.145683851883476,33837.386142719406,8.458611991795975,6.323960365865669,45,False,5,False,False,False,False,False,True,True,False,False,True,True,False,True
55.900000000000524,0.1,6.346986667190648,45,0.046345076042606084,optimal,20,success,0.0005287031970811491,0.0005287031970784284,0.0,2.720696931635125e-15,0,True,0.021343191535825142,False,False,0.9424898999859579,0.00713400001404807,1.6300007700920105e-05,0.9496548000024632,1.6208537422752858,-0.022315533738458584,0.013580788092992511,19.08612443380165,0.1603007765413729,0.008469949812719443,0.08110187207937251,-0.0016031868423594187,0.016031868423594185,1.9085425525151163,0.03413447980618543,0.018210804948600983,0.8150391016576651,0.017032018032751756,0.021343191535825142,10.159471296802922,0.0005287031970784284,0.22545001396298706,32.186595770612975,33827.242167109165,8.456074788797915,6.346986667190648,45,False,5,False,False,False,False,False,True,True,False,False,True,True,False,True
56.000000000000526,0.1,6.3700651220308915,45,0.0462953309589465,optimal,20,success,0.0005293300015978244,0.0005293300015978275,0.0,3.144186300207963e-18,0,True,0.02066204179323919,False,False,0.9214934999472462,0.00717700005043298,1.5700003132224083e-05,0.9286995999864303,1.5987655327018155,-0.022088209573470248,0.013627515547740757,19.246855716388232,0.16073128258658365,0.008421368263843418,0.07949374596853283,-0.0016081261108396921,0.01608126110839692,1.9426620173412474,0.034119464826131256,0.01787723558019072,0.83187947363924,0.0168403719815748,0.02066204179323919,10.159470669998402,0.0005293300015978275,0.22476799786812182,32.22745991315997,33817.10123423516,8.45353834684659,6.3700651220308915,45,False,5,False,False,False,False,False,True,True,False,False,True,True,False,True
56.10000000000053,0.1,6.393196489532529,45,0.046246836476822546,optimal,20,success,0.0005299523824774944,0.0005299523824771057,0.0,3.8868647883605334e-16,0,True,0.020015414965145337,False,False,0.9276726999669336,0.007244100037496537,1.6000005416572094e-05,0.9349460999947041,1.5769023880512658,-0.021863144650549834,0.01367501625682564,19.408012804070783,0.16115708768254955,0.008373164430454383,0.07788050179886792,-0.0016132441696649034,0.016132441696649034,1.9767615403980006,0.03409952305675302,0.017552987988833008,0.8485298865051161,0.01665041286587607,0.020015414965145337,10.159470047617523,0.0005299523824771057,0.22409657180166873,32.26827660322694,33806.9633431847,8.451002665713723,6.393196489532529,45,False,5,False,False,False,False,False,True,True,False,False,True,True,False,True
56.20000000000053,0.1,6.416381522580871,45,0.04619956620683945,optimal,20,success,0.0005305704185332746,0.0005305704185349924,0.0,1.7178099220860332e-15,0,True,0.019400760808644817,False,False,0.9387615000014193,0.008272800012491643,1.4099990949034691e-05,0.947060699982103,1.5552620720107952,-0.021640316040470474,0.013723307291844204,19.56959120434793,0.16157840027714532,0.008325344892767933,0.07626196410873076,-0.0016185376901371642,0.016185376901371642,2.0108363415967263,0.03407480119872583,0.01723768927225548,0.8649920118721883,0.01646212536707229,0.019400760808644817,10.159469429581465,0.0005305704185349924,0.22343526502390634,32.30904610369465,33796.82849304538,8.448467745171103,6.416381522580871,45,False,5,False,False,False,False,False,True,True,False,False,True,True,False,True
56.30000000000053,0.1,6.439620967322093,45,0.0461534933935354,optimal,20,success,0.0005311841837684729,0.0005311841837709608,0.0,2.487918725202487e-15,0,True,0.018815774288731435,False,False,0.9189346999628469,0.007092499989084899,2.1099986042827368e-05,0.9260784999933094,1.5338423709774032,-0.021419701033391993,0.013772406219421595,19.731586619786174,0.16199541543824567,0.008277915146344695,0.07463796086584555,-0.0016240032428852169,0.016240032428852167,2.044881784239132,0.03404544264240553,0.01693098634539864,0.8812675063291311,0.016275494456942798,0.018815774288731435,10.15946881581623,0.0005311841837709608,0.22278366809263267,32.34976862914744,33786.69668290506,8.445933584990584,6.439620967322093,45,False,5,False,False,False,False,False,True,True,False,False,True,True,False,True
56.40000000000053,0.1,6.462915562719493,45,0.046108590978716495,optimal,20,success,0.0005317937483689489,0.0005317937483688695,0.0,7.936359902593892e-17,0,True,0.01815081847186419,False,False,0.9074280000058934,0.0070195000153034925,1.6000005416572094e-05,0.9144785000244156,1.5126410938411015,-0.021201277136301648,0.013822331119195551,19.894042324835013,0.1624557050488395,0.008233281396942219,0.0730083235574827,-0.001629637308362848,0.01629637308362848,2.0788933717285065,0.034011587489374454,0.01663254460552086,0.8972632328616635,0.015995726532532485,0.01815081847186419,10.159468206251631,0.0005317937483688695,0.2221414196915671,32.390444355532814,33776.56791185188,8.443400184944093,6.462915562719493,45,False,5,False,False,False,False,False,True,True,False,False,True,True,False,True
56.50000000000053,0.1,6.486265944860022,45,0.046064684761696686,optimal,20,success,0.0005323992914273799,0.0005323992914263442,0.0,1.0356299151581538e-15,0,True,0.01661965095366135,False,False,0.9013520000153221,0.007229999988339841,1.4999997802078724e-05,0.9086102999863215,1.4916560717706373,-0.02098502207046426,0.013873100602586614,20.057356230933415,0.16331390609840052,0.008209186621389926,0.07137291377131673,-0.0016354097861659743,0.01635409786165974,2.112866914590385,0.033973542861878384,0.016342128617029987,0.9121754346053782,0.014912201743714612,0.01661965095366135,10.159467600708574,0.0005323992914263442,0.22150816034098786,32.43107345425383,33766.442178974256,8.440867544803625,6.486265944860022,45,False,5,False,False,False,False,False,True,True,False,False,True,True,False,True
56.600000000000534,0.1,6.509671938487683,45,0.0460205152487529,optimal,20,success,0.000533001813024012,0.0005330018130251801,0.0,1.1681194206358825e-15,0,True,0.016410938109073833,False,False,0.9106420000316575,0.0073695999453775585,2.0900042727589607e-05,0.9180468000122346,1.4708851580017566,-0.020770913768880808,0.01392473383239419,20.22151117550642,0.16415494457300497,0.008184276266671545,0.06973181996040935,-0.0016410938109073835,0.016410938109073833,2.146799772010305,0.033932857419919825,0.016060101649373538,0.9260166376410939,0.013841203035715694,0.015173838836937788,10.159466998186975,0.0005330018130251801,0.22088326977602826,32.47165628587481,33756.319483360865,8.438335664341242,6.509671938487683,45,False,5,False,False,False,False,False,True,True,False,False,True,True,False,True
56.700000000000536,0.1,6.533133395549704,45,0.0459761290089501,optimal,20,success,0.0005336013329137097,0.0005336013329131362,0.0,5.735429492448318e-16,0,True,0.01646697767408215,False,False,0.9023970999987796,0.006940999999642372,1.4199991710484028e-05,0.909365399973467,1.4503262276280022,-0.020558930373754447,0.0139772505432609,20.38649050603771,0.16497933053128933,0.008158605412790452,0.06808512219300114,-0.001646697767408215,0.01646697767408215,2.1806893113142714,0.033889539303966355,0.01578607364590482,0.9387991870266102,0.012782549385516364,0.013803800996576299,10.159466398667087,0.0005336013329131362,0.22026625800141508,32.512193111324414,33746.199824100666,8.435804543329077,6.533133395549704,45,False,5,False,False,False,False,False,True,True,False,False,True,True,False,True
56.80000000000054,0.1,6.556650193539956,45,0.04593156927594359,optimal,20,success,0.0005341978647949684,0.000534197864793029,0.0,1.9394208461420703e-15,0,True,0.01652229505061064,False,False,0.9082122000399977,0.006876499974168837,1.4899997040629387e-05,0.9151170999975875,1.4299771773940393,-0.02034905023396298,0.014030671063050209,20.55227806220783,0.16578755617011914,0.00813222639379834,0.06643289268794007,-0.001652229505061064,0.01652229505061064,2.2145329121416766,0.033843600827405104,0.015519680245971414,0.9505352487315696,0.011736061704959284,0.012501141742708631,10.159465802135207,0.000534197864793029,0.21965673382976186,32.55268411513995,33736.08320028289,8.433274181539327,6.556650193539956,45,False,5,False,False,False,False,False,True,True,False,False,True,True,False,True
56.90000000000054,0.1,6.580222233906868,45,0.04588687611172699,optimal,20,success,0.0005347914183140858,0.000534791418314029,0.0,5.681219383824043e-17,0,True,0.016576963603461878,False,False,0.9076938999933191,0.006474100053310394,1.4199991710484028e-05,0.9141941999550909,1.4098359254915025,-0.020141251902536704,0.014085016335184946,20.718858158634,0.1665800964261693,0.008105188919786075,0.06477519632759389,-0.001657696360346188,0.016576963603461878,2.248327970266231,0.03379505812455451,0.01526058065755784,0.9612368117613757,0.010701563029806117,0.011258459950945206,10.159465208581686,0.000534791418314029,0.21905438070830238,32.5931294232339,33725.96961099705,8.430744578744257,6.580222233906868,45,False,5,False,False,False,False,False,True,True,False,False,True,True,False,True
57.00000000000054,0.1,6.603849440523613,45,0.0458420865635515,optimal,20,success,0.0005353820005932111,0.000535382000593998,0.0,7.869139367899791e-16,0,True,0.01663105178693767,False,False,0.912877699942328,0.007281700032763183,1.5600002370774746e-05,0.9201893999706954,1.389900411357362,-0.019935514134140478,0.014140307941997209,20.8862155681275,0.16735740949350159,0.008077540191265806,0.06311209114890012,-0.001663105178693767,0.01663105178693767,2.2820719010872996,0.033743930821068455,0.01500845573569622,0.970915690450602,0.0096788786892263,0.01006919270131849,10.159464617999406,0.000535382000593998,0.21845893828039592,32.63352911641698,33715.859055332905,8.428215734716206,6.603849440523613,45,False,5,False,False,False,False,False,True,True,False,False,True,True,False,True
57.10000000000054,0.1,6.627531758218533,45,0.045797234814402676,optimal,20,success,0.0005359696173859751,0.0005359696173865558,0.0,5.806986835832362e-16,0,True,0.016684623354578765,False,False,0.9111939000431448,0.007106799981556833,1.4699995517730713e-05,0.9183399000321515,1.370168595474803,-0.019731815882558956,0.014196568129143204,21.054335505414087,0.16811993728658547,0.008049325007596761,0.061443628813442244,-0.0016684623354578767,0.016684623354578765,2.3157621428126065,0.03369024172530692,0.014763006244130655,0.9795835269072294,0.008667836456627352,0.008927486229627836,10.159464030382614,0.0005359696173865558,0.21787018834935928,32.67388324066276,33705.75153238051,8.425687649227575,6.627531758218533,45,False,5,False,False,False,False,False,True,True,False,False,True,True,False,True
57.20000000000054,0.1,6.651269151363842,45,0.04575235232732639,optimal,20,success,0.0005365542739429015,0.0005365542739408369,0.0,2.064646197064146e-15,0,True,0.016737737562270903,False,False,0.9106465000077151,0.007098799978848547,2.640002639964223e-05,0.9177863000077195,1.3506384591766196,-0.019530136298183523,0.01425381983113966,21.223203611263184,0.16886810584909767,0.008020585869626402,0.05976985505721515,-0.0016737737562270904,0.016737737562270903,2.3493961593520196,0.03363401653941321,0.01452395128048991,0.987251793590489,0.007668266683259584,0.007828088644436546,10.15946344572606,0.0005365542739408369,0.21728794421680075,32.71419181487382,33695.6470412302,8.423160322050839,6.651269151363842,45,False,5,False,False,False,False,False,True,True,False,False,True,True,False,True
57.300000000000544,0.1,6.675061602520763,45,0.04570746798389626,optimal,20,success,0.0005371359756514974,0.0005371359756480842,0.0,3.4131768592016165e-15,0,True,0.016790449363882586,False,False,0.8987832000129856,0.006855799991171807,1.5099998563528061e-05,0.905667099985294,1.3313080044511196,-0.01933045472549996,0.014312086698082217,21.392805937010948,0.1696023257477643,0.007991363078557853,0.0580908101208269,-0.0016790449363882588,0.016790449363882586,2.382971442940918,0.03357528358889844,0.014291026847578889,0.9939317960060923,0.006680002415603306,0.006766260095926616,10.159462864024352,0.0005371359756480842,0.21671204260367413,32.75445483673457,33685.54558097256,8.42063375295854,6.675061602520763,45,False,5,False,False,False,False,False,True,True,False,False,True,True,False,True
57.400000000000546,0.1,6.6989091111392955,45,0.04566260821699388,optimal,20,success,0.0005377147285021199,0.0005377147284999495,0.0,2.1703559088814828e-15,0,True,0.01684280960368124,False,False,0.9584864000207745,0.013872399984393269,1.610000617802143e-05,0.9723878999939188,1.3121752537505444,-0.019132750700575157,0.014371393123609539,21.563128929441305,0.17032299243035626,0.007961694830115126,0.056406529160458775,-0.0016842809603681242,0.01684280960368124,2.416485516510633,0.033514073569715044,0.0140639845554985,0.9996346755042845,0.005702879498192256,0.005737697014129227,10.1594622852715,0.0005377147284999495,0.21614233754488363,32.79467228710109,33675.44715069847,8.418107941723282,6.6989091111392955,45,False,5,False,False,False,False,False,True,True,False,False,True,True,False,True
57.50000000000055,0.1,6.722811692310846,45,0.04561779713814364,optimal,20,success,0.0005382905394196781,0.0005382905394206716,0.0,9.935628708657163e-16,0,True,0.016894865204876378,False,False,0.936681299994234,0.007342600030824542,1.6000005416572094e-05,0.9440547999693081,1.2932382498020027,-0.018937003948541677,0.014431764274181138,21.73415941601972,0.17103048657841216,0.007931617305543029,0.05471704263997114,-0.0016894865204876378,0.016894865204876378,2.449935935822411,0.03345041931177792,0.013842590441046713,1.0043714121670915,0.004736736662806919,0.004738467741144917,10.15946170946058,0.0005382905394206716,0.21557869578939112,32.83484413327352,33665.35174949905,8.415582888117742,6.722811692310846,45,False,5,False,False,False,False,False,True,True,False,False,True,True,False,True
57.60000000000055,0.1,6.746769375572041,45,0.04557305665955353,optimal,20,success,0.0005388634164925517,0.0005388634164908979,0.0,1.6538419939093885e-15,0,True,0.016946659331188933,False,False,0.941630500019528,0.011797500017564744,1.92999723367393e-05,0.9534635999589227,1.2744950554209242,-0.01874319438107857,0.014493226119741036,21.905884590468,0.171725174448281,0.007901164759181189,0.053022376706852246,-0.0016946659331188935,0.016946659331188933,2.4833202913804473,0.03338435555803605,0.013626623892444505,1.0081528277692928,0.0037814156022013407,0.0037649574215203254,10.15946113658351,0.0005388634164908979,0.21502099334665656,32.87497033141651,33655.259376465736,8.413058591914668,6.746769375572041,45,False,5,False,False,False,False,False,True,True,False,False,True,True,False,True
57.70000000000055,0.1,6.7707822037579914,45,0.04552840661101965,optimal,20,success,0.0005394333691232098,0.0005394333691217668,0.0,1.4430730915782064e-15,0,True,0.01699823157826288,False,False,1.0064702999661677,0.007756400038488209,1.610000617802143e-05,1.0142572000040673,1.2559437533270374,-0.01855130209388679,0.014555805465843803,22.07829199866816,0.1724074082001607,0.007870369602658323,0.05132255354902596,-0.0016998231578262881,0.01699823157826288,2.516636210138662,0.0333159187582149,0.013415876668770338,1.0109895888056255,0.0028367610363326974,0.0028138204428881154,10.159460566630878,0.0005394333691217668,0.21446911290415968,32.91505082833076,33645.1700306902,8.410535052886875,6.7707822037579914,45,False,5,False,False,False,False,False,True,True,False,False,True,True,False,True
57.80000000000055,0.1,6.794850231903393,45,0.04548386485188609,optimal,20,success,0.0005400004081195916,0.0005400004081224097,0.0,2.818058286724323e-15,0,True,0.017049618120415107,False,False,1.0689588999957778,0.00809250003658235,1.580000389367342e-05,1.077083800046239,1.2375824459628797,-0.018361307364157687,0.014619529987324641,22.251369524901392,0.1730775262332315,0.007839262486594169,0.04961759173698445,-0.001704961812041511,0.017049618120415107,2.5498813570150514,0.033245146876389096,0.013210152004670293,1.012892209568418,0.0019026207627926561,0.0018819390267316165,10.159459999591878,0.0005400004081224097,0.21392294190534256,32.95508556273104,33635.08371126441,8.408012270807241,6.794850231903393,45,False,5,False,False,False,False,False,True,True,False,False,True,True,False,True
57.90000000000055,0.1,6.81897352618979,45,0.04543944737816036,optimal,20,success,0.0005405645457420762,0.0005405645457425834,0.0,5.07189776288719e-16,0,True,0.017100851889856033,False,False,0.9153097000089474,0.007075699977576733,1.5900004655122757e-05,0.9224144000327215,1.219409255314847,-0.018173190648032626,0.014684428263600077,22.42510537840837,0.17373585350697987,0.007807872378936181,0.04790750654799884,-0.0017100851889856033,0.017100851889856033,2.5830534362266886,0.033172079211637104,0.013009263791970732,1.0138710552702512,0.0009788457018332294,0.0009663868401656525,10.159459435454258,0.0005405645457425834,0.21338237112696665,32.99507446614971,33625.00041728059,8.405490245448718,6.81897352618979,45,False,5,False,False,False,False,False,True,True,False,False,True,True,False,True
58.000000000000554,0.1,6.843152162937436,45,0.04539516842498615,optimal,20,success,0.0005411257957175081,0.000541125795717079,0.0,4.2912721986976265e-16,0,True,0.01715196270714067,False,False,0.9940079000080004,0.007542500039562583,1.569994492456317e-05,1.001580299984198,1.201422322736795,-0.017986932578051985,0.014750529815691636,22.59948808028096,0.17438270187258909,0.007776226641079265,0.04619231027728478,-0.001715196270714067,0.01715196270714067,2.6161501924576926,0.0330967562310041,0.012813035830707272,1.0139363451970074,6.528992675608122e-05,6.4396676891696e-05,10.159458874204283,0.000541125795717079,0.2128472936330018,33.035017463555675,33614.92014783126,8.402968976584322,6.843152162937436,45,False,5,False,False,False,False,False,True,True,False,False,True,True,False,True
58.100000000000556,0.1,6.867386227640125,45,0.0453510405645609,optimal,20,success,0.0005416841732291669,0.000541684173226642,0.0,2.5248900192842427e-15,0,True,0.017202977448327873,False,False,0.9274861000012606,0.007238699996378273,2.6500027161091566e-05,0.9347642999491654,1.1836198087762035,-0.017802513960591418,0.014817865145070684,22.774506450667136,0.17501837038617554,0.00774435110054049,0.04447201253245199,-0.0017202977448327874,0.017202977448327873,2.6491694118717986,0.033019219414105835,0.012621301142915865,1.013098155888007,-0.00083818930900037,0.0008266685704392126,10.159458315826774,0.000541684173226642,0.21231760401139202,33.07491447375832,33604.84290200917,8.400448463987141,6.867386227640125,45,False,5,False,False,False,False,False,True,True,False,False,True,True,False,True
58.20000000000056,0.1,6.891675814041484,45,0.045307074799707525,optimal,20,success,0.0005422396948894929,0.000542239694890867,0.0,1.3741178334081283e-15,0,True,0.01725392017875924,False,False,0.9295217000180855,0.007372499967459589,1.810002140700817e-05,0.9369283000123687,1.16599989300292,-0.017619915773283416,0.014886465774429224,22.950149596306066,0.17564314563893013,0.007712270121831114,0.04274662051457607,-0.001725392017875924,0.01725392017875924,2.6821089229804547,0.032939511108656006,0.012433901343207132,1.0113664243319418,-0.0017317315560651143,0.0017093423238414705,10.15945776030511,0.000542239694890867,0.2117931978224558,33.11476540964816,33594.76867890739,8.397928707430323,6.891675814041484,45,False,5,False,False,False,False,False,True,True,False,False,True,True,False,True
58.30000000000056,0.1,6.916021023251163,45,0.04526328065318177,optimal,20,success,0.0005427923787008467,0.0005427923786971434,0.0,3.7033093605587375e-15,0,True,0.017304812285832537,False,False,0.9345715999952517,0.0073025000165216625,1.550000160932541e-05,0.9419080000370741,1.1485607738404984,-0.017439119162421798,0.014956364290488081,23.126406898380168,0.1762573020741005,0.007680006674225337,0.04101613928599281,-0.0017304812285832537,0.017304812285832537,2.7149665973767902,0.032857674396335475,0.012250686060811752,1.008750951172046,-0.002615473159895715,0.0025860786921252264,10.159457207621303,0.0005427923786971434,0.21127397120478164,33.15457017831423,33584.69747761922,8.395409706687095,6.916021023251163,45,False,5,False,False,False,False,False,True,True,False,False,True,True,False,True
58.40000000000056,0.1,6.940421962899445,45,0.0452196662528897,optimal,20,success,0.0005433422440074792,0.0005433422440059843,0.0,1.4948979554230135e-15,0,True,0.01735567261673114,False,False,0.9259889000095427,0.006654999975580722,1.4700053725391626e-05,0.9326719000237063,1.1313006684001516,-0.017260105440346816,0.015027594388961556,23.303268000688426,0.1768611023082598,0.007647582397274502,0.0392805720243197,-0.001735567261673114,0.01735567261673114,2.747740350345154,0.03277375296836388,0.012071512408303656,1.0052614039152743,-0.003489547256771707,0.003459275307465413,10.159456657755994,0.0005433422440059843,0.21075982060304535,33.19432868106398,33574.62929723827,8.39289146153075,6.940421962899445,45,False,6,False,False,False,False,True,True,True,False,False,True,True,False,True
58.50000000000056,0.1,6.9648787463287976,45,0.04517623841313916,optimal,20,success,0.0005438893114461245,0.0005438893114444454,0.0,1.6791039045283007e-15,0,True,0.01740651760237831,False,False,0.9183816000004299,0.007343399978708476,1.5600002370774746e-05,0.9257546000299044,1.1142178123173436,-0.0170828560828081,0.015100190921805179,23.480722798127086,0.17745479743865925,0.007615017663334467,0.037539920264081865,-0.0017406517602378312,0.01740651760237831,2.7804281413553706,0.03268779101021657,0.011896244492719458,1.0009073201385383,-0.004354083776735983,0.004331295083823745,10.159456110688556,0.0005438893114444454,0.21025064255828135,33.23404081338901,33564.5641368584,8.390373971734638,6.9648787463287976,45,False,6,False,False,False,False,True,True,True,False,False,True,True,False,True
58.60000000000056,0.1,6.989391491820944,45,0.04513300271209673,optimal,20,success,0.0005444336028883588,0.0005444336028865848,0.0,1.7739715946207824e-15,0,True,0.01745736137589625,False,False,0.914397899992764,0.0067128000082448125,1.4699995517730713e-05,0.9211380000342615,1.0973104595910401,-0.016907352726303535,0.015174189946882757,23.65876142548977,0.17803862736268522,0.0075823316383125255,0.03579418412649224,-0.001745736137589625,0.01745736137589625,2.8130279744502786,0.03259983309490787,0.011724752965209338,0.9956981106865841,-0.005209209451954237,0.005204487315801843,10.159455566397114,0.0005444336028865848,0.20974633359648956,33.27370646485024,33554.50199557373,8.387857237072193,6.989391491820944,45,False,5,False,False,False,False,False,True,True,False,False,True,True,False,True
58.700000000000564,0.1,7.013960321858044,45,0.045089963565544136,optimal,20,success,0.0005449751413862861,0.0005449751413859616,0.0,3.245017102249115e-16,0,True,0.017508215888495042,False,False,0.9200756999780424,0.006289400043897331,1.379998866468668e-05,0.9263909999863245,1.08057688242565,-0.016733577165389975,0.015249628780196318,23.837374246580854,0.17861282109108137,0.007549542339889579,0.034043362537642737,-0.0017508215888495044,0.017508215888495042,2.8455378985346416,0.032509924084362735,0.011556914605769542,0.989643062857017,-0.006055047829567093,0.006081208515492544,10.159455024858614,0.0005449751413859616,0.20924679013564584,33.31332551894051,33544.442872478685,8.385341257316906,7.013960321858044,45,False,5,False,False,False,False,False,True,True,False,False,True,True,False,True
58.800000000000566,0.1,7.038585362416607,45,0.04504712429707921,optimal,20,success,0.0005455139511174976,0.0005455139511187923,0.0,1.2947542343821894e-15,0,True,0.01755909102525683,False,False,0.9071261999779381,0.007122199982404709,1.7400016076862812e-05,0.9142791999620385,1.0640153710756863,-0.01656151134996378,0.015326546050834387,24.016551843626566,0.17917759704571046,0.007516666692910233,0.032287453435117054,-0.0017559091025256832,0.01755909102525683,2.877956007573016,0.032418109038374554,0.011392611939931924,0.9827513435687505,-0.006891719288266471,0.006963843376389314,10.159454486048881,0.0005455139511187923,0.2087519084307267,33.35289785290999,33534.38676666795,8.382826032242335,7.038585362416607,45,False,5,False,False,False,False,False,True,True,False,False,True,True,False,True
58.90000000000057,0.1,7.06326674229283,45,0.04500448720492816,optimal,20,success,0.0005460500573315308,0.0005460500573306604,0.0,8.70397504071363e-16,0,True,0.017609994703061613,False,False,0.9503168000373989,0.007096499961335212,1.6300007700920105e-05,0.9574430999928154,1.047624233693179,-0.016391137382507356,0.015404981758803378,24.196285006993545,0.17973316336697978,0.007483720583089316,0.030526453964810893,-0.0017609994703061613,0.017609994703061613,2.9102804407036658,0.03232443313064945,0.01123173288458592,0.9750320025083425,-0.007719341060407951,0.007854826259891983,10.15945394994267,0.0005460500573306604,0.2082615845397835,33.39242333756654,33524.33367723646,8.380311561622113,7.06326674229283,45,False,5,False,False,False,False,False,True,True,False,False,True,True,False,True
59.00000000000057,0.1,7.088004592458041,45,0.04496205362545816,optimal,20,success,0.0005465834862985214,0.0005465834863009889,0.0,2.467427304142511e-15,0,True,0.01766093297597744,False,False,0.9199386000400409,0.007394499960355461,1.5400000847876072e-05,0.9273623999906704,1.0314017961778805,-0.01622243751529848,0.01548497733591909,24.37656472520723,0.1802797182136866,0.007450718908360505,0.028760360667213148,-0.001766093297597744,0.01766093297597744,2.9425093822751975,0.032228941571531736,0.01107417042040774,0.9664939752522754,-0.008538027256067112,0.008756663611145481,10.1594534165137,0.0005465834863009889,0.20777571430366262,33.43190183705551,33514.28360327944,8.377797845229937,7.088004592458041,45,False,5,False,False,False,False,False,True,True,False,False,True,True,False,True
59.10000000000057,0.1,7.11279904544298,45,0.04491982399353039,optimal,20,success,0.0005471142652605468,0.0005471142652631045,0.0,2.557632924893305e-15,0,True,0.017711910137641677,False,False,0.922104999946896,0.007159000029787421,1.4599994756281376e-05,0.9292921999585815,1.015346402030302,-0.016055394147578467,0.015566575709947161,24.557382175257874,0.1808174500506442,0.007417675627758375,0.02698916965344898,-0.0017711910137641678,0.017711910137641677,2.9746410618121786,0.03213167953698114,0.01091982228859926,0.9571460863623192,-0.00934788888995618,0.009671957745537092,10.159452885734737,0.0005471142652631045,0.2072941933338518,33.471333208623,33504.23654389238,8.375284882839573,7.11279904544298,45,False,5,False,False,False,False,False,True,True,False,False,True,True,False,True
59.20000000000057,0.1,7.137650234749726,45,0.044877797899838666,optimal,20,success,0.0005476424223860166,0.0005476424223846976,0.0,1.3189319428286161e-15,0,True,0.017762928803738334,False,False,0.9081202000379562,0.0070658999611623585,1.550000160932541e-05,0.9152183000114746,0.9994564122076267,-0.01588998982267534,0.01564982137219522,24.738728713200498,0.18134653794262492,0.007384603808680215,0.025212876773075148,-0.0017762928803738334,0.017762928803738334,3.006673753915565,0.03203269210338602,0.010768590709855735,0.9469970524493242,-0.010149033912995018,0.010603432493327033,10.159452357577615,0.0005476424223846976,0.20681691700438068,33.51071730236461,33494.192498171054,8.372772674224855,7.137650234749726,45,False,5,False,False,False,False,False,True,True,False,False,True,True,False,True
59.30000000000057,0.1,7.1625582942900365,45,0.044835974145320666,optimal,20,success,0.0005481679867280053,0.0005481679867287426,0.0,7.37257477290143e-16,0,True,0.017813990008626723,False,False,0.916026699997019,0.007258799974806607,1.680001150816679e-05,0.9233155999681912,0.983730204982549,-0.0157262072250777,0.01573476044877357,24.920595865031107,0.18186715183060953,0.00735151567160223,0.023431477772212474,-0.0017813990008626723,0.017813990008626723,3.0386057781034315,0.03193202418786667,0.010620382123694623,0.936055485205381,-0.010941567243943275,0.011553961245860141,10.159451832013271,0.0005481679867287426,0.2063437804447597,33.55005396096159,33484.1514652115,8.370261219159687,7.1625582942900365,45,False,5,False,False,False,False,False,True,True,False,False,True,True,False,True
59.400000000000574,0.1,7.18752335784897,45,0.04479435079279737,optimal,19,success,0.0005486909881853358,0.0005486909881859958,0.0,6.600622826091751e-16,0,True,0.017865093286605592,False,False,0.9016982999746688,0.007025300001259893,1.4499993994832039e-05,0.9087511000107042,0.9681661758050941,-0.015564029177454959,0.01582144077575727,25.102975317846433,0.1823794528153254,0.007318422633354547,0.021644968443551914,-0.0017865093286605592,0.017865093286605592,3.070435498597114,0.03182972049368245,0.010475106946432914,0.9243298944008992,-0.011725590804481809,0.012526598038052289,10.159451309011814,0.0005486909881859958,0.20587467853112698,33.589343019405455,33474.113444110015,8.36775051741803,7.18752335784897,45,False,5,False,False,False,False,False,True,True,False,False,True,True,False,True
59.500000000000576,0.1,7.212545558572667,45,0.044752925215918435,optimal,19,success,0.0005492114574629752,0.0005492114574643381,0.0,1.362842130814279e-15,0,True,0.01791623675194776,False,False,0.9059497999842279,0.006785899982787669,1.5199999324977398e-05,0.9127638000063598,0.9527627371674763,-0.01540343863761784,0.015909911978497764,25.285858911267745,0.18288359342131388,0.0072853353479297184,0.019853344768357137,-0.001791623675194776,0.01791623675194776,3.1021613240575556,0.031725825460441344,0.010332679346280654,0.9118286908451952,-0.012501203555703902,0.013524612404542545,10.159450788542536,0.0005492114574643381,0.20540950587651305,33.628584304709825,33464.07843396318,8.365240568773924,7.212545558572667,45,False,5,False,False,False,False,False,True,True,False,False,True,True,False,True
59.60000000000058,0.1,7.237625028479204,45,0.04471169414556141,optimal,19,success,0.0005497294260494739,0.000549729426047918,0.0,1.5559385377339474e-15,0,True,0.017967417175941865,False,False,0.9160517000127584,0.007396500033792108,1.680001150816679e-05,0.9234788999892771,0.9375183184720604,-0.015244418695415892,0.016000225555353804,25.469238629136843,0.18337971786909718,0.007252263746017365,0.01805660305076295,-0.0017967417175941865,0.017967417175941865,3.133781707276317,0.031620383218761455,0.01019301703413758,0.8985601893092051,-0.013268501535990112,0.014551528888273112,10.159450270573952,0.000549729426047918,0.20494815681555947,33.66777763561243,33454.04643386784,8.362731373001473,7.237625028479204,45,False,5,False,False,False,False,False,True,True,False,False,True,True,False,True
59.70000000000058,0.1,7.262761897991464,45,0.044670653713752284,optimal,19,success,0.0005502449261825572,0.0005502449261829412,0.0,3.8402440949436567e-16,0,True,0.0180186300683576,False,False,0.9193625999614596,0.007140200003050268,1.6900012269616127e-05,0.9265332999639213,0.9224313659024955,-0.015086952569564858,0.016092434966127517,25.653106591461153,0.18386796232431035,0.007219217072078675,0.016254740043927192,-0.0018018630068357602,0.0180186300683576,3.165295144825439,0.031513437549122204,0.010056041068831074,0.8845326114101062,-0.014027577899098902,0.015611172257567987,10.159449755073817,0.0005502449261829412,0.20449052538462398,33.706922822265355,33444.01744292112,8.36022292987486,7.262761897991464,45,False,5,False,False,False,False,False,True,True,False,False,True,True,False,True
59.80000000000058,0.1,7.2879562954910035,45,0.04462979949526427,optimal,19,success,0.0005507579908268991,0.0005507579908279325,0.0,1.0334615108131828e-15,0,True,0.018069869731989128,False,False,0.9392321999766864,0.006657699996139854,1.5199999324977398e-05,0.9459183000144549,0.9075003422980974,-0.014931023604398134,0.016186595725514823,25.837455046620658,0.18434845515950488,0.007186203920458771,0.014447753070728278,-0.001806986973198913,0.018069869731989128,3.1967001766700234,0.03140503184458414,0.009921675675623631,0.8697540884539567,-0.014778522956149447,0.016707719721706798,10.159449242009172,0.0005507579908279325,0.20403650529675826,33.74601966591325,33433.991460220415,8.35771523916831,7.2879562954910035,45,False,5,False,False,False,False,False,True,True,False,False,True,True,False,True
59.90000000000058,0.1,7.31320834689195,45,0.04458912654693136,optimal,19,success,0.0005512686536538558,0.0005512686536537359,0.0,1.199127602768968e-16,0,True,0.018121129338861865,False,False,0.9810331000480801,0.006166199978906661,1.4099990949034691e-05,0.9872262999997474,0.8927237270315614,-0.01477661526653595,0.016282765501902257,26.02227636381146,0.18482131719080336,0.007153232269095968,0.012635640136842092,-0.0018121129338861865,0.018121129338861865,3.2279953857471826,0.03129520907715904,0.009789848076950089,0.8542326642386934,-0.015521424215263344,0.017845761717376535,10.159448731346346,0.0005512686536537359,0.20358598991090865,33.78506795855899,33423.96848486338,8.35520830065614,7.31320834689195,45,False,5,False,False,False,False,False,True,True,False,False,True,True,False,True
60.0,0.09999999999941878,7.338518175233796,45,0.04454862944482985,optimal,19,success,0.0005517769490249326,0.0005517769490257507,0.0,8.181389593575616e-16,0,True,0.019030373226929378,False,False,1.0118615999817848,0.006659700011368841,1.4899997040629387e-05,1.0185489000286907,0.8781000158901814,-0.014623711141380108,0.016381004221772074,26.20756302573016,0.1852866619187003,0.007120309512059979,0.010818400037659836,-0.0018172400991822548,0.018172400991822546,3.259179397514539,0.031184011767356315,0.009660488334353108,0.8379762978155968,-0.016256366423096583,0.019030373226929378,10.159448223050974,0.0005517769490257507,0.20313887219500737,33.82406748261593,33413.94851594801,8.352702114112738,7.338518175233796,45,False,5,False,False,False,False,False,True,True,False,False,True,True,False,True
